"[1, 1, 1, 0, 0, 0, 0, 0, 0, 0, 0, 0, 0, 0, 0, 0, 0, 0, 0, 0, 0]",90,44,803,693,0,0,0,0,0,22,0,0,0,0,1,1,1,0.0021898329996474786
"[1, 1, 0, 1, 0, 0, 0, 0, 0, 0, 0, 0, 0, 0, 0, 0, 0, 0, 0, 0, 0]",90,44,803,693,0,0,0,0,0,22,0,0,0,0,1,1,1,0.0024889579999580747
"[1, 1, 0, 0, 1, 0, 0, 0, 0, 0, 0, 0, 0, 0, 0, 0, 0, 0, 0, 0, 0]",90,44,803,693,0,0,0,0,0,22,0,0,0,0,1,1,1,0.010090791000038735
"[1, 1, 0, 0, 0, 1, 0, 0, 0, 0, 0, 0, 0, 0, 0, 0, 0, 0, 0, 0, 0]",8,44,113,0,0,0,0,0,0,22,0,0,0,0,1,1,1,0.022664042000542395
"[1, 1, 0, 0, 0, 0, 1, 0, 0, 0, 0, 0, 0, 0, 0, 0, 0, 0, 0, 0, 0]",8,44,113,0,0,0,0,0,0,22,0,0,0,0,1,1,1,0.03115304199855018
"[1, 1, 0, 0, 0, 0, 0, 1, 0, 0, 0, 0, 0, 0, 0, 0, 0, 0, 0, 0, 0]",90,44,803,693,0,0,0,0,0,22,0,0,0,0,1,1,1,0.008528707998266327
"[1, 1, 0, 0, 0, 0, 0, 0, 1, 0, 0, 0, 0, 0, 0, 0, 0, 0, 0, 0, 0]",90,44,803,693,0,0,0,0,0,22,0,0,0,0,1,1,1,0.005843749999257852
"[1, 1, 0, 0, 0, 0, 0, 0, 0, 1, 0, 0, 0, 0, 0, 0, 0, 0, 0, 0, 0]",90,44,803,693,0,0,0,0,0,22,0,0,0,0,1,1,1,0.0020950829984940356
"[1, 1, 0, 0, 0, 0, 0, 0, 0, 0, 1, 0, 0, 0, 0, 0, 0, 0, 0, 0, 0]",90,44,803,693,0,0,0,0,0,22,0,0,0,0,1,1,1,0.0024473329995089443
"[1, 1, 0, 0, 0, 0, 0, 0, 0, 0, 0, 1, 0, 0, 0, 0, 0, 0, 0, 0, 0]",90,44,803,693,0,0,0,0,0,22,0,0,0,0,1,1,1,0.0020833750004385365
"[1, 1, 0, 0, 0, 0, 0, 0, 0, 0, 0, 0, 1, 0, 0, 0, 0, 0, 0, 0, 0]",90,44,803,693,0,0,0,0,0,22,0,0,0,0,1,1,1,3.8849483340000006
"[1, 1, 0, 0, 0, 0, 0, 0, 0, 0, 0, 0, 0, 1, 0, 0, 0, 0, 0, 0, 0]",90,44,803,693,0,0,0,0,0,22,0,0,0,0,1,1,1,0.00308249999943655
"[1, 1, 0, 0, 0, 0, 0, 0, 0, 0, 0, 0, 0, 0, 1, 0, 0, 0, 0, 0, 0]",90,44,803,693,0,0,0,0,0,22,0,0,0,0,1,1,1,0.0039003330002742587
"[1, 1, 0, 0, 0, 0, 0, 0, 0, 0, 0, 0, 0, 0, 0, 1, 0, 0, 0, 0, 0]",90,44,803,693,0,0,0,0,0,22,0,0,0,0,1,1,1,0.0022585829992749495
"[1, 1, 0, 0, 0, 0, 0, 0, 0, 0, 0, 0, 0, 0, 0, 0, 1, 0, 0, 0, 0]",90,44,803,693,0,0,0,0,0,22,0,0,0,0,1,1,1,0.002200332999564125
"[1, 1, 0, 0, 0, 0, 0, 0, 0, 0, 0, 0, 0, 0, 0, 0, 0, 1, 0, 0, 0]",90,44,803,693,0,0,0,0,0,22,0,0,0,0,1,1,1,0.0020380840014695423
"[1, 1, 0, 0, 0, 0, 0, 0, 0, 0, 0, 0, 0, 0, 0, 0, 0, 0, 1, 0, 0]",90,44,803,693,0,0,0,0,0,22,0,0,0,0,1,1,1,0.002081458000247949
"[1, 1, 0, 0, 0, 0, 0, 0, 0, 0, 0, 0, 0, 0, 0, 0, 0, 0, 0, 1, 0]",90,44,803,693,0,0,0,0,0,22,0,0,0,0,1,1,1,0.0019453330005489988
"[1, 1, 0, 0, 0, 0, 0, 0, 0, 0, 0, 0, 0, 0, 0, 0, 0, 0, 0, 0, 1]",90,44,803,693,0,0,0,0,0,22,0,0,0,0,1,1,1,0.005480917001477792
"[1, 0, 1, 1, 0, 0, 0, 0, 0, 0, 0, 0, 0, 0, 0, 0, 0, 0, 0, 0, 0]",106,44,1155,693,0,0,0,0,0,22,0,0,0,0,1,1,1,0.0029565000004367903
"[1, 0, 1, 0, 1, 0, 0, 0, 0, 0, 0, 0, 0, 0, 0, 0, 0, 0, 0, 0, 0]",106,44,1155,693,0,0,0,0,0,22,0,0,0,0,1,1,1,0.012798249999832478
"[1, 0, 1, 0, 0, 1, 0, 0, 0, 0, 0, 0, 0, 0, 0, 0, 0, 0, 0, 0, 0]",24,44,465,0,0,0,0,0,0,22,0,0,0,0,1,1,1,0.025931500000297092
"[1, 0, 1, 0, 0, 0, 1, 0, 0, 0, 0, 0, 0, 0, 0, 0, 0, 0, 0, 0, 0]",24,44,465,0,0,0,0,0,0,22,0,0,0,0,1,1,1,0.03311112499977753
"[1, 0, 1, 0, 0, 0, 0, 1, 0, 0, 0, 0, 0, 0, 0, 0, 0, 0, 0, 0, 0]",106,44,1155,693,0,0,0,0,0,22,0,0,0,0,1,1,1,0.008649749999676715
"[1, 0, 1, 0, 0, 0, 0, 0, 1, 0, 0, 0, 0, 0, 0, 0, 0, 0, 0, 0, 0]",106,44,1152,693,0,0,0,0,0,22,0,0,0,0,1,1,1,0.006244666999918991
"[1, 0, 1, 0, 0, 0, 0, 0, 0, 1, 0, 0, 0, 0, 0, 0, 0, 0, 0, 0, 0]",106,44,1155,693,0,0,0,0,0,22,0,0,0,0,1,1,1,0.0018766249995678663
"[1, 0, 1, 0, 0, 0, 0, 0, 0, 0, 1, 0, 0, 0, 0, 0, 0, 0, 0, 0, 0]",106,44,1155,693,0,0,0,0,0,22,0,0,0,0,1,1,1,0.002418209000097704
"[1, 0, 1, 0, 0, 0, 0, 0, 0, 0, 0, 1, 0, 0, 0, 0, 0, 0, 0, 0, 0]",106,44,1155,693,0,0,0,0,0,22,0,0,0,0,1,1,1,0.002294000001711538
"[1, 0, 1, 0, 0, 0, 0, 0, 0, 0, 0, 0, 1, 0, 0, 0, 0, 0, 0, 0, 0]",105,44,1133,693,0,0,0,0,0,22,0,0,0,0,1,1,1,4.504983667000488
"[1, 0, 1, 0, 0, 0, 0, 0, 0, 0, 0, 0, 0, 1, 0, 0, 0, 0, 0, 0, 0]",106,44,1155,693,0,0,0,0,0,22,0,0,0,0,1,1,1,0.00286933300048986
"[1, 0, 1, 0, 0, 0, 0, 0, 0, 0, 0, 0, 0, 0, 1, 0, 0, 0, 0, 0, 0]",106,44,1155,693,0,0,0,0,0,22,0,0,0,0,1,1,1,0.00370900000052643
"[1, 0, 1, 0, 0, 0, 0, 0, 0, 0, 0, 0, 0, 0, 0, 1, 0, 0, 0, 0, 0]",106,44,1155,693,0,0,0,0,0,22,0,0,0,0,1,1,1,0.001792042001397931
"[1, 0, 1, 0, 0, 0, 0, 0, 0, 0, 0, 0, 0, 0, 0, 0, 1, 0, 0, 0, 0]",106,44,1155,693,0,0,0,0,0,22,0,0,0,0,1,1,1,0.0018314159988221945
"[1, 0, 1, 0, 0, 0, 0, 0, 0, 0, 0, 0, 0, 0, 0, 0, 0, 1, 0, 0, 0]",106,44,1155,693,0,0,0,0,0,22,0,0,0,0,1,1,1,0.0018522080008551711
"[1, 0, 1, 0, 0, 0, 0, 0, 0, 0, 0, 0, 0, 0, 0, 0, 0, 0, 1, 0, 0]",102,44,1067,693,0,0,0,0,0,22,0,0,0,0,1,1,1,0.001954457999090664
"[1, 0, 1, 0, 0, 0, 0, 0, 0, 0, 0, 0, 0, 0, 0, 0, 0, 0, 0, 1, 0]",106,44,1155,693,0,0,0,0,0,22,0,0,0,0,1,1,1,0.0017859170002338942
"[1, 0, 1, 0, 0, 0, 0, 0, 0, 0, 0, 0, 0, 0, 0, 0, 0, 0, 0, 0, 1]",106,44,1155,693,0,0,0,0,0,22,0,0,0,0,1,1,1,0.006652124999163789
"[1, 0, 0, 1, 1, 0, 0, 0, 0, 0, 0, 0, 0, 0, 0, 0, 0, 0, 0, 0, 0]",106,44,1155,693,0,0,0,0,0,22,0,0,0,0,1,1,1,0.013108457998896483
"[1, 0, 0, 1, 0, 1, 0, 0, 0, 0, 0, 0, 0, 0, 0, 0, 0, 0, 0, 0, 0]",24,44,465,0,0,0,0,0,0,22,0,0,0,0,1,1,1,0.024625208001452847
"[1, 0, 0, 1, 0, 0, 1, 0, 0, 0, 0, 0, 0, 0, 0, 0, 0, 0, 0, 0, 0]",24,44,465,0,0,0,0,0,0,22,0,0,0,0,1,1,1,0.031863166999755776
"[1, 0, 0, 1, 0, 0, 0, 1, 0, 0, 0, 0, 0, 0, 0, 0, 0, 0, 0, 0, 0]",106,44,1155,693,0,0,0,0,0,22,0,0,0,0,1,1,1,0.0075847499992960365
"[1, 0, 0, 1, 0, 0, 0, 0, 1, 0, 0, 0, 0, 0, 0, 0, 0, 0, 0, 0, 0]",106,44,1152,693,0,0,0,0,0,22,0,0,0,0,1,1,1,0.006041040998752578
"[1, 0, 0, 1, 0, 0, 0, 0, 0, 1, 0, 0, 0, 0, 0, 0, 0, 0, 0, 0, 0]",106,44,1155,693,0,0,0,0,0,22,0,0,0,0,1,1,1,0.002275167000334477
"[1, 0, 0, 1, 0, 0, 0, 0, 0, 0, 1, 0, 0, 0, 0, 0, 0, 0, 0, 0, 0]",106,44,1155,693,0,0,0,0,0,22,0,0,0,0,1,1,1,0.0026197499992122175
"[1, 0, 0, 1, 0, 0, 0, 0, 0, 0, 0, 1, 0, 0, 0, 0, 0, 0, 0, 0, 0]",106,44,1155,693,0,0,0,0,0,22,0,0,0,0,1,1,1,0.00236087499979476
"[1, 0, 0, 1, 0, 0, 0, 0, 0, 0, 0, 0, 1, 0, 0, 0, 0, 0, 0, 0, 0]",105,44,1133,693,0,0,0,0,0,22,0,0,0,0,1,1,1,4.499779625000883
"[1, 0, 0, 1, 0, 0, 0, 0, 0, 0, 0, 0, 0, 1, 0, 0, 0, 0, 0, 0, 0]",106,44,1155,693,0,0,0,0,0,22,0,0,0,0,1,1,1,0.003018332999999984
"[1, 0, 0, 1, 0, 0, 0, 0, 0, 0, 0, 0, 0, 0, 1, 0, 0, 0, 0, 0, 0]",106,44,1155,693,0,0,0,0,0,22,0,0,0,0,1,1,1,0.004339625000284286
"[1, 0, 0, 1, 0, 0, 0, 0, 0, 0, 0, 0, 0, 0, 0, 1, 0, 0, 0, 0, 0]",106,44,1155,693,0,0,0,0,0,22,0,0,0,0,1,1,1,0.0023447500007023336
"[1, 0, 0, 1, 0, 0, 0, 0, 0, 0, 0, 0, 0, 0, 0, 0, 1, 0, 0, 0, 0]",106,44,1155,693,0,0,0,0,0,22,0,0,0,0,1,1,1,0.0033196659987879684
"[1, 0, 0, 1, 0, 0, 0, 0, 0, 0, 0, 0, 0, 0, 0, 0, 0, 1, 0, 0, 0]",106,44,1155,693,0,0,0,0,0,22,0,0,0,0,1,1,1,0.0023972910003067227
"[1, 0, 0, 1, 0, 0, 0, 0, 0, 0, 0, 0, 0, 0, 0, 0, 0, 0, 1, 0, 0]",102,44,1067,693,0,0,0,0,0,22,0,0,0,0,1,1,1,0.0026924579997285036
"[1, 0, 0, 1, 0, 0, 0, 0, 0, 0, 0, 0, 0, 0, 0, 0, 0, 0, 0, 1, 0]",106,44,1155,693,0,0,0,0,0,22,0,0,0,0,1,1,1,0.00234137500046927
"[1, 0, 0, 1, 0, 0, 0, 0, 0, 0, 0, 0, 0, 0, 0, 0, 0, 0, 0, 0, 1]",106,44,1155,693,0,0,0,0,0,22,0,0,0,0,1,1,1,0.007240334000016446
"[1, 0, 0, 0, 1, 1, 0, 0, 0, 0, 0, 0, 0, 0, 0, 0, 0, 0, 0, 0, 0]",24,44,465,0,0,0,0,0,0,22,0,0,0,0,1,1,1,0.03603070900135208
"[1, 0, 0, 0, 1, 0, 1, 0, 0, 0, 0, 0, 0, 0, 0, 0, 0, 0, 0, 0, 0]",24,44,465,0,0,0,0,0,0,22,0,0,0,0,1,1,1,0.04379183300079603
"[1, 0, 0, 0, 1, 0, 0, 1, 0, 0, 0, 0, 0, 0, 0, 0, 0, 0, 0, 0, 0]",106,44,1155,693,0,0,0,0,0,22,0,0,0,0,1,1,1,0.01814254100099788
"[1, 0, 0, 0, 1, 0, 0, 0, 1, 0, 0, 0, 0, 0, 0, 0, 0, 0, 0, 0, 0]",106,44,1152,693,0,0,0,0,0,22,0,0,0,0,1,1,1,0.016993625000395696
"[1, 0, 0, 0, 1, 0, 0, 0, 0, 1, 0, 0, 0, 0, 0, 0, 0, 0, 0, 0, 0]",106,44,1155,693,0,0,0,0,0,22,0,0,0,0,1,1,1,0.012420000000929576
"[1, 0, 0, 0, 1, 0, 0, 0, 0, 0, 1, 0, 0, 0, 0, 0, 0, 0, 0, 0, 0]",106,44,1155,693,0,0,0,0,0,22,0,0,0,0,1,1,1,0.012619500001164852
"[1, 0, 0, 0, 1, 0, 0, 0, 0, 0, 0, 1, 0, 0, 0, 0, 0, 0, 0, 0, 0]",106,44,1155,693,0,0,0,0,0,22,0,0,0,0,1,1,1,0.013734916999965208
"[1, 0, 0, 0, 1, 0, 0, 0, 0, 0, 0, 0, 1, 0, 0, 0, 0, 0, 0, 0, 0]",105,44,1133,693,0,0,0,0,0,22,0,0,0,0,1,1,1,4.624772541999846
"[1, 0, 0, 0, 1, 0, 0, 0, 0, 0, 0, 0, 0, 1, 0, 0, 0, 0, 0, 0, 0]",106,44,1155,693,0,0,0,0,0,22,0,0,0,0,1,1,1,0.012817333999919356
"[1, 0, 0, 0, 1, 0, 0, 0, 0, 0, 0, 0, 0, 0, 1, 0, 0, 0, 0, 0, 0]",106,44,1155,693,0,0,0,0,0,22,0,0,0,0,1,1,1,0.01493425000080606
"[1, 0, 0, 0, 1, 0, 0, 0, 0, 0, 0, 0, 0, 0, 0, 1, 0, 0, 0, 0, 0]",106,44,1155,693,0,0,0,0,0,22,0,0,0,0,1,1,1,0.012432042000000365
"[1, 0, 0, 0, 1, 0, 0, 0, 0, 0, 0, 0, 0, 0, 0, 0, 1, 0, 0, 0, 0]",106,44,1155,693,0,0,0,0,0,22,0,0,0,0,1,1,1,0.012490208000599523
"[1, 0, 0, 0, 1, 0, 0, 0, 0, 0, 0, 0, 0, 0, 0, 0, 0, 1, 0, 0, 0]",106,44,1155,693,0,0,0,0,0,22,0,0,0,0,1,1,1,0.01227445800032001
"[1, 0, 0, 0, 1, 0, 0, 0, 0, 0, 0, 0, 0, 0, 0, 0, 0, 0, 1, 0, 0]",102,44,1067,693,0,0,0,0,0,22,0,0,0,0,1,1,1,0.012619666998944012
"[1, 0, 0, 0, 1, 0, 0, 0, 0, 0, 0, 0, 0, 0, 0, 0, 0, 0, 0, 1, 0]",106,44,1155,693,0,0,0,0,0,22,0,0,0,0,1,1,1,0.012372167000648915
"[1, 0, 0, 0, 1, 0, 0, 0, 0, 0, 0, 0, 0, 0, 0, 0, 0, 0, 0, 0, 1]",106,44,1155,693,0,0,0,0,0,22,0,0,0,0,1,1,1,0.017258583000511862
"[1, 0, 0, 0, 0, 1, 1, 0, 0, 0, 0, 0, 0, 0, 0, 0, 0, 0, 0, 0, 0]",24,44,465,0,0,0,0,0,0,22,0,0,0,0,1,1,1,0.029364042000452173
"[1, 0, 0, 0, 0, 1, 0, 1, 0, 0, 0, 0, 0, 0, 0, 0, 0, 0, 0, 0, 0]",24,44,465,0,0,0,0,0,0,22,0,0,0,0,1,1,1,0.026090040999406483
"[1, 0, 0, 0, 0, 1, 0, 0, 1, 0, 0, 0, 0, 0, 0, 0, 0, 0, 0, 0, 0]",24,44,465,0,0,0,0,0,0,22,0,0,0,0,1,1,1,0.02621208399978059
"[1, 0, 0, 0, 0, 1, 0, 0, 0, 1, 0, 0, 0, 0, 0, 0, 0, 0, 0, 0, 0]",24,44,465,0,0,0,0,0,0,22,0,0,0,0,1,1,1,0.02564445800089743
"[1, 0, 0, 0, 0, 1, 0, 0, 0, 0, 1, 0, 0, 0, 0, 0, 0, 0, 0, 0, 0]",24,44,465,0,0,0,0,0,0,22,0,0,0,0,1,1,1,0.02432970799964096
"[1, 0, 0, 0, 0, 1, 0, 0, 0, 0, 0, 1, 0, 0, 0, 0, 0, 0, 0, 0, 0]",24,44,465,0,0,0,0,0,0,22,0,0,0,0,1,1,1,0.02416954100044677
"[1, 0, 0, 0, 0, 1, 0, 0, 0, 0, 0, 0, 1, 0, 0, 0, 0, 0, 0, 0, 0]",23,44,443,0,0,0,0,0,0,22,0,0,0,0,1,1,1,0.3496267499995156
"[1, 0, 0, 0, 0, 1, 0, 0, 0, 0, 0, 0, 0, 1, 0, 0, 0, 0, 0, 0, 0]",24,44,465,0,0,0,0,0,0,22,0,0,0,0,1,1,1,0.024490292000336922
"[1, 0, 0, 0, 0, 1, 0, 0, 0, 0, 0, 0, 0, 0, 1, 0, 0, 0, 0, 0, 0]",24,44,465,0,0,0,0,0,0,22,0,0,0,0,1,1,1,0.025776750000659376
"[1, 0, 0, 0, 0, 1, 0, 0, 0, 0, 0, 0, 0, 0, 0, 1, 0, 0, 0, 0, 0]",24,44,465,0,0,0,0,0,0,22,0,0,0,0,1,1,1,0.0239796669993666
"[1, 0, 0, 0, 0, 1, 0, 0, 0, 0, 0, 0, 0, 0, 0, 0, 1, 0, 0, 0, 0]",24,44,465,0,0,0,0,0,0,22,0,0,0,0,1,1,1,0.023988458000530954
"[1, 0, 0, 0, 0, 1, 0, 0, 0, 0, 0, 0, 0, 0, 0, 0, 0, 1, 0, 0, 0]",24,44,465,0,0,0,0,0,0,22,0,0,0,0,1,1,1,0.024025374999837368
"[1, 0, 0, 0, 0, 1, 0, 0, 0, 0, 0, 0, 0, 0, 0, 0, 0, 0, 1, 0, 0]",20,44,377,0,0,0,0,0,0,22,0,0,0,0,1,1,1,0.02402287499899103
"[1, 0, 0, 0, 0, 1, 0, 0, 0, 0, 0, 0, 0, 0, 0, 0, 0, 0, 0, 1, 0]",24,44,465,0,0,0,0,0,0,22,0,0,0,0,1,1,1,0.025001792000693968
"[1, 0, 0, 0, 0, 1, 0, 0, 0, 0, 0, 0, 0, 0, 0, 0, 0, 0, 0, 0, 1]",24,44,465,0,0,0,0,0,0,22,0,0,0,0,1,1,1,0.026389083999674767
"[1, 0, 0, 0, 0, 0, 1, 1, 0, 0, 0, 0, 0, 0, 0, 0, 0, 0, 0, 0, 0]",24,44,465,0,0,0,0,0,0,22,0,0,0,0,1,1,1,0.03281641700050386
"[1, 0, 0, 0, 0, 0, 1, 0, 1, 0, 0, 0, 0, 0, 0, 0, 0, 0, 0, 0, 0]",24,44,465,0,0,0,0,0,0,22,0,0,0,0,1,1,1,0.035004125000341446
"[1, 0, 0, 0, 0, 0, 1, 0, 0, 1, 0, 0, 0, 0, 0, 0, 0, 0, 0, 0, 0]",24,44,465,0,0,0,0,0,0,22,0,0,0,0,1,1,1,0.031419540999195306
"[1, 0, 0, 0, 0, 0, 1, 0, 0, 0, 1, 0, 0, 0, 0, 0, 0, 0, 0, 0, 0]",24,44,465,0,0,0,0,0,0,22,0,0,0,0,1,1,1,0.0318259579998994
"[1, 0, 0, 0, 0, 0, 1, 0, 0, 0, 0, 1, 0, 0, 0, 0, 0, 0, 0, 0, 0]",24,44,465,0,0,0,0,0,0,22,0,0,0,0,1,1,1,0.031187708000288694
"[1, 0, 0, 0, 0, 0, 1, 0, 0, 0, 0, 0, 1, 0, 0, 0, 0, 0, 0, 0, 0]",23,44,443,0,0,0,0,0,0,22,0,0,0,0,1,1,1,0.34385341699999117
"[1, 0, 0, 0, 0, 0, 1, 0, 0, 0, 0, 0, 0, 1, 0, 0, 0, 0, 0, 0, 0]",24,44,465,0,0,0,0,0,0,22,0,0,0,0,1,1,1,0.031527583001661696
"[1, 0, 0, 0, 0, 0, 1, 0, 0, 0, 0, 0, 0, 0, 1, 0, 0, 0, 0, 0, 0]",24,44,465,0,0,0,0,0,0,22,0,0,0,0,1,1,1,0.03343283300091571
"[1, 0, 0, 0, 0, 0, 1, 0, 0, 0, 0, 0, 0, 0, 0, 1, 0, 0, 0, 0, 0]",24,44,465,0,0,0,0,0,0,22,0,0,0,0,1,1,1,0.03152429100009613
"[1, 0, 0, 0, 0, 0, 1, 0, 0, 0, 0, 0, 0, 0, 0, 0, 1, 0, 0, 0, 0]",24,44,465,0,0,0,0,0,0,22,0,0,0,0,1,1,1,0.03148758300085319
"[1, 0, 0, 0, 0, 0, 1, 0, 0, 0, 0, 0, 0, 0, 0, 0, 0, 1, 0, 0, 0]",24,44,465,0,0,0,0,0,0,22,0,0,0,0,1,1,1,0.031215209000947652
"[1, 0, 0, 0, 0, 0, 1, 0, 0, 0, 0, 0, 0, 0, 0, 0, 0, 0, 1, 0, 0]",20,44,377,0,0,0,0,0,0,22,0,0,0,0,1,1,1,0.031116583999391878
"[1, 0, 0, 0, 0, 0, 1, 0, 0, 0, 0, 0, 0, 0, 0, 0, 0, 0, 0, 1, 0]",24,44,465,0,0,0,0,0,0,22,0,0,0,0,1,1,1,0.03177470800073934
"[1, 0, 0, 0, 0, 0, 1, 0, 0, 0, 0, 0, 0, 0, 0, 0, 0, 0, 0, 0, 1]",24,44,465,0,0,0,0,0,0,22,0,0,0,0,1,1,1,0.03333533300065028
"[1, 0, 0, 0, 0, 0, 0, 1, 1, 0, 0, 0, 0, 0, 0, 0, 0, 0, 0, 0, 0]",106,44,1152,693,0,0,0,0,0,22,0,0,0,0,1,1,1,0.01157499999862921
"[1, 0, 0, 0, 0, 0, 0, 1, 0, 1, 0, 0, 0, 0, 0, 0, 0, 0, 0, 0, 0]",106,44,1155,693,0,0,0,0,0,22,0,0,0,0,1,1,1,0.007294875000297907
"[1, 0, 0, 0, 0, 0, 0, 1, 0, 0, 1, 0, 0, 0, 0, 0, 0, 0, 0, 0, 0]",106,44,1155,693,0,0,0,0,0,22,0,0,0,0,1,1,1,0.007746291001240024
"[1, 0, 0, 0, 0, 0, 0, 1, 0, 0, 0, 1, 0, 0, 0, 0, 0, 0, 0, 0, 0]",106,44,1155,693,0,0,0,0,0,22,0,0,0,0,1,1,1,0.00734379200002877
"[1, 0, 0, 0, 0, 0, 0, 1, 0, 0, 0, 0, 1, 0, 0, 0, 0, 0, 0, 0, 0]",105,44,1133,693,0,0,0,0,0,22,0,0,0,0,1,1,1,4.511473417000161
"[1, 0, 0, 0, 0, 0, 0, 1, 0, 0, 0, 0, 0, 1, 0, 0, 0, 0, 0, 0, 0]",106,44,1155,693,0,0,0,0,0,22,0,0,0,0,1,1,1,0.007813666999936686
"[1, 0, 0, 0, 0, 0, 0, 1, 0, 0, 0, 0, 0, 0, 1, 0, 0, 0, 0, 0, 0]",106,44,1155,693,0,0,0,0,0,22,0,0,0,0,1,1,1,0.008844291998684639
"[1, 0, 0, 0, 0, 0, 0, 1, 0, 0, 0, 0, 0, 0, 0, 1, 0, 0, 0, 0, 0]",106,44,1155,693,0,0,0,0,0,22,0,0,0,0,1,1,1,0.007013541999185691
"[1, 0, 0, 0, 0, 0, 0, 1, 0, 0, 0, 0, 0, 0, 0, 0, 1, 0, 0, 0, 0]",106,44,1155,693,0,0,0,0,0,22,0,0,0,0,1,1,1,0.006968125000639702
"[1, 0, 0, 0, 0, 0, 0, 1, 0, 0, 0, 0, 0, 0, 0, 0, 0, 1, 0, 0, 0]",106,44,1155,693,0,0,0,0,0,22,0,0,0,0,1,1,1,0.006907416000103694
"[1, 0, 0, 0, 0, 0, 0, 1, 0, 0, 0, 0, 0, 0, 0, 0, 0, 0, 1, 0, 0]",102,44,1067,693,0,0,0,0,0,22,0,0,0,0,1,1,1,0.007077082998875994
"[1, 0, 0, 0, 0, 0, 0, 1, 0, 0, 0, 0, 0, 0, 0, 0, 0, 0, 0, 1, 0]",106,44,1155,693,0,0,0,0,0,22,0,0,0,0,1,1,1,0.006958292000490474
"[1, 0, 0, 0, 0, 0, 0, 1, 0, 0, 0, 0, 0, 0, 0, 0, 0, 0, 0, 0, 1]",106,44,1155,693,0,0,0,0,0,22,0,0,0,0,1,1,1,0.011809625000751112
"[1, 0, 0, 0, 0, 0, 0, 0, 1, 1, 0, 0, 0, 0, 0, 0, 0, 0, 0, 0, 0]",106,44,1152,693,0,0,0,0,0,22,0,0,0,0,1,1,1,0.0056455419999110745
"[1, 0, 0, 0, 0, 0, 0, 0, 1, 0, 1, 0, 0, 0, 0, 0, 0, 0, 0, 0, 0]",106,44,1152,693,0,0,0,0,0,22,0,0,0,0,1,1,1,0.0059970420006720815
"[1, 0, 0, 0, 0, 0, 0, 0, 1, 0, 0, 1, 0, 0, 0, 0, 0, 0, 0, 0, 0]",106,44,1152,693,0,0,0,0,0,22,0,0,0,0,1,1,1,0.00586045799900603
"[1, 0, 0, 0, 0, 0, 0, 0, 1, 0, 0, 0, 1, 0, 0, 0, 0, 0, 0, 0, 0]",105,44,1130,693,0,0,0,0,0,22,0,0,0,0,1,1,1,4.4860733750010695
"[1, 0, 0, 0, 0, 0, 0, 0, 1, 0, 0, 0, 0, 1, 0, 0, 0, 0, 0, 0, 0]",106,44,1152,693,0,0,0,0,0,22,0,0,0,0,1,1,1,0.0062180829991120845
"[1, 0, 0, 0, 0, 0, 0, 0, 1, 0, 0, 0, 0, 0, 1, 0, 0, 0, 0, 0, 0]",106,44,1152,693,0,0,0,0,0,22,0,0,0,0,1,1,1,0.007582665999507299
"[1, 0, 0, 0, 0, 0, 0, 0, 1, 0, 0, 0, 0, 0, 0, 1, 0, 0, 0, 0, 0]",106,44,1152,693,0,0,0,0,0,22,0,0,0,0,1,1,1,0.005782750000435044
"[1, 0, 0, 0, 0, 0, 0, 0, 1, 0, 0, 0, 0, 0, 0, 0, 1, 0, 0, 0, 0]",106,44,1152,693,0,0,0,0,0,22,0,0,0,0,1,1,1,0.005775583000286133
"[1, 0, 0, 0, 0, 0, 0, 0, 1, 0, 0, 0, 0, 0, 0, 0, 0, 1, 0, 0, 0]",106,44,1152,693,0,0,0,0,0,22,0,0,0,0,1,1,1,0.005826709000757546
"[1, 0, 0, 0, 0, 0, 0, 0, 1, 0, 0, 0, 0, 0, 0, 0, 0, 0, 1, 0, 0]",102,44,1067,693,0,0,0,0,0,22,0,0,0,0,1,1,1,0.005945541999608395
"[1, 0, 0, 0, 0, 0, 0, 0, 1, 0, 0, 0, 0, 0, 0, 0, 0, 0, 0, 1, 0]",106,44,1152,693,0,0,0,0,0,22,0,0,0,0,1,1,1,0.005823333000080311
"[1, 0, 0, 0, 0, 0, 0, 0, 1, 0, 0, 0, 0, 0, 0, 0, 0, 0, 0, 0, 1]",106,44,1152,693,0,0,0,0,0,22,0,0,0,0,1,1,1,0.01059329199961212
"[1, 0, 0, 0, 0, 0, 0, 0, 0, 1, 1, 0, 0, 0, 0, 0, 0, 0, 0, 0, 0]",106,44,1155,693,0,0,0,0,0,22,0,0,0,0,1,1,1,0.0019851670003845356
"[1, 0, 0, 0, 0, 0, 0, 0, 0, 1, 0, 1, 0, 0, 0, 0, 0, 0, 0, 0, 0]",106,44,1155,693,0,0,0,0,0,22,0,0,0,0,1,1,1,0.0017196249991684454
"[1, 0, 0, 0, 0, 0, 0, 0, 0, 1, 0, 0, 1, 0, 0, 0, 0, 0, 0, 0, 0]",105,44,1133,693,0,0,0,0,0,22,0,0,0,0,1,1,1,4.477308749999793
"[1, 0, 0, 0, 0, 0, 0, 0, 0, 1, 0, 0, 0, 1, 0, 0, 0, 0, 0, 0, 0]",106,44,1155,693,0,0,0,0,0,22,0,0,0,0,1,1,1,0.0021425830000225687
"[1, 0, 0, 0, 0, 0, 0, 0, 0, 1, 0, 0, 0, 0, 1, 0, 0, 0, 0, 0, 0]",106,44,1155,693,0,0,0,0,0,22,0,0,0,0,1,1,1,0.003418415999476565
"[1, 0, 0, 0, 0, 0, 0, 0, 0, 1, 0, 0, 0, 0, 0, 1, 0, 0, 0, 0, 0]",106,44,1155,693,0,0,0,0,0,22,0,0,0,0,1,1,1,0.001667874999839114
"[1, 0, 0, 0, 0, 0, 0, 0, 0, 1, 0, 0, 0, 0, 0, 0, 1, 0, 0, 0, 0]",106,44,1155,693,0,0,0,0,0,22,0,0,0,0,1,1,1,0.0016433749988209456
"[1, 0, 0, 0, 0, 0, 0, 0, 0, 1, 0, 0, 0, 0, 0, 0, 0, 1, 0, 0, 0]",106,44,1155,693,0,0,0,0,0,22,0,0,0,0,1,1,1,0.001632166999115725
"[1, 0, 0, 0, 0, 0, 0, 0, 0, 1, 0, 0, 0, 0, 0, 0, 0, 0, 1, 0, 0]",102,44,1067,693,0,0,0,0,0,22,0,0,0,0,1,1,1,0.0017697499988571508
"[1, 0, 0, 0, 0, 0, 0, 0, 0, 1, 0, 0, 0, 0, 0, 0, 0, 0, 0, 1, 0]",106,44,1155,693,0,0,0,0,0,22,0,0,0,0,1,1,1,0.0016534169990336522
"[1, 0, 0, 0, 0, 0, 0, 0, 0, 1, 0, 0, 0, 0, 0, 0, 0, 0, 0, 0, 1]",106,44,1155,693,0,0,0,0,0,22,0,0,0,0,1,1,1,0.0064408340003865305
"[1, 0, 0, 0, 0, 0, 0, 0, 0, 0, 1, 1, 0, 0, 0, 0, 0, 0, 0, 0, 0]",106,44,1155,693,0,0,0,0,0,22,0,0,0,0,1,1,1,0.002008207999097067
"[1, 0, 0, 0, 0, 0, 0, 0, 0, 0, 1, 0, 1, 0, 0, 0, 0, 0, 0, 0, 0]",105,44,1133,693,0,0,0,0,0,22,0,0,0,0,1,1,1,4.463780124999175
"[1, 0, 0, 0, 0, 0, 0, 0, 0, 0, 1, 0, 0, 1, 0, 0, 0, 0, 0, 0, 0]",106,44,1155,693,0,0,0,0,0,22,0,0,0,0,1,1,1,0.0024715419986023335
"[1, 0, 0, 0, 0, 0, 0, 0, 0, 0, 1, 0, 0, 0, 1, 0, 0, 0, 0, 0, 0]",106,44,1155,693,0,0,0,0,0,22,0,0,0,0,1,1,1,0.0038305419984681066
"[1, 0, 0, 0, 0, 0, 0, 0, 0, 0, 1, 0, 0, 0, 0, 1, 0, 0, 0, 0, 0]",106,44,1155,693,0,0,0,0,0,22,0,0,0,0,1,1,1,0.001960957999472157
"[1, 0, 0, 0, 0, 0, 0, 0, 0, 0, 1, 0, 0, 0, 0, 0, 1, 0, 0, 0, 0]",106,44,1155,693,0,0,0,0,0,22,0,0,0,0,1,1,1,0.00204370800020115
"[1, 0, 0, 0, 0, 0, 0, 0, 0, 0, 1, 0, 0, 0, 0, 0, 0, 1, 0, 0, 0]",106,44,1155,693,0,0,0,0,0,22,0,0,0,0,1,1,1,0.0020217500004946487
"[1, 0, 0, 0, 0, 0, 0, 0, 0, 0, 1, 0, 0, 0, 0, 0, 0, 0, 1, 0, 0]",102,44,1067,693,0,0,0,0,0,22,0,0,0,0,1,1,1,0.0021341670017136494
"[1, 0, 0, 0, 0, 0, 0, 0, 0, 0, 1, 0, 0, 0, 0, 0, 0, 0, 0, 1, 0]",106,44,1155,693,0,0,0,0,0,22,0,0,0,0,1,1,1,0.0019884169996657874
"[1, 0, 0, 0, 0, 0, 0, 0, 0, 0, 1, 0, 0, 0, 0, 0, 0, 0, 0, 0, 1]",106,44,1155,693,0,0,0,0,0,22,0,0,0,0,1,1,1,0.006795208000767161
"[1, 0, 0, 0, 0, 0, 0, 0, 0, 0, 0, 1, 1, 0, 0, 0, 0, 0, 0, 0, 0]",105,44,1133,693,0,0,0,0,0,22,0,0,0,0,1,1,1,4.51144820799891
"[1, 0, 0, 0, 0, 0, 0, 0, 0, 0, 0, 1, 0, 1, 0, 0, 0, 0, 0, 0, 0]",106,44,1155,693,0,0,0,0,0,22,0,0,0,0,1,1,1,0.0022105420011939714
"[1, 0, 0, 0, 0, 0, 0, 0, 0, 0, 0, 1, 0, 0, 1, 0, 0, 0, 0, 0, 0]",106,44,1155,693,0,0,0,0,0,22,0,0,0,0,1,1,1,0.0035425829992163926
"[1, 0, 0, 0, 0, 0, 0, 0, 0, 0, 0, 1, 0, 0, 0, 1, 0, 0, 0, 0, 0]",106,44,1155,693,0,0,0,0,0,22,0,0,0,0,1,1,1,0.0017370000005030306
"[1, 0, 0, 0, 0, 0, 0, 0, 0, 0, 0, 1, 0, 0, 0, 0, 1, 0, 0, 0, 0]",106,44,1155,693,0,0,0,0,0,22,0,0,0,0,1,1,1,0.001716457998554688
"[1, 0, 0, 0, 0, 0, 0, 0, 0, 0, 0, 1, 0, 0, 0, 0, 0, 1, 0, 0, 0]",106,44,1155,693,0,0,0,0,0,22,0,0,0,0,1,1,1,0.0016979170013655676
"[1, 0, 0, 0, 0, 0, 0, 0, 0, 0, 0, 1, 0, 0, 0, 0, 0, 0, 1, 0, 0]",102,44,1067,693,0,0,0,0,0,22,0,0,0,0,1,1,1,0.001853625000876491
"[1, 0, 0, 0, 0, 0, 0, 0, 0, 0, 0, 1, 0, 0, 0, 0, 0, 0, 0, 1, 0]",106,44,1155,693,0,0,0,0,0,22,0,0,0,0,1,1,1,0.001737999999022577
"[1, 0, 0, 0, 0, 0, 0, 0, 0, 0, 0, 1, 0, 0, 0, 0, 0, 0, 0, 0, 1]",106,44,1155,693,0,0,0,0,0,22,0,0,0,0,1,1,1,0.00684870800068893
"[1, 0, 0, 0, 0, 0, 0, 0, 0, 0, 0, 0, 1, 1, 0, 0, 0, 0, 0, 0, 0]",105,44,1133,693,0,0,0,0,0,22,0,0,0,0,1,1,1,4.4497787920008705
"[1, 0, 0, 0, 0, 0, 0, 0, 0, 0, 0, 0, 1, 0, 1, 0, 0, 0, 0, 0, 0]",105,44,1133,693,0,0,0,0,0,22,0,0,0,0,1,1,1,4.508392249999815
"[1, 0, 0, 0, 0, 0, 0, 0, 0, 0, 0, 0, 1, 0, 0, 1, 0, 0, 0, 0, 0]",105,44,1133,693,0,0,0,0,0,22,0,0,0,0,1,1,1,4.482118584001
"[1, 0, 0, 0, 0, 0, 0, 0, 0, 0, 0, 0, 1, 0, 0, 0, 1, 0, 0, 0, 0]",105,44,1133,693,0,0,0,0,0,22,0,0,0,0,1,1,1,4.488475750000362
"[1, 0, 0, 0, 0, 0, 0, 0, 0, 0, 0, 0, 1, 0, 0, 0, 0, 1, 0, 0, 0]",105,44,1133,693,0,0,0,0,0,22,0,0,0,0,1,1,1,4.469698041999436
"[1, 0, 0, 0, 0, 0, 0, 0, 0, 0, 0, 0, 1, 0, 0, 0, 0, 0, 1, 0, 0]",102,44,1067,693,0,0,0,0,0,22,0,0,0,0,1,1,1,4.481024624999918
"[1, 0, 0, 0, 0, 0, 0, 0, 0, 0, 0, 0, 1, 0, 0, 0, 0, 0, 0, 1, 0]",105,44,1133,693,0,0,0,0,0,22,0,0,0,0,1,1,1,4.459257916998467
"[1, 0, 0, 0, 0, 0, 0, 0, 0, 0, 0, 0, 1, 0, 0, 0, 0, 0, 0, 0, 1]",105,44,1133,693,0,0,0,0,0,22,0,0,0,0,1,1,1,4.479729667000356
"[1, 0, 0, 0, 0, 0, 0, 0, 0, 0, 0, 0, 0, 1, 1, 0, 0, 0, 0, 0, 0]",106,44,1155,693,0,0,0,0,0,22,0,0,0,0,1,1,1,0.004025958000056562
"[1, 0, 0, 0, 0, 0, 0, 0, 0, 0, 0, 0, 0, 1, 0, 1, 0, 0, 0, 0, 0]",106,44,1155,693,0,0,0,0,0,22,0,0,0,0,1,1,1,0.0020887080008833436
"[1, 0, 0, 0, 0, 0, 0, 0, 0, 0, 0, 0, 0, 1, 0, 0, 1, 0, 0, 0, 0]",106,44,1155,693,0,0,0,0,0,22,0,0,0,0,1,1,1,0.002059417000054964
"[1, 0, 0, 0, 0, 0, 0, 0, 0, 0, 0, 0, 0, 1, 0, 0, 0, 1, 0, 0, 0]",106,44,1155,693,0,0,0,0,0,22,0,0,0,0,1,1,1,0.002049917000476853
"[1, 0, 0, 0, 0, 0, 0, 0, 0, 0, 0, 0, 0, 1, 0, 0, 0, 0, 1, 0, 0]",102,44,1067,693,0,0,0,0,0,22,0,0,0,0,1,1,1,0.0021611249994748505
"[1, 0, 0, 0, 0, 0, 0, 0, 0, 0, 0, 0, 0, 1, 0, 0, 0, 0, 0, 1, 0]",106,44,1155,693,0,0,0,0,0,22,0,0,0,0,1,1,1,0.002043374999630032
"[1, 0, 0, 0, 0, 0, 0, 0, 0, 0, 0, 0, 0, 1, 0, 0, 0, 0, 0, 0, 1]",106,44,1155,693,0,0,0,0,0,22,0,0,0,0,1,1,1,0.006789041999581968
"[1, 0, 0, 0, 0, 0, 0, 0, 0, 0, 0, 0, 0, 0, 1, 1, 0, 0, 0, 0, 0]",106,44,1155,693,0,0,0,0,0,22,0,0,0,0,1,1,1,0.003465416999461013
"[1, 0, 0, 0, 0, 0, 0, 0, 0, 0, 0, 0, 0, 0, 1, 0, 1, 0, 0, 0, 0]",106,44,1155,693,0,0,0,0,0,22,0,0,0,0,1,1,1,0.003442041999733192
"[1, 0, 0, 0, 0, 0, 0, 0, 0, 0, 0, 0, 0, 0, 1, 0, 0, 1, 0, 0, 0]",106,44,1155,693,0,0,0,0,0,22,0,0,0,0,1,1,1,0.004008124999018037
"[1, 0, 0, 0, 0, 0, 0, 0, 0, 0, 0, 0, 0, 0, 1, 0, 0, 0, 1, 0, 0]",102,44,1067,693,0,0,0,0,0,22,0,0,0,0,1,1,1,0.0035183330001018476
"[1, 0, 0, 0, 0, 0, 0, 0, 0, 0, 0, 0, 0, 0, 1, 0, 0, 0, 0, 1, 0]",106,44,1155,693,0,0,0,0,0,22,0,0,0,0,1,1,1,0.0034187909986940213
"[1, 0, 0, 0, 0, 0, 0, 0, 0, 0, 0, 0, 0, 0, 1, 0, 0, 0, 0, 0, 1]",106,44,1155,693,0,0,0,0,0,22,0,0,0,0,1,1,1,0.008125000000291038
"[1, 0, 0, 0, 0, 0, 0, 0, 0, 0, 0, 0, 0, 0, 0, 1, 1, 0, 0, 0, 0]",106,44,1155,693,0,0,0,0,0,22,0,0,0,0,1,1,1,0.001651000000492786
"[1, 0, 0, 0, 0, 0, 0, 0, 0, 0, 0, 0, 0, 0, 0, 1, 0, 1, 0, 0, 0]",106,44,1155,693,0,0,0,0,0,22,0,0,0,0,1,1,1,0.0016579999992245575
"[1, 0, 0, 0, 0, 0, 0, 0, 0, 0, 0, 0, 0, 0, 0, 1, 0, 0, 1, 0, 0]",102,44,1067,693,0,0,0,0,0,22,0,0,0,0,1,1,1,0.0017807919994083932
"[1, 0, 0, 0, 0, 0, 0, 0, 0, 0, 0, 0, 0, 0, 0, 1, 0, 0, 0, 1, 0]",106,44,1155,693,0,0,0,0,0,22,0,0,0,0,1,1,1,0.0016509580000274582
"[1, 0, 0, 0, 0, 0, 0, 0, 0, 0, 0, 0, 0, 0, 0, 1, 0, 0, 0, 0, 1]",106,44,1155,693,0,0,0,0,0,22,0,0,0,0,1,1,1,0.006403958001101273
"[1, 0, 0, 0, 0, 0, 0, 0, 0, 0, 0, 0, 0, 0, 0, 0, 1, 1, 0, 0, 0]",106,44,1155,693,0,0,0,0,0,22,0,0,0,0,1,1,1,0.0016666669998812722
"[1, 0, 0, 0, 0, 0, 0, 0, 0, 0, 0, 0, 0, 0, 0, 0, 1, 0, 1, 0, 0]",102,44,1067,693,0,0,0,0,0,22,0,0,0,0,1,1,1,0.0017767919998732395
"[1, 0, 0, 0, 0, 0, 0, 0, 0, 0, 0, 0, 0, 0, 0, 0, 1, 0, 0, 1, 0]",106,44,1155,693,0,0,0,0,0,22,0,0,0,0,1,1,1,0.0016630840000289027
"[1, 0, 0, 0, 0, 0, 0, 0, 0, 0, 0, 0, 0, 0, 0, 0, 1, 0, 0, 0, 1]",106,44,1155,693,0,0,0,0,0,22,0,0,0,0,1,1,1,0.007058167000650428
"[1, 0, 0, 0, 0, 0, 0, 0, 0, 0, 0, 0, 0, 0, 0, 0, 0, 1, 1, 0, 0]",102,44,1067,693,0,0,0,0,0,22,0,0,0,0,1,1,1,0.0017715000012685778
"[1, 0, 0, 0, 0, 0, 0, 0, 0, 0, 0, 0, 0, 0, 0, 0, 0, 1, 0, 1, 0]",106,44,1155,693,0,0,0,0,0,22,0,0,0,0,1,1,1,0.0016229160009970656
"[1, 0, 0, 0, 0, 0, 0, 0, 0, 0, 0, 0, 0, 0, 0, 0, 0, 1, 0, 0, 1]",106,44,1155,693,0,0,0,0,0,22,0,0,0,0,1,1,1,0.006329166999421432
"[1, 0, 0, 0, 0, 0, 0, 0, 0, 0, 0, 0, 0, 0, 0, 0, 0, 0, 1, 1, 0]",102,44,1067,693,0,0,0,0,0,22,0,0,0,0,1,1,1,0.0017753329993865918
"[1, 0, 0, 0, 0, 0, 0, 0, 0, 0, 0, 0, 0, 0, 0, 0, 0, 0, 1, 0, 1]",102,44,1067,693,0,0,0,0,0,22,0,0,0,0,1,1,1,0.006104916999902343
"[1, 0, 0, 0, 0, 0, 0, 0, 0, 0, 0, 0, 0, 0, 0, 0, 0, 0, 0, 1, 1]",106,44,1155,693,0,0,0,0,0,22,0,0,0,0,1,1,1,0.0063941250009520445
"[0, 1, 1, 1, 0, 0, 0, 0, 0, 0, 0, 0, 0, 0, 0, 0, 0, 0, 0, 0, 0]",90,44,803,693,0,0,0,0,0,22,0,0,0,0,1,1,1,0.0030399169991142116
"[0, 1, 1, 0, 1, 0, 0, 0, 0, 0, 0, 0, 0, 0, 0, 0, 0, 0, 0, 0, 0]",90,44,803,693,0,0,0,0,0,22,0,0,0,0,1,1,1,0.010129291998964618
"[0, 1, 1, 0, 0, 1, 0, 0, 0, 0, 0, 0, 0, 0, 0, 0, 0, 0, 0, 0, 0]",8,44,113,0,0,0,0,0,0,22,0,0,0,0,1,1,1,0.022536042000865564
"[0, 1, 1, 0, 0, 0, 1, 0, 0, 0, 0, 0, 0, 0, 0, 0, 0, 0, 0, 0, 0]",8,44,113,0,0,0,0,0,0,22,0,0,0,0,1,1,1,0.028908416999911424
"[0, 1, 1, 0, 0, 0, 0, 1, 0, 0, 0, 0, 0, 0, 0, 0, 0, 0, 0, 0, 0]",90,44,803,693,0,0,0,0,0,22,0,0,0,0,1,1,1,0.0072067500004777685
"[0, 1, 1, 0, 0, 0, 0, 0, 1, 0, 0, 0, 0, 0, 0, 0, 0, 0, 0, 0, 0]",90,44,803,693,0,0,0,0,0,22,0,0,0,0,1,1,1,0.005887791001441656
"[0, 1, 1, 0, 0, 0, 0, 0, 0, 1, 0, 0, 0, 0, 0, 0, 0, 0, 0, 0, 0]",90,44,803,693,0,0,0,0,0,22,0,0,0,0,1,1,1,0.0020557089992507827
"[0, 1, 1, 0, 0, 0, 0, 0, 0, 0, 1, 0, 0, 0, 0, 0, 0, 0, 0, 0, 0]",90,44,803,693,0,0,0,0,0,22,0,0,0,0,1,1,1,0.002276625000376953
"[0, 1, 1, 0, 0, 0, 0, 0, 0, 0, 0, 1, 0, 0, 0, 0, 0, 0, 0, 0, 0]",90,44,803,693,0,0,0,0,0,22,0,0,0,0,1,1,1,0.002111750000040047
"[0, 1, 1, 0, 0, 0, 0, 0, 0, 0, 0, 0, 1, 0, 0, 0, 0, 0, 0, 0, 0]",90,44,803,693,0,0,0,0,0,22,0,0,0,0,1,1,1,3.5855496670010325
"[0, 1, 1, 0, 0, 0, 0, 0, 0, 0, 0, 0, 0, 1, 0, 0, 0, 0, 0, 0, 0]",90,44,803,693,0,0,0,0,0,22,0,0,0,0,1,1,1,0.0024718750009924406
"[0, 1, 1, 0, 0, 0, 0, 0, 0, 0, 0, 0, 0, 0, 1, 0, 0, 0, 0, 0, 0]",90,44,803,693,0,0,0,0,0,22,0,0,0,0,1,1,1,0.003426541999942856
"[0, 1, 1, 0, 0, 0, 0, 0, 0, 0, 0, 0, 0, 0, 0, 1, 0, 0, 0, 0, 0]",90,44,803,693,0,0,0,0,0,22,0,0,0,0,1,1,1,0.0020091250007681083
"[0, 1, 1, 0, 0, 0, 0, 0, 0, 0, 0, 0, 0, 0, 0, 0, 1, 0, 0, 0, 0]",90,44,803,693,0,0,0,0,0,22,0,0,0,0,1,1,1,0.0020407499996508704
"[0, 1, 1, 0, 0, 0, 0, 0, 0, 0, 0, 0, 0, 0, 0, 0, 0, 1, 0, 0, 0]",90,44,803,693,0,0,0,0,0,22,0,0,0,0,1,1,1,0.002022790999035351
"[0, 1, 1, 0, 0, 0, 0, 0, 0, 0, 0, 0, 0, 0, 0, 0, 0, 0, 1, 0, 0]",90,44,803,693,0,0,0,0,0,22,0,0,0,0,1,1,1,0.0021972920003463514
"[0, 1, 1, 0, 0, 0, 0, 0, 0, 0, 0, 0, 0, 0, 0, 0, 0, 0, 0, 1, 0]",90,44,803,693,0,0,0,0,0,22,0,0,0,0,1,1,1,0.002035333000094397
"[0, 1, 1, 0, 0, 0, 0, 0, 0, 0, 0, 0, 0, 0, 0, 0, 0, 0, 0, 0, 1]",90,44,803,693,0,0,0,0,0,22,0,0,0,0,1,1,1,0.005410207999375416
"[0, 1, 0, 1, 1, 0, 0, 0, 0, 0, 0, 0, 0, 0, 0, 0, 0, 0, 0, 0, 0]",90,44,803,693,0,0,0,0,0,22,0,0,0,0,1,1,1,0.011048458000004757
"[0, 1, 0, 1, 0, 1, 0, 0, 0, 0, 0, 0, 0, 0, 0, 0, 0, 0, 0, 0, 0]",8,44,113,0,0,0,0,0,0,22,0,0,0,0,1,1,1,0.0240016249990731
"[0, 1, 0, 1, 0, 0, 1, 0, 0, 0, 0, 0, 0, 0, 0, 0, 0, 0, 0, 0, 0]",8,44,113,0,0,0,0,0,0,22,0,0,0,0,1,1,1,0.02942408300077659
"[0, 1, 0, 1, 0, 0, 0, 1, 0, 0, 0, 0, 0, 0, 0, 0, 0, 0, 0, 0, 0]",90,44,803,693,0,0,0,0,0,22,0,0,0,0,1,1,1,0.007629375000760774
"[0, 1, 0, 1, 0, 0, 0, 0, 1, 0, 0, 0, 0, 0, 0, 0, 0, 0, 0, 0, 0]",90,44,803,693,0,0,0,0,0,22,0,0,0,0,1,1,1,0.006355416999213048
"[0, 1, 0, 1, 0, 0, 0, 0, 0, 1, 0, 0, 0, 0, 0, 0, 0, 0, 0, 0, 0]",90,44,803,693,0,0,0,0,0,22,0,0,0,0,1,1,1,0.0028139589994680136
"[0, 1, 0, 1, 0, 0, 0, 0, 0, 0, 1, 0, 0, 0, 0, 0, 0, 0, 0, 0, 0]",90,44,803,693,0,0,0,0,0,22,0,0,0,0,1,1,1,0.0027136250009789364
"[0, 1, 0, 1, 0, 0, 0, 0, 0, 0, 0, 1, 0, 0, 0, 0, 0, 0, 0, 0, 0]",90,44,803,693,0,0,0,0,0,22,0,0,0,0,1,1,1,0.0026916250008071074
"[0, 1, 0, 1, 0, 0, 0, 0, 0, 0, 0, 0, 1, 0, 0, 0, 0, 0, 0, 0, 0]",90,44,803,693,0,0,0,0,0,22,0,0,0,0,1,1,1,3.6069840000000113
"[0, 1, 0, 1, 0, 0, 0, 0, 0, 0, 0, 0, 0, 1, 0, 0, 0, 0, 0, 0, 0]",90,44,803,693,0,0,0,0,0,22,0,0,0,0,1,1,1,0.003043708999030059
"[0, 1, 0, 1, 0, 0, 0, 0, 0, 0, 0, 0, 0, 0, 1, 0, 0, 0, 0, 0, 0]",90,44,803,693,0,0,0,0,0,22,0,0,0,0,1,1,1,0.0038993339985609055
"[0, 1, 0, 1, 0, 0, 0, 0, 0, 0, 0, 0, 0, 0, 0, 1, 0, 0, 0, 0, 0]",90,44,803,693,0,0,0,0,0,22,0,0,0,0,1,1,1,0.002515750000384287
"[0, 1, 0, 1, 0, 0, 0, 0, 0, 0, 0, 0, 0, 0, 0, 0, 1, 0, 0, 0, 0]",90,44,803,693,0,0,0,0,0,22,0,0,0,0,1,1,1,0.002652834000400617
"[0, 1, 0, 1, 0, 0, 0, 0, 0, 0, 0, 0, 0, 0, 0, 0, 0, 1, 0, 0, 0]",90,44,803,693,0,0,0,0,0,22,0,0,0,0,1,1,1,0.002520332998756203
"[0, 1, 0, 1, 0, 0, 0, 0, 0, 0, 0, 0, 0, 0, 0, 0, 0, 0, 1, 0, 0]",90,44,803,693,0,0,0,0,0,22,0,0,0,0,1,1,1,0.002767124999081716
"[0, 1, 0, 1, 0, 0, 0, 0, 0, 0, 0, 0, 0, 0, 0, 0, 0, 0, 0, 1, 0]",90,44,803,693,0,0,0,0,0,22,0,0,0,0,1,1,1,0.0025181250002788147
"[0, 1, 0, 1, 0, 0, 0, 0, 0, 0, 0, 0, 0, 0, 0, 0, 0, 0, 0, 0, 1]",90,44,803,693,0,0,0,0,0,22,0,0,0,0,1,1,1,0.006054792000213638
"[0, 1, 0, 0, 1, 1, 0, 0, 0, 0, 0, 0, 0, 0, 0, 0, 0, 0, 0, 0, 0]",8,44,113,0,0,0,0,0,0,22,0,0,0,0,1,1,1,0.031579708000208484
"[0, 1, 0, 0, 1, 0, 1, 0, 0, 0, 0, 0, 0, 0, 0, 0, 0, 0, 0, 0, 0]",8,44,113,0,0,0,0,0,0,22,0,0,0,0,1,1,1,0.03703158300049836
"[0, 1, 0, 0, 1, 0, 0, 1, 0, 0, 0, 0, 0, 0, 0, 0, 0, 0, 0, 0, 0]",90,44,803,693,0,0,0,0,0,22,0,0,0,0,1,1,1,0.01580149999972491
"[0, 1, 0, 0, 1, 0, 0, 0, 1, 0, 0, 0, 0, 0, 0, 0, 0, 0, 0, 0, 0]",90,44,803,693,0,0,0,0,0,22,0,0,0,0,1,1,1,0.013744166999458685
"[0, 1, 0, 0, 1, 0, 0, 0, 0, 1, 0, 0, 0, 0, 0, 0, 0, 0, 0, 0, 0]",90,44,803,693,0,0,0,0,0,22,0,0,0,0,1,1,1,0.010125083999810158
"[0, 1, 0, 0, 1, 0, 0, 0, 0, 0, 1, 0, 0, 0, 0, 0, 0, 0, 0, 0, 0]",90,44,803,693,0,0,0,0,0,22,0,0,0,0,1,1,1,0.011373166998964734
"[0, 1, 0, 0, 1, 0, 0, 0, 0, 0, 0, 1, 0, 0, 0, 0, 0, 0, 0, 0, 0]",90,44,803,693,0,0,0,0,0,22,0,0,0,0,1,1,1,0.010403542000858579
"[0, 1, 0, 0, 1, 0, 0, 0, 0, 0, 0, 0, 1, 0, 0, 0, 0, 0, 0, 0, 0]",90,44,803,693,0,0,0,0,0,22,0,0,0,0,1,1,1,3.60055100000136
"[0, 1, 0, 0, 1, 0, 0, 0, 0, 0, 0, 0, 0, 1, 0, 0, 0, 0, 0, 0, 0]",90,44,803,693,0,0,0,0,0,22,0,0,0,0,1,1,1,0.010536250001678127
"[0, 1, 0, 0, 1, 0, 0, 0, 0, 0, 0, 0, 0, 0, 1, 0, 0, 0, 0, 0, 0]",90,44,803,693,0,0,0,0,0,22,0,0,0,0,1,1,1,0.011731417000191868
"[0, 1, 0, 0, 1, 0, 0, 0, 0, 0, 0, 0, 0, 0, 0, 1, 0, 0, 0, 0, 0]",90,44,803,693,0,0,0,0,0,22,0,0,0,0,1,1,1,0.01023012499899778
"[0, 1, 0, 0, 1, 0, 0, 0, 0, 0, 0, 0, 0, 0, 0, 0, 1, 0, 0, 0, 0]",90,44,803,693,0,0,0,0,0,22,0,0,0,0,1,1,1,0.010237917000267771
"[0, 1, 0, 0, 1, 0, 0, 0, 0, 0, 0, 0, 0, 0, 0, 0, 0, 1, 0, 0, 0]",90,44,803,693,0,0,0,0,0,22,0,0,0,0,1,1,1,0.011890374998984043
"[0, 1, 0, 0, 1, 0, 0, 0, 0, 0, 0, 0, 0, 0, 0, 0, 0, 0, 1, 0, 0]",90,44,803,693,0,0,0,0,0,22,0,0,0,0,1,1,1,0.01034037499994156
"[0, 1, 0, 0, 1, 0, 0, 0, 0, 0, 0, 0, 0, 0, 0, 0, 0, 0, 0, 1, 0]",90,44,803,693,0,0,0,0,0,22,0,0,0,0,1,1,1,0.010060749998956453
"[0, 1, 0, 0, 1, 0, 0, 0, 0, 0, 0, 0, 0, 0, 0, 0, 0, 0, 0, 0, 1]",90,44,803,693,0,0,0,0,0,22,0,0,0,0,1,1,1,0.013656082999659702
"[0, 1, 0, 0, 0, 1, 1, 0, 0, 0, 0, 0, 0, 0, 0, 0, 0, 0, 0, 0, 0]",8,44,113,0,0,0,0,0,0,22,0,0,0,0,1,1,1,0.025165125000057742
"[0, 1, 0, 0, 0, 1, 0, 1, 0, 0, 0, 0, 0, 0, 0, 0, 0, 0, 0, 0, 0]",8,44,113,0,0,0,0,0,0,22,0,0,0,0,1,1,1,0.022724166001353296
"[0, 1, 0, 0, 0, 1, 0, 0, 1, 0, 0, 0, 0, 0, 0, 0, 0, 0, 0, 0, 0]",8,44,113,0,0,0,0,0,0,22,0,0,0,0,1,1,1,0.02254137499949138
"[0, 1, 0, 0, 0, 1, 0, 0, 0, 1, 0, 0, 0, 0, 0, 0, 0, 0, 0, 0, 0]",8,44,113,0,0,0,0,0,0,22,0,0,0,0,1,1,1,0.022232875000554486
"[0, 1, 0, 0, 0, 1, 0, 0, 0, 0, 1, 0, 0, 0, 0, 0, 0, 0, 0, 0, 0]",8,44,113,0,0,0,0,0,0,22,0,0,0,0,1,1,1,0.02222049999909359
"[0, 1, 0, 0, 0, 1, 0, 0, 0, 0, 0, 1, 0, 0, 0, 0, 0, 0, 0, 0, 0]",8,44,113,0,0,0,0,0,0,22,0,0,0,0,1,1,1,0.022358750000421423
"[0, 1, 0, 0, 0, 1, 0, 0, 0, 0, 0, 0, 1, 0, 0, 0, 0, 0, 0, 0, 0]",8,44,113,0,0,0,0,0,0,22,0,0,0,0,1,1,1,0.06962737499998184
"[0, 1, 0, 0, 0, 1, 0, 0, 0, 0, 0, 0, 0, 1, 0, 0, 0, 0, 0, 0, 0]",8,44,113,0,0,0,0,0,0,22,0,0,0,0,1,1,1,0.022452625000369153
"[0, 1, 0, 0, 0, 1, 0, 0, 0, 0, 0, 0, 0, 0, 1, 0, 0, 0, 0, 0, 0]",8,44,113,0,0,0,0,0,0,22,0,0,0,0,1,1,1,0.02372720799939998
"[0, 1, 0, 0, 0, 1, 0, 0, 0, 0, 0, 0, 0, 0, 0, 1, 0, 0, 0, 0, 0]",8,44,113,0,0,0,0,0,0,22,0,0,0,0,1,1,1,0.02239391700095439
"[0, 1, 0, 0, 0, 1, 0, 0, 0, 0, 0, 0, 0, 0, 0, 0, 1, 0, 0, 0, 0]",8,44,113,0,0,0,0,0,0,22,0,0,0,0,1,1,1,0.0223312080015603
"[0, 1, 0, 0, 0, 1, 0, 0, 0, 0, 0, 0, 0, 0, 0, 0, 0, 1, 0, 0, 0]",8,44,113,0,0,0,0,0,0,22,0,0,0,0,1,1,1,0.02224454199858883
"[0, 1, 0, 0, 0, 1, 0, 0, 0, 0, 0, 0, 0, 0, 0, 0, 0, 0, 1, 0, 0]",8,44,113,0,0,0,0,0,0,22,0,0,0,0,1,1,1,0.022285958999418654
"[0, 1, 0, 0, 0, 1, 0, 0, 0, 0, 0, 0, 0, 0, 0, 0, 0, 0, 0, 1, 0]",8,44,113,0,0,0,0,0,0,22,0,0,0,0,1,1,1,0.02218183300101373
"[0, 1, 0, 0, 0, 1, 0, 0, 0, 0, 0, 0, 0, 0, 0, 0, 0, 0, 0, 0, 1]",8,44,113,0,0,0,0,0,0,22,0,0,0,0,1,1,1,0.024332749999302905
"[0, 1, 0, 0, 0, 0, 1, 1, 0, 0, 0, 0, 0, 0, 0, 0, 0, 0, 0, 0, 0]",8,44,113,0,0,0,0,0,0,22,0,0,0,0,1,1,1,0.03144254199833085
"[0, 1, 0, 0, 0, 0, 1, 0, 1, 0, 0, 0, 0, 0, 0, 0, 0, 0, 0, 0, 0]",8,44,113,0,0,0,0,0,0,22,0,0,0,0,1,1,1,0.030964125000537024
"[0, 1, 0, 0, 0, 0, 1, 0, 0, 1, 0, 0, 0, 0, 0, 0, 0, 0, 0, 0, 0]",8,44,113,0,0,0,0,0,0,22,0,0,0,0,1,1,1,0.029147582999939914
"[0, 1, 0, 0, 0, 0, 1, 0, 0, 0, 1, 0, 0, 0, 0, 0, 0, 0, 0, 0, 0]",8,44,113,0,0,0,0,0,0,22,0,0,0,0,1,1,1,0.02900312500059954
"[0, 1, 0, 0, 0, 0, 1, 0, 0, 0, 0, 1, 0, 0, 0, 0, 0, 0, 0, 0, 0]",8,44,113,0,0,0,0,0,0,22,0,0,0,0,1,1,1,0.028783333000319544
"[0, 1, 0, 0, 0, 0, 1, 0, 0, 0, 0, 0, 1, 0, 0, 0, 0, 0, 0, 0, 0]",8,44,113,0,0,0,0,0,0,22,0,0,0,0,1,1,1,0.07548129099996004
"[0, 1, 0, 0, 0, 0, 1, 0, 0, 0, 0, 0, 0, 1, 0, 0, 0, 0, 0, 0, 0]",8,44,113,0,0,0,0,0,0,22,0,0,0,0,1,1,1,0.02924670900029014
"[0, 1, 0, 0, 0, 0, 1, 0, 0, 0, 0, 0, 0, 0, 1, 0, 0, 0, 0, 0, 0]",8,44,113,0,0,0,0,0,0,22,0,0,0,0,1,1,1,0.029072833000100218
"[0, 1, 0, 0, 0, 0, 1, 0, 0, 0, 0, 0, 0, 0, 0, 1, 0, 0, 0, 0, 0]",8,44,113,0,0,0,0,0,0,22,0,0,0,0,1,1,1,0.03149091600062093
"[0, 1, 0, 0, 0, 0, 1, 0, 0, 0, 0, 0, 0, 0, 0, 0, 1, 0, 0, 0, 0]",8,44,113,0,0,0,0,0,0,22,0,0,0,0,1,1,1,0.03007058299954224
"[0, 1, 0, 0, 0, 0, 1, 0, 0, 0, 0, 0, 0, 0, 0, 0, 0, 1, 0, 0, 0]",8,44,113,0,0,0,0,0,0,22,0,0,0,0,1,1,1,0.029722582999966107
"[0, 1, 0, 0, 0, 0, 1, 0, 0, 0, 0, 0, 0, 0, 0, 0, 0, 0, 1, 0, 0]",8,44,113,0,0,0,0,0,0,22,0,0,0,0,1,1,1,0.028818916998716304
"[0, 1, 0, 0, 0, 0, 1, 0, 0, 0, 0, 0, 0, 0, 0, 0, 0, 0, 0, 1, 0]",8,44,113,0,0,0,0,0,0,22,0,0,0,0,1,1,1,0.02889704100016388
"[0, 1, 0, 0, 0, 0, 1, 0, 0, 0, 0, 0, 0, 0, 0, 0, 0, 0, 0, 0, 1]",8,44,113,0,0,0,0,0,0,22,0,0,0,0,1,1,1,0.02947741599928122
"[0, 1, 0, 0, 0, 0, 0, 1, 1, 0, 0, 0, 0, 0, 0, 0, 0, 0, 0, 0, 0]",90,44,803,693,0,0,0,0,0,22,0,0,0,0,1,1,1,0.011359292000634014
"[0, 1, 0, 0, 0, 0, 0, 1, 0, 1, 0, 0, 0, 0, 0, 0, 0, 0, 0, 0, 0]",90,44,803,693,0,0,0,0,0,22,0,0,0,0,1,1,1,0.006692707998809055
"[0, 1, 0, 0, 0, 0, 0, 1, 0, 0, 1, 0, 0, 0, 0, 0, 0, 0, 0, 0, 0]",90,44,803,693,0,0,0,0,0,22,0,0,0,0,1,1,1,0.0068507080013660016
"[0, 1, 0, 0, 0, 0, 0, 1, 0, 0, 0, 1, 0, 0, 0, 0, 0, 0, 0, 0, 0]",90,44,803,693,0,0,0,0,0,22,0,0,0,0,1,1,1,0.007065125000735861
"[0, 1, 0, 0, 0, 0, 0, 1, 0, 0, 0, 0, 1, 0, 0, 0, 0, 0, 0, 0, 0]",90,44,803,693,0,0,0,0,0,22,0,0,0,0,1,1,1,3.605826834000254
"[0, 1, 0, 0, 0, 0, 0, 1, 0, 0, 0, 0, 0, 1, 0, 0, 0, 0, 0, 0, 0]",90,44,803,693,0,0,0,0,0,22,0,0,0,0,1,1,1,0.007304374999876018
"[0, 1, 0, 0, 0, 0, 0, 1, 0, 0, 0, 0, 0, 0, 1, 0, 0, 0, 0, 0, 0]",90,44,803,693,0,0,0,0,0,22,0,0,0,0,1,1,1,0.00836462500046764
"[0, 1, 0, 0, 0, 0, 0, 1, 0, 0, 0, 0, 0, 0, 0, 1, 0, 0, 0, 0, 0]",90,44,803,693,0,0,0,0,0,22,0,0,0,0,1,1,1,0.006972417000724818
"[0, 1, 0, 0, 0, 0, 0, 1, 0, 0, 0, 0, 0, 0, 0, 0, 1, 0, 0, 0, 0]",90,44,803,693,0,0,0,0,0,22,0,0,0,0,1,1,1,0.007029833001070074
"[0, 1, 0, 0, 0, 0, 0, 1, 0, 0, 0, 0, 0, 0, 0, 0, 0, 1, 0, 0, 0]",90,44,803,693,0,0,0,0,0,22,0,0,0,0,1,1,1,0.0070482909995917
"[0, 1, 0, 0, 0, 0, 0, 1, 0, 0, 0, 0, 0, 0, 0, 0, 0, 0, 1, 0, 0]",90,44,803,693,0,0,0,0,0,22,0,0,0,0,1,1,1,0.007195374999355408
"[0, 1, 0, 0, 0, 0, 0, 1, 0, 0, 0, 0, 0, 0, 0, 0, 0, 0, 0, 1, 0]",90,44,803,693,0,0,0,0,0,22,0,0,0,0,1,1,1,0.007046583999908762
"[0, 1, 0, 0, 0, 0, 0, 1, 0, 0, 0, 0, 0, 0, 0, 0, 0, 0, 0, 0, 1]",90,44,803,693,0,0,0,0,0,22,0,0,0,0,1,1,1,0.010507750001124805
"[0, 1, 0, 0, 0, 0, 0, 0, 1, 1, 0, 0, 0, 0, 0, 0, 0, 0, 0, 0, 0]",90,44,803,693,0,0,0,0,0,22,0,0,0,0,1,1,1,0.005913582999710343
"[0, 1, 0, 0, 0, 0, 0, 0, 1, 0, 1, 0, 0, 0, 0, 0, 0, 0, 0, 0, 0]",90,44,803,693,0,0,0,0,0,22,0,0,0,0,1,1,1,0.006131083999207476
"[0, 1, 0, 0, 0, 0, 0, 0, 1, 0, 0, 1, 0, 0, 0, 0, 0, 0, 0, 0, 0]",90,44,803,693,0,0,0,0,0,22,0,0,0,0,1,1,1,0.005983875000310945
"[0, 1, 0, 0, 0, 0, 0, 0, 1, 0, 0, 0, 1, 0, 0, 0, 0, 0, 0, 0, 0]",90,44,803,693,0,0,0,0,0,22,0,0,0,0,1,1,1,3.5935268749999523
"[0, 1, 0, 0, 0, 0, 0, 0, 1, 0, 0, 0, 0, 1, 0, 0, 0, 0, 0, 0, 0]",90,44,803,693,0,0,0,0,0,22,0,0,0,0,1,1,1,0.00638733300002059
"[0, 1, 0, 0, 0, 0, 0, 0, 1, 0, 0, 0, 0, 0, 1, 0, 0, 0, 0, 0, 0]",90,44,803,693,0,0,0,0,0,22,0,0,0,0,1,1,1,0.007181999999374966
"[0, 1, 0, 0, 0, 0, 0, 0, 1, 0, 0, 0, 0, 0, 0, 1, 0, 0, 0, 0, 0]",90,44,803,693,0,0,0,0,0,22,0,0,0,0,1,1,1,0.0060139170000184095
"[0, 1, 0, 0, 0, 0, 0, 0, 1, 0, 0, 0, 0, 0, 0, 0, 1, 0, 0, 0, 0]",90,44,803,693,0,0,0,0,0,22,0,0,0,0,1,1,1,0.006216375000803964
"[0, 1, 0, 0, 0, 0, 0, 0, 1, 0, 0, 0, 0, 0, 0, 0, 0, 1, 0, 0, 0]",90,44,803,693,0,0,0,0,0,22,0,0,0,0,1,1,1,0.005593375000898959
"[0, 1, 0, 0, 0, 0, 0, 0, 1, 0, 0, 0, 0, 0, 0, 0, 0, 0, 1, 0, 0]",90,44,803,693,0,0,0,0,0,22,0,0,0,0,1,1,1,0.00573774999975285
"[0, 1, 0, 0, 0, 0, 0, 0, 1, 0, 0, 0, 0, 0, 0, 0, 0, 0, 0, 1, 0]",90,44,803,693,0,0,0,0,0,22,0,0,0,0,1,1,1,0.005616041000394034
"[0, 1, 0, 0, 0, 0, 0, 0, 1, 0, 0, 0, 0, 0, 0, 0, 0, 0, 0, 0, 1]",90,44,803,693,0,0,0,0,0,22,0,0,0,0,1,1,1,0.008949040999141289
"[0, 1, 0, 0, 0, 0, 0, 0, 0, 1, 1, 0, 0, 0, 0, 0, 0, 0, 0, 0, 0]",90,44,803,693,0,0,0,0,0,22,0,0,0,0,1,1,1,0.0021471669988386566
"[0, 1, 0, 0, 0, 0, 0, 0, 0, 1, 0, 1, 0, 0, 0, 0, 0, 0, 0, 0, 0]",90,44,803,693,0,0,0,0,0,22,0,0,0,0,1,1,1,0.001995791000808822
"[0, 1, 0, 0, 0, 0, 0, 0, 0, 1, 0, 0, 1, 0, 0, 0, 0, 0, 0, 0, 0]",90,44,803,693,0,0,0,0,0,22,0,0,0,0,1,1,1,3.5812731250007346
"[0, 1, 0, 0, 0, 0, 0, 0, 0, 1, 0, 0, 0, 1, 0, 0, 0, 0, 0, 0, 0]",90,44,803,693,0,0,0,0,0,22,0,0,0,0,1,1,1,0.0023734580008749617
"[0, 1, 0, 0, 0, 0, 0, 0, 0, 1, 0, 0, 0, 0, 1, 0, 0, 0, 0, 0, 0]",90,44,803,693,0,0,0,0,0,22,0,0,0,0,1,1,1,0.003195916999175097
"[0, 1, 0, 0, 0, 0, 0, 0, 0, 1, 0, 0, 0, 0, 0, 1, 0, 0, 0, 0, 0]",90,44,803,693,0,0,0,0,0,22,0,0,0,0,1,1,1,0.0019632500006991904
"[0, 1, 0, 0, 0, 0, 0, 0, 0, 1, 0, 0, 0, 0, 0, 0, 1, 0, 0, 0, 0]",90,44,803,693,0,0,0,0,0,22,0,0,0,0,1,1,1,0.0019466250014374964
"[0, 1, 0, 0, 0, 0, 0, 0, 0, 1, 0, 0, 0, 0, 0, 0, 0, 1, 0, 0, 0]",90,44,803,693,0,0,0,0,0,22,0,0,0,0,1,1,1,0.0019522920010786038
"[0, 1, 0, 0, 0, 0, 0, 0, 0, 1, 0, 0, 0, 0, 0, 0, 0, 0, 1, 0, 0]",90,44,803,693,0,0,0,0,0,22,0,0,0,0,1,1,1,0.002052666999588837
"[0, 1, 0, 0, 0, 0, 0, 0, 0, 1, 0, 0, 0, 0, 0, 0, 0, 0, 0, 1, 0]",90,44,803,693,0,0,0,0,0,22,0,0,0,0,1,1,1,0.0019435829999565613
"[0, 1, 0, 0, 0, 0, 0, 0, 0, 1, 0, 0, 0, 0, 0, 0, 0, 0, 0, 0, 1]",90,44,803,693,0,0,0,0,0,22,0,0,0,0,1,1,1,0.005337542001143447
"[0, 1, 0, 0, 0, 0, 0, 0, 0, 0, 1, 1, 0, 0, 0, 0, 0, 0, 0, 0, 0]",90,44,803,693,0,0,0,0,0,22,0,0,0,0,1,1,1,0.00222695899901737
"[0, 1, 0, 0, 0, 0, 0, 0, 0, 0, 1, 0, 1, 0, 0, 0, 0, 0, 0, 0, 0]",90,44,803,693,0,0,0,0,0,22,0,0,0,0,1,1,1,3.714679665999938
"[0, 1, 0, 0, 0, 0, 0, 0, 0, 0, 1, 0, 0, 1, 0, 0, 0, 0, 0, 0, 0]",90,44,803,693,0,0,0,0,0,22,0,0,0,0,1,1,1,0.002893041999413981
"[0, 1, 0, 0, 0, 0, 0, 0, 0, 0, 1, 0, 0, 0, 1, 0, 0, 0, 0, 0, 0]",90,44,803,693,0,0,0,0,0,22,0,0,0,0,1,1,1,0.003663666000647936
"[0, 1, 0, 0, 0, 0, 0, 0, 0, 0, 1, 0, 0, 0, 0, 1, 0, 0, 0, 0, 0]",90,44,803,693,0,0,0,0,0,22,0,0,0,0,1,1,1,0.0027747080002882285
"[0, 1, 0, 0, 0, 0, 0, 0, 0, 0, 1, 0, 0, 0, 0, 0, 1, 0, 0, 0, 0]",90,44,803,693,0,0,0,0,0,22,0,0,0,0,1,1,1,0.0025524590000713943
"[0, 1, 0, 0, 0, 0, 0, 0, 0, 0, 1, 0, 0, 0, 0, 0, 0, 1, 0, 0, 0]",90,44,803,693,0,0,0,0,0,22,0,0,0,0,1,1,1,0.002832500000295113
"[0, 1, 0, 0, 0, 0, 0, 0, 0, 0, 1, 0, 0, 0, 0, 0, 0, 0, 1, 0, 0]",90,44,803,693,0,0,0,0,0,22,0,0,0,0,1,1,1,0.0026917089999187738
"[0, 1, 0, 0, 0, 0, 0, 0, 0, 0, 1, 0, 0, 0, 0, 0, 0, 0, 0, 1, 0]",90,44,803,693,0,0,0,0,0,22,0,0,0,0,1,1,1,0.00238800000079209
"[0, 1, 0, 0, 0, 0, 0, 0, 0, 0, 1, 0, 0, 0, 0, 0, 0, 0, 0, 0, 1]",90,44,803,693,0,0,0,0,0,22,0,0,0,0,1,1,1,0.005948041000010562
"[0, 1, 0, 0, 0, 0, 0, 0, 0, 0, 0, 1, 1, 0, 0, 0, 0, 0, 0, 0, 0]",90,44,803,693,0,0,0,0,0,22,0,0,0,0,1,1,1,3.853710167000827
"[0, 1, 0, 0, 0, 0, 0, 0, 0, 0, 0, 1, 0, 1, 0, 0, 0, 0, 0, 0, 0]",90,44,803,693,0,0,0,0,0,22,0,0,0,0,1,1,1,0.0027168750002601882
"[0, 1, 0, 0, 0, 0, 0, 0, 0, 0, 0, 1, 0, 0, 1, 0, 0, 0, 0, 0, 0]",90,44,803,693,0,0,0,0,0,22,0,0,0,0,1,1,1,0.003554332999556209
"[0, 1, 0, 0, 0, 0, 0, 0, 0, 0, 0, 1, 0, 0, 0, 1, 0, 0, 0, 0, 0]",90,44,803,693,0,0,0,0,0,22,0,0,0,0,1,1,1,0.002073999999993248
"[0, 1, 0, 0, 0, 0, 0, 0, 0, 0, 0, 1, 0, 0, 0, 0, 1, 0, 0, 0, 0]",90,44,803,693,0,0,0,0,0,22,0,0,0,0,1,1,1,0.002038083999650553
"[0, 1, 0, 0, 0, 0, 0, 0, 0, 0, 0, 1, 0, 0, 0, 0, 0, 1, 0, 0, 0]",90,44,803,693,0,0,0,0,0,22,0,0,0,0,1,1,1,0.002041792000454734
"[0, 1, 0, 0, 0, 0, 0, 0, 0, 0, 0, 1, 0, 0, 0, 0, 0, 0, 1, 0, 0]",90,44,803,693,0,0,0,0,0,22,0,0,0,0,1,1,1,0.002166417001717491
"[0, 1, 0, 0, 0, 0, 0, 0, 0, 0, 0, 1, 0, 0, 0, 0, 0, 0, 0, 1, 0]",90,44,803,693,0,0,0,0,0,22,0,0,0,0,1,1,1,0.00201033300072595
"[0, 1, 0, 0, 0, 0, 0, 0, 0, 0, 0, 1, 0, 0, 0, 0, 0, 0, 0, 0, 1]",90,44,803,693,0,0,0,0,0,22,0,0,0,0,1,1,1,0.00542370800030767
"[0, 1, 0, 0, 0, 0, 0, 0, 0, 0, 0, 0, 1, 1, 0, 0, 0, 0, 0, 0, 0]",90,44,803,693,0,0,0,0,0,22,0,0,0,0,1,1,1,3.6905845410001348
"[0, 1, 0, 0, 0, 0, 0, 0, 0, 0, 0, 0, 1, 0, 1, 0, 0, 0, 0, 0, 0]",90,44,803,693,0,0,0,0,0,22,0,0,0,0,1,1,1,3.658122708000519
"[0, 1, 0, 0, 0, 0, 0, 0, 0, 0, 0, 0, 1, 0, 0, 1, 0, 0, 0, 0, 0]",90,44,803,693,0,0,0,0,0,22,0,0,0,0,1,1,1,3.6834335420007847
"[0, 1, 0, 0, 0, 0, 0, 0, 0, 0, 0, 0, 1, 0, 0, 0, 1, 0, 0, 0, 0]",90,44,803,693,0,0,0,0,0,22,0,0,0,0,1,1,1,3.804053916999692
"[0, 1, 0, 0, 0, 0, 0, 0, 0, 0, 0, 0, 1, 0, 0, 0, 0, 1, 0, 0, 0]",90,44,803,693,0,0,0,0,0,22,0,0,0,0,1,1,1,3.836370541999713
"[0, 1, 0, 0, 0, 0, 0, 0, 0, 0, 0, 0, 1, 0, 0, 0, 0, 0, 1, 0, 0]",90,44,803,693,0,0,0,0,0,22,0,0,0,0,1,1,1,3.8549519579992193
"[0, 1, 0, 0, 0, 0, 0, 0, 0, 0, 0, 0, 1, 0, 0, 0, 0, 0, 0, 1, 0]",90,44,803,693,0,0,0,0,0,22,0,0,0,0,1,1,1,3.8073571250006353
"[0, 1, 0, 0, 0, 0, 0, 0, 0, 0, 0, 0, 1, 0, 0, 0, 0, 0, 0, 0, 1]",90,44,803,693,0,0,0,0,0,22,0,0,0,0,1,1,1,3.7637252920012543
"[0, 1, 0, 0, 0, 0, 0, 0, 0, 0, 0, 0, 0, 1, 1, 0, 0, 0, 0, 0, 0]",90,44,803,693,0,0,0,0,0,22,0,0,0,0,1,1,1,0.0038866659997438546
"[0, 1, 0, 0, 0, 0, 0, 0, 0, 0, 0, 0, 0, 1, 0, 1, 0, 0, 0, 0, 0]",90,44,803,693,0,0,0,0,0,22,0,0,0,0,1,1,1,0.002674082999874372
"[0, 1, 0, 0, 0, 0, 0, 0, 0, 0, 0, 0, 0, 1, 0, 0, 1, 0, 0, 0, 0]",90,44,803,693,0,0,0,0,0,22,0,0,0,0,1,1,1,0.0024653330001456197
"[0, 1, 0, 0, 0, 0, 0, 0, 0, 0, 0, 0, 0, 1, 0, 0, 0, 1, 0, 0, 0]",90,44,803,693,0,0,0,0,0,22,0,0,0,0,1,1,1,0.002531957999963197
"[0, 1, 0, 0, 0, 0, 0, 0, 0, 0, 0, 0, 0, 1, 0, 0, 0, 0, 1, 0, 0]",90,44,803,693,0,0,0,0,0,22,0,0,0,0,1,1,1,0.002576083999883849
"[0, 1, 0, 0, 0, 0, 0, 0, 0, 0, 0, 0, 0, 1, 0, 0, 0, 0, 0, 1, 0]",90,44,803,693,0,0,0,0,0,22,0,0,0,0,1,1,1,0.002454417000990361
"[0, 1, 0, 0, 0, 0, 0, 0, 0, 0, 0, 0, 0, 1, 0, 0, 0, 0, 0, 0, 1]",90,44,803,693,0,0,0,0,0,22,0,0,0,0,1,1,1,0.006165042001157417
"[0, 1, 0, 0, 0, 0, 0, 0, 0, 0, 0, 0, 0, 0, 1, 1, 0, 0, 0, 0, 0]",90,44,803,693,0,0,0,0,0,22,0,0,0,0,1,1,1,0.00354420900112018
"[0, 1, 0, 0, 0, 0, 0, 0, 0, 0, 0, 0, 0, 0, 1, 0, 1, 0, 0, 0, 0]",90,44,803,693,0,0,0,0,0,22,0,0,0,0,1,1,1,0.003514583000651328
"[0, 1, 0, 0, 0, 0, 0, 0, 0, 0, 0, 0, 0, 0, 1, 0, 0, 1, 0, 0, 0]",90,44,803,693,0,0,0,0,0,22,0,0,0,0,1,1,1,0.003679125000417116
"[0, 1, 0, 0, 0, 0, 0, 0, 0, 0, 0, 0, 0, 0, 1, 0, 0, 0, 1, 0, 0]",90,44,803,693,0,0,0,0,0,22,0,0,0,0,1,1,1,0.003364457999850856
"[0, 1, 0, 0, 0, 0, 0, 0, 0, 0, 0, 0, 0, 0, 1, 0, 0, 0, 0, 1, 0]",90,44,803,693,0,0,0,0,0,22,0,0,0,0,1,1,1,0.0031794580008863704
"[0, 1, 0, 0, 0, 0, 0, 0, 0, 0, 0, 0, 0, 0, 1, 0, 0, 0, 0, 0, 1]",90,44,803,693,0,0,0,0,0,22,0,0,0,0,1,1,1,0.006912875000125496
"[0, 1, 0, 0, 0, 0, 0, 0, 0, 0, 0, 0, 0, 0, 0, 1, 1, 0, 0, 0, 0]",90,44,803,693,0,0,0,0,0,22,0,0,0,0,1,1,1,0.0021641250004904578
"[0, 1, 0, 0, 0, 0, 0, 0, 0, 0, 0, 0, 0, 0, 0, 1, 0, 1, 0, 0, 0]",90,44,803,693,0,0,0,0,0,22,0,0,0,0,1,1,1,0.0019494999996823026
"[0, 1, 0, 0, 0, 0, 0, 0, 0, 0, 0, 0, 0, 0, 0, 1, 0, 0, 1, 0, 0]",90,44,803,693,0,0,0,0,0,22,0,0,0,0,1,1,1,0.002054957998552709
"[0, 1, 0, 0, 0, 0, 0, 0, 0, 0, 0, 0, 0, 0, 0, 1, 0, 0, 0, 1, 0]",90,44,803,693,0,0,0,0,0,22,0,0,0,0,1,1,1,0.001959541999895009
"[0, 1, 0, 0, 0, 0, 0, 0, 0, 0, 0, 0, 0, 0, 0, 1, 0, 0, 0, 0, 1]",90,44,803,693,0,0,0,0,0,22,0,0,0,0,1,1,1,0.005388874998971005
"[0, 1, 0, 0, 0, 0, 0, 0, 0, 0, 0, 0, 0, 0, 0, 0, 1, 1, 0, 0, 0]",90,44,803,693,0,0,0,0,0,22,0,0,0,0,1,1,1,0.0019197500005248003
"[0, 1, 0, 0, 0, 0, 0, 0, 0, 0, 0, 0, 0, 0, 0, 0, 1, 0, 1, 0, 0]",90,44,803,693,0,0,0,0,0,22,0,0,0,0,1,1,1,0.0020668750003096648
"[0, 1, 0, 0, 0, 0, 0, 0, 0, 0, 0, 0, 0, 0, 0, 0, 1, 0, 0, 1, 0]",90,44,803,693,0,0,0,0,0,22,0,0,0,0,1,1,1,0.0019320829997013789
"[0, 1, 0, 0, 0, 0, 0, 0, 0, 0, 0, 0, 0, 0, 0, 0, 1, 0, 0, 0, 1]",90,44,803,693,0,0,0,0,0,22,0,0,0,0,1,1,1,0.005295917000694317
"[0, 1, 0, 0, 0, 0, 0, 0, 0, 0, 0, 0, 0, 0, 0, 0, 0, 1, 1, 0, 0]",90,44,803,693,0,0,0,0,0,22,0,0,0,0,1,1,1,0.002019792000282905
"[0, 1, 0, 0, 0, 0, 0, 0, 0, 0, 0, 0, 0, 0, 0, 0, 0, 1, 0, 1, 0]",90,44,803,693,0,0,0,0,0,22,0,0,0,0,1,1,1,0.0019200829992769286
"[0, 1, 0, 0, 0, 0, 0, 0, 0, 0, 0, 0, 0, 0, 0, 0, 0, 1, 0, 0, 1]",90,44,803,693,0,0,0,0,0,22,0,0,0,0,1,1,1,0.005295249999107909
"[0, 1, 0, 0, 0, 0, 0, 0, 0, 0, 0, 0, 0, 0, 0, 0, 0, 0, 1, 1, 0]",90,44,803,693,0,0,0,0,0,22,0,0,0,0,1,1,1,0.0020164170000498416
"[0, 1, 0, 0, 0, 0, 0, 0, 0, 0, 0, 0, 0, 0, 0, 0, 0, 0, 1, 0, 1]",90,44,803,693,0,0,0,0,0,22,0,0,0,0,1,1,1,0.005398084000262315
"[0, 1, 0, 0, 0, 0, 0, 0, 0, 0, 0, 0, 0, 0, 0, 0, 0, 0, 0, 1, 1]",90,44,803,693,0,0,0,0,0,22,0,0,0,0,1,1,1,0.005655416000081459
"[0, 0, 1, 1, 1, 0, 0, 0, 0, 0, 0, 0, 0, 0, 0, 0, 0, 0, 0, 0, 0]",106,44,1155,693,0,0,0,0,0,22,0,0,0,0,1,1,1,0.013979167000798043
"[0, 0, 1, 1, 0, 1, 0, 0, 0, 0, 0, 0, 0, 0, 0, 0, 0, 0, 0, 0, 0]",24,44,465,0,0,0,0,0,0,22,0,0,0,0,1,1,1,0.02552362499955052
"[0, 0, 1, 1, 0, 0, 1, 0, 0, 0, 0, 0, 0, 0, 0, 0, 0, 0, 0, 0, 0]",24,44,465,0,0,0,0,0,0,22,0,0,0,0,1,1,1,0.03407666699968104
"[0, 0, 1, 1, 0, 0, 0, 1, 0, 0, 0, 0, 0, 0, 0, 0, 0, 0, 0, 0, 0]",106,44,1155,693,0,0,0,0,0,22,0,0,0,0,1,1,1,0.008151415999236633
"[0, 0, 1, 1, 0, 0, 0, 0, 1, 0, 0, 0, 0, 0, 0, 0, 0, 0, 0, 0, 0]",106,44,1152,693,0,0,0,0,0,22,0,0,0,0,1,1,1,0.006639749999521882
"[0, 0, 1, 1, 0, 0, 0, 0, 0, 1, 0, 0, 0, 0, 0, 0, 0, 0, 0, 0, 0]",106,44,1155,693,0,0,0,0,0,22,0,0,0,0,1,1,1,0.002651374999913969
"[0, 0, 1, 1, 0, 0, 0, 0, 0, 0, 1, 0, 0, 0, 0, 0, 0, 0, 0, 0, 0]",106,44,1155,693,0,0,0,0,0,22,0,0,0,0,1,1,1,0.0029607919987029163
"[0, 0, 1, 1, 0, 0, 0, 0, 0, 0, 0, 1, 0, 0, 0, 0, 0, 0, 0, 0, 0]",106,44,1155,693,0,0,0,0,0,22,0,0,0,0,1,1,1,0.003047375001187902
"[0, 0, 1, 1, 0, 0, 0, 0, 0, 0, 0, 0, 1, 0, 0, 0, 0, 0, 0, 0, 0]",105,44,1133,693,0,0,0,0,0,22,0,0,0,0,1,1,1,4.642333375000817
"[0, 0, 1, 1, 0, 0, 0, 0, 0, 0, 0, 0, 0, 1, 0, 0, 0, 0, 0, 0, 0]",106,44,1155,693,0,0,0,0,0,22,0,0,0,0,1,1,1,0.0034131669999624137
"[0, 0, 1, 1, 0, 0, 0, 0, 0, 0, 0, 0, 0, 0, 1, 0, 0, 0, 0, 0, 0]",106,44,1155,693,0,0,0,0,0,22,0,0,0,0,1,1,1,0.0050512500001786975
"[0, 0, 1, 1, 0, 0, 0, 0, 0, 0, 0, 0, 0, 0, 0, 1, 0, 0, 0, 0, 0]",106,44,1155,693,0,0,0,0,0,22,0,0,0,0,1,1,1,0.003101459000390605
"[0, 0, 1, 1, 0, 0, 0, 0, 0, 0, 0, 0, 0, 0, 0, 0, 1, 0, 0, 0, 0]",106,44,1155,693,0,0,0,0,0,22,0,0,0,0,1,1,1,0.0033009159997163806
"[0, 0, 1, 1, 0, 0, 0, 0, 0, 0, 0, 0, 0, 0, 0, 0, 0, 1, 0, 0, 0]",106,44,1155,693,0,0,0,0,0,22,0,0,0,0,1,1,1,0.0031118330007302575
"[0, 0, 1, 1, 0, 0, 0, 0, 0, 0, 0, 0, 0, 0, 0, 0, 0, 0, 1, 0, 0]",102,44,1067,693,0,0,0,0,0,22,0,0,0,0,1,1,1,0.0028526249989226926
"[0, 0, 1, 1, 0, 0, 0, 0, 0, 0, 0, 0, 0, 0, 0, 0, 0, 0, 0, 1, 0]",106,44,1155,693,0,0,0,0,0,22,0,0,0,0,1,1,1,0.0026420840003993362
"[0, 0, 1, 1, 0, 0, 0, 0, 0, 0, 0, 0, 0, 0, 0, 0, 0, 0, 0, 0, 1]",106,44,1155,693,0,0,0,0,0,22,0,0,0,0,1,1,1,0.008110542001304566
"[0, 0, 1, 0, 1, 1, 0, 0, 0, 0, 0, 0, 0, 0, 0, 0, 0, 0, 0, 0, 0]",24,44,465,0,0,0,0,0,0,22,0,0,0,0,1,1,1,0.03579799999897659
"[0, 0, 1, 0, 1, 0, 1, 0, 0, 0, 0, 0, 0, 0, 0, 0, 0, 0, 0, 0, 0]",24,44,465,0,0,0,0,0,0,22,0,0,0,0,1,1,1,0.043681875000402215
"[0, 0, 1, 0, 1, 0, 0, 1, 0, 0, 0, 0, 0, 0, 0, 0, 0, 0, 0, 0, 0]",106,44,1155,693,0,0,0,0,0,22,0,0,0,0,1,1,1,0.01771162499971979
"[0, 0, 1, 0, 1, 0, 0, 0, 1, 0, 0, 0, 0, 0, 0, 0, 0, 0, 0, 0, 0]",106,44,1152,693,0,0,0,0,0,22,0,0,0,0,1,1,1,0.016456291999929817
"[0, 0, 1, 0, 1, 0, 0, 0, 0, 1, 0, 0, 0, 0, 0, 0, 0, 0, 0, 0, 0]",106,44,1155,693,0,0,0,0,0,22,0,0,0,0,1,1,1,0.012454833000447252
"[0, 0, 1, 0, 1, 0, 0, 0, 0, 0, 1, 0, 0, 0, 0, 0, 0, 0, 0, 0, 0]",106,44,1155,693,0,0,0,0,0,22,0,0,0,0,1,1,1,0.012785667000571266
"[0, 0, 1, 0, 1, 0, 0, 0, 0, 0, 0, 1, 0, 0, 0, 0, 0, 0, 0, 0, 0]",106,44,1155,693,0,0,0,0,0,22,0,0,0,0,1,1,1,0.013375416001508711
"[0, 0, 1, 0, 1, 0, 0, 0, 0, 0, 0, 0, 1, 0, 0, 0, 0, 0, 0, 0, 0]",105,44,1133,693,0,0,0,0,0,22,0,0,0,0,1,1,1,4.797507666999081
"[0, 0, 1, 0, 1, 0, 0, 0, 0, 0, 0, 0, 0, 1, 0, 0, 0, 0, 0, 0, 0]",106,44,1155,693,0,0,0,0,0,22,0,0,0,0,1,1,1,0.013479875000484753
"[0, 0, 1, 0, 1, 0, 0, 0, 0, 0, 0, 0, 0, 0, 1, 0, 0, 0, 0, 0, 0]",106,44,1155,693,0,0,0,0,0,22,0,0,0,0,1,1,1,0.014860541001326055
"[0, 0, 1, 0, 1, 0, 0, 0, 0, 0, 0, 0, 0, 0, 0, 1, 0, 0, 0, 0, 0]",106,44,1155,693,0,0,0,0,0,22,0,0,0,0,1,1,1,0.013378332998399856
"[0, 0, 1, 0, 1, 0, 0, 0, 0, 0, 0, 0, 0, 0, 0, 0, 1, 0, 0, 0, 0]",106,44,1155,693,0,0,0,0,0,22,0,0,0,0,1,1,1,0.013296958999490016
"[0, 0, 1, 0, 1, 0, 0, 0, 0, 0, 0, 0, 0, 0, 0, 0, 0, 1, 0, 0, 0]",106,44,1155,693,0,0,0,0,0,22,0,0,0,0,1,1,1,0.013321125001311884
"[0, 0, 1, 0, 1, 0, 0, 0, 0, 0, 0, 0, 0, 0, 0, 0, 0, 0, 1, 0, 0]",102,44,1067,693,0,0,0,0,0,22,0,0,0,0,1,1,1,0.013303333000294515
"[0, 0, 1, 0, 1, 0, 0, 0, 0, 0, 0, 0, 0, 0, 0, 0, 0, 0, 0, 1, 0]",106,44,1155,693,0,0,0,0,0,22,0,0,0,0,1,1,1,0.012762457999997423
"[0, 0, 1, 0, 1, 0, 0, 0, 0, 0, 0, 0, 0, 0, 0, 0, 0, 0, 0, 0, 1]",106,44,1155,693,0,0,0,0,0,22,0,0,0,0,1,1,1,0.019534125000063796
"[0, 0, 1, 0, 0, 1, 1, 0, 0, 0, 0, 0, 0, 0, 0, 0, 0, 0, 0, 0, 0]",24,44,465,0,0,0,0,0,0,22,0,0,0,0,1,1,1,0.03126899999915622
"[0, 0, 1, 0, 0, 1, 0, 1, 0, 0, 0, 0, 0, 0, 0, 0, 0, 0, 0, 0, 0]",24,44,465,0,0,0,0,0,0,22,0,0,0,0,1,1,1,0.025658417000158806
"[0, 0, 1, 0, 0, 1, 0, 0, 1, 0, 0, 0, 0, 0, 0, 0, 0, 0, 0, 0, 0]",24,44,465,0,0,0,0,0,0,22,0,0,0,0,1,1,1,0.02551770799982478
"[0, 0, 1, 0, 0, 1, 0, 0, 0, 1, 0, 0, 0, 0, 0, 0, 0, 0, 0, 0, 0]",24,44,465,0,0,0,0,0,0,22,0,0,0,0,1,1,1,0.025753957999768318
"[0, 0, 1, 0, 0, 1, 0, 0, 0, 0, 1, 0, 0, 0, 0, 0, 0, 0, 0, 0, 0]",24,44,465,0,0,0,0,0,0,22,0,0,0,0,1,1,1,0.025110208000114653
"[0, 0, 1, 0, 0, 1, 0, 0, 0, 0, 0, 1, 0, 0, 0, 0, 0, 0, 0, 0, 0]",24,44,465,0,0,0,0,0,0,22,0,0,0,0,1,1,1,0.0262519580010121
"[0, 0, 1, 0, 0, 1, 0, 0, 0, 0, 0, 0, 1, 0, 0, 0, 0, 0, 0, 0, 0]",23,44,443,0,0,0,0,0,0,22,0,0,0,0,1,1,1,0.3683922500003973
"[0, 0, 1, 0, 0, 1, 0, 0, 0, 0, 0, 0, 0, 1, 0, 0, 0, 0, 0, 0, 0]",24,44,465,0,0,0,0,0,0,22,0,0,0,0,1,1,1,0.028674375000264263
"[0, 0, 1, 0, 0, 1, 0, 0, 0, 0, 0, 0, 0, 0, 1, 0, 0, 0, 0, 0, 0]",24,44,465,0,0,0,0,0,0,22,0,0,0,0,1,1,1,0.027542958001504303
"[0, 0, 1, 0, 0, 1, 0, 0, 0, 0, 0, 0, 0, 0, 0, 1, 0, 0, 0, 0, 0]",24,44,465,0,0,0,0,0,0,22,0,0,0,0,1,1,1,0.025753791000170168
"[0, 0, 1, 0, 0, 1, 0, 0, 0, 0, 0, 0, 0, 0, 0, 0, 1, 0, 0, 0, 0]",24,44,465,0,0,0,0,0,0,22,0,0,0,0,1,1,1,0.02693354199982423
"[0, 0, 1, 0, 0, 1, 0, 0, 0, 0, 0, 0, 0, 0, 0, 0, 0, 1, 0, 0, 0]",24,44,465,0,0,0,0,0,0,22,0,0,0,0,1,1,1,0.025751374998435494
"[0, 0, 1, 0, 0, 1, 0, 0, 0, 0, 0, 0, 0, 0, 0, 0, 0, 0, 1, 0, 0]",20,44,377,0,0,0,0,0,0,22,0,0,0,0,1,1,1,0.02610120900135371
"[0, 0, 1, 0, 0, 1, 0, 0, 0, 0, 0, 0, 0, 0, 0, 0, 0, 0, 0, 1, 0]",24,44,465,0,0,0,0,0,0,22,0,0,0,0,1,1,1,0.02564029200038931
"[0, 0, 1, 0, 0, 1, 0, 0, 0, 0, 0, 0, 0, 0, 0, 0, 0, 0, 0, 0, 1]",24,44,465,0,0,0,0,0,0,22,0,0,0,0,1,1,1,0.02790583300156868
"[0, 0, 1, 0, 0, 0, 1, 1, 0, 0, 0, 0, 0, 0, 0, 0, 0, 0, 0, 0, 0]",24,44,465,0,0,0,0,0,0,22,0,0,0,0,1,1,1,0.034015458999419934
"[0, 0, 1, 0, 0, 0, 1, 0, 1, 0, 0, 0, 0, 0, 0, 0, 0, 0, 0, 0, 0]",24,44,465,0,0,0,0,0,0,22,0,0,0,0,1,1,1,0.03302516599978844
"[0, 0, 1, 0, 0, 0, 1, 0, 0, 1, 0, 0, 0, 0, 0, 0, 0, 0, 0, 0, 0]",24,44,465,0,0,0,0,0,0,22,0,0,0,0,1,1,1,0.0318052920010814
"[0, 0, 1, 0, 0, 0, 1, 0, 0, 0, 1, 0, 0, 0, 0, 0, 0, 0, 0, 0, 0]",24,44,465,0,0,0,0,0,0,22,0,0,0,0,1,1,1,0.03181712500008871
"[0, 0, 1, 0, 0, 0, 1, 0, 0, 0, 0, 1, 0, 0, 0, 0, 0, 0, 0, 0, 0]",24,44,465,0,0,0,0,0,0,22,0,0,0,0,1,1,1,0.03128325000034238
"[0, 0, 1, 0, 0, 0, 1, 0, 0, 0, 0, 0, 1, 0, 0, 0, 0, 0, 0, 0, 0]",23,44,443,0,0,0,0,0,0,22,0,0,0,0,1,1,1,0.3485238749999553
"[0, 0, 1, 0, 0, 0, 1, 0, 0, 0, 0, 0, 0, 1, 0, 0, 0, 0, 0, 0, 0]",24,44,465,0,0,0,0,0,0,22,0,0,0,0,1,1,1,0.03186054099933244
"[0, 0, 1, 0, 0, 0, 1, 0, 0, 0, 0, 0, 0, 0, 1, 0, 0, 0, 0, 0, 0]",24,44,465,0,0,0,0,0,0,22,0,0,0,0,1,1,1,0.033201000000190106
"[0, 0, 1, 0, 0, 0, 1, 0, 0, 0, 0, 0, 0, 0, 0, 1, 0, 0, 0, 0, 0]",24,44,465,0,0,0,0,0,0,22,0,0,0,0,1,1,1,0.031760249999933876
"[0, 0, 1, 0, 0, 0, 1, 0, 0, 0, 0, 0, 0, 0, 0, 0, 1, 0, 0, 0, 0]",24,44,465,0,0,0,0,0,0,22,0,0,0,0,1,1,1,0.031808292000278016
"[0, 0, 1, 0, 0, 0, 1, 0, 0, 0, 0, 0, 0, 0, 0, 0, 0, 1, 0, 0, 0]",24,44,465,0,0,0,0,0,0,22,0,0,0,0,1,1,1,0.032516208999368246
"[0, 0, 1, 0, 0, 0, 1, 0, 0, 0, 0, 0, 0, 0, 0, 0, 0, 0, 1, 0, 0]",20,44,377,0,0,0,0,0,0,22,0,0,0,0,1,1,1,0.03199845800008916
"[0, 0, 1, 0, 0, 0, 1, 0, 0, 0, 0, 0, 0, 0, 0, 0, 0, 0, 0, 1, 0]",24,44,465,0,0,0,0,0,0,22,0,0,0,0,1,1,1,0.03198254200106021
"[0, 0, 1, 0, 0, 0, 1, 0, 0, 0, 0, 0, 0, 0, 0, 0, 0, 0, 0, 0, 1]",24,44,465,0,0,0,0,0,0,22,0,0,0,0,1,1,1,0.03473449999910372
"[0, 0, 1, 0, 0, 0, 0, 1, 1, 0, 0, 0, 0, 0, 0, 0, 0, 0, 0, 0, 0]",106,44,1152,693,0,0,0,0,0,22,0,0,0,0,1,1,1,0.01158058299915865
"[0, 0, 1, 0, 0, 0, 0, 1, 0, 1, 0, 0, 0, 0, 0, 0, 0, 0, 0, 0, 0]",106,44,1155,693,0,0,0,0,0,22,0,0,0,0,1,1,1,0.007454750000761123
"[0, 0, 1, 0, 0, 0, 0, 1, 0, 0, 1, 0, 0, 0, 0, 0, 0, 0, 0, 0, 0]",106,44,1155,693,0,0,0,0,0,22,0,0,0,0,1,1,1,0.00764954099940951
"[0, 0, 1, 0, 0, 0, 0, 1, 0, 0, 0, 1, 0, 0, 0, 0, 0, 0, 0, 0, 0]",106,44,1155,693,0,0,0,0,0,22,0,0,0,0,1,1,1,0.007262790999448043
"[0, 0, 1, 0, 0, 0, 0, 1, 0, 0, 0, 0, 1, 0, 0, 0, 0, 0, 0, 0, 0]",105,44,1133,693,0,0,0,0,0,22,0,0,0,0,1,1,1,4.51863904199854
"[0, 0, 1, 0, 0, 0, 0, 1, 0, 0, 0, 0, 0, 1, 0, 0, 0, 0, 0, 0, 0]",106,44,1155,693,0,0,0,0,0,22,0,0,0,0,1,1,1,0.00811829200029024
"[0, 0, 1, 0, 0, 0, 0, 1, 0, 0, 0, 0, 0, 0, 1, 0, 0, 0, 0, 0, 0]",106,44,1155,693,0,0,0,0,0,22,0,0,0,0,1,1,1,0.009255500001017936
"[0, 0, 1, 0, 0, 0, 0, 1, 0, 0, 0, 0, 0, 0, 0, 1, 0, 0, 0, 0, 0]",106,44,1155,693,0,0,0,0,0,22,0,0,0,0,1,1,1,0.007463124999048887
"[0, 0, 1, 0, 0, 0, 0, 1, 0, 0, 0, 0, 0, 0, 0, 0, 1, 0, 0, 0, 0]",106,44,1155,693,0,0,0,0,0,22,0,0,0,0,1,1,1,0.007400999998935731
"[0, 0, 1, 0, 0, 0, 0, 1, 0, 0, 0, 0, 0, 0, 0, 0, 0, 1, 0, 0, 0]",106,44,1155,693,0,0,0,0,0,22,0,0,0,0,1,1,1,0.00725879099991289
"[0, 0, 1, 0, 0, 0, 0, 1, 0, 0, 0, 0, 0, 0, 0, 0, 0, 0, 1, 0, 0]",102,44,1067,693,0,0,0,0,0,22,0,0,0,0,1,1,1,0.00736499999948137
"[0, 0, 1, 0, 0, 0, 0, 1, 0, 0, 0, 0, 0, 0, 0, 0, 0, 0, 0, 1, 0]",106,44,1155,693,0,0,0,0,0,22,0,0,0,0,1,1,1,0.007058667000819696
"[0, 0, 1, 0, 0, 0, 0, 1, 0, 0, 0, 0, 0, 0, 0, 0, 0, 0, 0, 0, 1]",106,44,1155,693,0,0,0,0,0,22,0,0,0,0,1,1,1,0.01208191699879535
"[0, 0, 1, 0, 0, 0, 0, 0, 1, 1, 0, 0, 0, 0, 0, 0, 0, 0, 0, 0, 0]",106,44,1152,693,0,0,0,0,0,22,0,0,0,0,1,1,1,0.006520541001009406
"[0, 0, 1, 0, 0, 0, 0, 0, 1, 0, 1, 0, 0, 0, 0, 0, 0, 0, 0, 0, 0]",106,44,1152,693,0,0,0,0,0,22,0,0,0,0,1,1,1,0.0064255830002366565
"[0, 0, 1, 0, 0, 0, 0, 0, 1, 0, 0, 1, 0, 0, 0, 0, 0, 0, 0, 0, 0]",106,44,1152,693,0,0,0,0,0,22,0,0,0,0,1,1,1,0.005956875000265427
"[0, 0, 1, 0, 0, 0, 0, 0, 1, 0, 0, 0, 1, 0, 0, 0, 0, 0, 0, 0, 0]",105,44,1130,693,0,0,0,0,0,22,0,0,0,0,1,1,1,4.619036165999205
"[0, 0, 1, 0, 0, 0, 0, 0, 1, 0, 0, 0, 0, 1, 0, 0, 0, 0, 0, 0, 0]",106,44,1152,693,0,0,0,0,0,22,0,0,0,0,1,1,1,0.006723042000885471
"[0, 0, 1, 0, 0, 0, 0, 0, 1, 0, 0, 0, 0, 0, 1, 0, 0, 0, 0, 0, 0]",106,44,1152,693,0,0,0,0,0,22,0,0,0,0,1,1,1,0.00793116700151586
"[0, 0, 1, 0, 0, 0, 0, 0, 1, 0, 0, 0, 0, 0, 0, 1, 0, 0, 0, 0, 0]",106,44,1152,693,0,0,0,0,0,22,0,0,0,0,1,1,1,0.005897167000512127
"[0, 0, 1, 0, 0, 0, 0, 0, 1, 0, 0, 0, 0, 0, 0, 0, 1, 0, 0, 0, 0]",106,44,1152,693,0,0,0,0,0,22,0,0,0,0,1,1,1,0.005757999999332242
"[0, 0, 1, 0, 0, 0, 0, 0, 1, 0, 0, 0, 0, 0, 0, 0, 0, 1, 0, 0, 0]",106,44,1152,693,0,0,0,0,0,22,0,0,0,0,1,1,1,0.006521792000057758
"[0, 0, 1, 0, 0, 0, 0, 0, 1, 0, 0, 0, 0, 0, 0, 0, 0, 0, 1, 0, 0]",102,44,1067,693,0,0,0,0,0,22,0,0,0,0,1,1,1,0.005944999998973799
"[0, 0, 1, 0, 0, 0, 0, 0, 1, 0, 0, 0, 0, 0, 0, 0, 0, 0, 0, 1, 0]",106,44,1152,693,0,0,0,0,0,22,0,0,0,0,1,1,1,0.005812875000628992
"[0, 0, 1, 0, 0, 0, 0, 0, 1, 0, 0, 0, 0, 0, 0, 0, 0, 0, 0, 0, 1]",106,44,1152,693,0,0,0,0,0,22,0,0,0,0,1,1,1,0.011700084000040079
"[0, 0, 1, 0, 0, 0, 0, 0, 0, 1, 1, 0, 0, 0, 0, 0, 0, 0, 0, 0, 0]",106,44,1155,693,0,0,0,0,0,22,0,0,0,0,1,1,1,0.002621292000185349
"[0, 0, 1, 0, 0, 0, 0, 0, 0, 1, 0, 1, 0, 0, 0, 0, 0, 0, 0, 0, 0]",106,44,1155,693,0,0,0,0,0,22,0,0,0,0,1,1,1,0.0020983340000384487
"[0, 0, 1, 0, 0, 0, 0, 0, 0, 1, 0, 0, 1, 0, 0, 0, 0, 0, 0, 0, 0]",105,44,1133,693,0,0,0,0,0,22,0,0,0,0,1,1,1,4.52884104199984
"[0, 0, 1, 0, 0, 0, 0, 0, 0, 1, 0, 0, 0, 1, 0, 0, 0, 0, 0, 0, 0]",106,44,1155,693,0,0,0,0,0,22,0,0,0,0,1,1,1,0.002892374999646563
"[0, 0, 1, 0, 0, 0, 0, 0, 0, 1, 0, 0, 0, 0, 1, 0, 0, 0, 0, 0, 0]",106,44,1155,693,0,0,0,0,0,22,0,0,0,0,1,1,1,0.003841332998490543
"[0, 0, 1, 0, 0, 0, 0, 0, 0, 1, 0, 0, 0, 0, 0, 1, 0, 0, 0, 0, 0]",106,44,1155,693,0,0,0,0,0,22,0,0,0,0,1,1,1,0.0018662919992493698
"[0, 0, 1, 0, 0, 0, 0, 0, 0, 1, 0, 0, 0, 0, 0, 0, 1, 0, 0, 0, 0]",106,44,1155,693,0,0,0,0,0,22,0,0,0,0,1,1,1,0.0020127499992668163
"[0, 0, 1, 0, 0, 0, 0, 0, 0, 1, 0, 0, 0, 0, 0, 0, 0, 1, 0, 0, 0]",106,44,1155,693,0,0,0,0,0,22,0,0,0,0,1,1,1,0.0020377500004542526
"[0, 0, 1, 0, 0, 0, 0, 0, 0, 1, 0, 0, 0, 0, 0, 0, 0, 0, 1, 0, 0]",102,44,1067,693,0,0,0,0,0,22,0,0,0,0,1,1,1,0.0019790000005741604
"[0, 0, 1, 0, 0, 0, 0, 0, 0, 1, 0, 0, 0, 0, 0, 0, 0, 0, 0, 1, 0]",106,44,1155,693,0,0,0,0,0,22,0,0,0,0,1,1,1,0.0018555830010882346
"[0, 0, 1, 0, 0, 0, 0, 0, 0, 1, 0, 0, 0, 0, 0, 0, 0, 0, 0, 0, 1]",106,44,1155,693,0,0,0,0,0,22,0,0,0,0,1,1,1,0.006743375000951346
"[0, 0, 1, 0, 0, 0, 0, 0, 0, 0, 1, 1, 0, 0, 0, 0, 0, 0, 0, 0, 0]",106,44,1155,693,0,0,0,0,0,22,0,0,0,0,1,1,1,0.0022099589987192303
"[0, 0, 1, 0, 0, 0, 0, 0, 0, 0, 1, 0, 1, 0, 0, 0, 0, 0, 0, 0, 0]",105,44,1133,693,0,0,0,0,0,22,0,0,0,0,1,1,1,4.583851707999202
"[0, 0, 1, 0, 0, 0, 0, 0, 0, 0, 1, 0, 0, 1, 0, 0, 0, 0, 0, 0, 0]",106,44,1155,693,0,0,0,0,0,22,0,0,0,0,1,1,1,0.0027105830013169907
"[0, 0, 1, 0, 0, 0, 0, 0, 0, 0, 1, 0, 0, 0, 1, 0, 0, 0, 0, 0, 0]",106,44,1155,693,0,0,0,0,0,22,0,0,0,0,1,1,1,0.004082875000676722
"[0, 0, 1, 0, 0, 0, 0, 0, 0, 0, 1, 0, 0, 0, 0, 1, 0, 0, 0, 0, 0]",106,44,1155,693,0,0,0,0,0,22,0,0,0,0,1,1,1,0.0021238749995973194
"[0, 0, 1, 0, 0, 0, 0, 0, 0, 0, 1, 0, 0, 0, 0, 0, 1, 0, 0, 0, 0]",106,44,1155,693,0,0,0,0,0,22,0,0,0,0,1,1,1,0.0021356249999371357
"[0, 0, 1, 0, 0, 0, 0, 0, 0, 0, 1, 0, 0, 0, 0, 0, 0, 1, 0, 0, 0]",106,44,1155,693,0,0,0,0,0,22,0,0,0,0,1,1,1,0.00222145800034923
"[0, 0, 1, 0, 0, 0, 0, 0, 0, 0, 1, 0, 0, 0, 0, 0, 0, 0, 1, 0, 0]",102,44,1067,693,0,0,0,0,0,22,0,0,0,0,1,1,1,0.0023191669988591457
"[0, 0, 1, 0, 0, 0, 0, 0, 0, 0, 1, 0, 0, 0, 0, 0, 0, 0, 0, 1, 0]",106,44,1155,693,0,0,0,0,0,22,0,0,0,0,1,1,1,0.002189707998695667
"[0, 0, 1, 0, 0, 0, 0, 0, 0, 0, 1, 0, 0, 0, 0, 0, 0, 0, 0, 0, 1]",106,44,1155,693,0,0,0,0,0,22,0,0,0,0,1,1,1,0.007190291000370053
"[0, 0, 1, 0, 0, 0, 0, 0, 0, 0, 0, 1, 1, 0, 0, 0, 0, 0, 0, 0, 0]",105,44,1133,693,0,0,0,0,0,22,0,0,0,0,1,1,1,4.537693791999118
"[0, 0, 1, 0, 0, 0, 0, 0, 0, 0, 0, 1, 0, 1, 0, 0, 0, 0, 0, 0, 0]",106,44,1155,693,0,0,0,0,0,22,0,0,0,0,1,1,1,0.002516042000934249
"[0, 0, 1, 0, 0, 0, 0, 0, 0, 0, 0, 1, 0, 0, 1, 0, 0, 0, 0, 0, 0]",106,44,1155,693,0,0,0,0,0,22,0,0,0,0,1,1,1,0.004112042000997462
"[0, 0, 1, 0, 0, 0, 0, 0, 0, 0, 0, 1, 0, 0, 0, 1, 0, 0, 0, 0, 0]",106,44,1155,693,0,0,0,0,0,22,0,0,0,0,1,1,1,0.0018960420002258616
"[0, 0, 1, 0, 0, 0, 0, 0, 0, 0, 0, 1, 0, 0, 0, 0, 1, 0, 0, 0, 0]",106,44,1155,693,0,0,0,0,0,22,0,0,0,0,1,1,1,0.0020340420014690608
"[0, 0, 1, 0, 0, 0, 0, 0, 0, 0, 0, 1, 0, 0, 0, 0, 0, 1, 0, 0, 0]",106,44,1155,693,0,0,0,0,0,22,0,0,0,0,1,1,1,0.0019153339999320451
"[0, 0, 1, 0, 0, 0, 0, 0, 0, 0, 0, 1, 0, 0, 0, 0, 0, 0, 1, 0, 0]",102,44,1067,693,0,0,0,0,0,22,0,0,0,0,1,1,1,0.0020032079992233776
"[0, 0, 1, 0, 0, 0, 0, 0, 0, 0, 0, 1, 0, 0, 0, 0, 0, 0, 0, 1, 0]",106,44,1155,693,0,0,0,0,0,22,0,0,0,0,1,1,1,0.0018951250003738096
"[0, 0, 1, 0, 0, 0, 0, 0, 0, 0, 0, 1, 0, 0, 0, 0, 0, 0, 0, 0, 1]",106,44,1155,693,0,0,0,0,0,22,0,0,0,0,1,1,1,0.00678916700053378
"[0, 0, 1, 0, 0, 0, 0, 0, 0, 0, 0, 0, 1, 1, 0, 0, 0, 0, 0, 0, 0]",105,44,1133,693,0,0,0,0,0,22,0,0,0,0,1,1,1,4.504751458000101
"[0, 0, 1, 0, 0, 0, 0, 0, 0, 0, 0, 0, 1, 0, 1, 0, 0, 0, 0, 0, 0]",105,44,1133,693,0,0,0,0,0,22,0,0,0,0,1,1,1,4.523973167000804
"[0, 0, 1, 0, 0, 0, 0, 0, 0, 0, 0, 0, 1, 0, 0, 1, 0, 0, 0, 0, 0]",105,44,1133,693,0,0,0,0,0,22,0,0,0,0,1,1,1,4.521741124999608
"[0, 0, 1, 0, 0, 0, 0, 0, 0, 0, 0, 0, 1, 0, 0, 0, 1, 0, 0, 0, 0]",105,44,1133,693,0,0,0,0,0,22,0,0,0,0,1,1,1,4.858763583999462
"[0, 0, 1, 0, 0, 0, 0, 0, 0, 0, 0, 0, 1, 0, 0, 0, 0, 1, 0, 0, 0]",105,44,1133,693,0,0,0,0,0,22,0,0,0,0,1,1,1,4.621208250000564
"[0, 0, 1, 0, 0, 0, 0, 0, 0, 0, 0, 0, 1, 0, 0, 0, 0, 0, 1, 0, 0]",102,44,1067,693,0,0,0,0,0,22,0,0,0,0,1,1,1,4.694354958999611
"[0, 0, 1, 0, 0, 0, 0, 0, 0, 0, 0, 0, 1, 0, 0, 0, 0, 0, 0, 1, 0]",105,44,1133,693,0,0,0,0,0,22,0,0,0,0,1,1,1,4.479933042000994
"[0, 0, 1, 0, 0, 0, 0, 0, 0, 0, 0, 0, 1, 0, 0, 0, 0, 0, 0, 0, 1]",105,44,1133,693,0,0,0,0,0,22,0,0,0,0,1,1,1,4.510035250001238
"[0, 0, 1, 0, 0, 0, 0, 0, 0, 0, 0, 0, 0, 1, 1, 0, 0, 0, 0, 0, 0]",106,44,1155,693,0,0,0,0,0,22,0,0,0,0,1,1,1,0.004424958000527113
"[0, 0, 1, 0, 0, 0, 0, 0, 0, 0, 0, 0, 0, 1, 0, 1, 0, 0, 0, 0, 0]",106,44,1155,693,0,0,0,0,0,22,0,0,0,0,1,1,1,0.0023980420010047965
"[0, 0, 1, 0, 0, 0, 0, 0, 0, 0, 0, 0, 0, 1, 0, 0, 1, 0, 0, 0, 0]",106,44,1155,693,0,0,0,0,0,22,0,0,0,0,1,1,1,0.0022220829996513203
"[0, 0, 1, 0, 0, 0, 0, 0, 0, 0, 0, 0, 0, 1, 0, 0, 0, 1, 0, 0, 0]",106,44,1155,693,0,0,0,0,0,22,0,0,0,0,1,1,1,0.002193374999478692
"[0, 0, 1, 0, 0, 0, 0, 0, 0, 0, 0, 0, 0, 1, 0, 0, 0, 0, 1, 0, 0]",102,44,1067,693,0,0,0,0,0,22,0,0,0,0,1,1,1,0.00235945799977344
"[0, 0, 1, 0, 0, 0, 0, 0, 0, 0, 0, 0, 0, 1, 0, 0, 0, 0, 0, 1, 0]",106,44,1155,693,0,0,0,0,0,22,0,0,0,0,1,1,1,0.0022433750000345754
"[0, 0, 1, 0, 0, 0, 0, 0, 0, 0, 0, 0, 0, 1, 0, 0, 0, 0, 0, 0, 1]",106,44,1155,693,0,0,0,0,0,22,0,0,0,0,1,1,1,0.00743624999995518
"[0, 0, 1, 0, 0, 0, 0, 0, 0, 0, 0, 0, 0, 0, 1, 1, 0, 0, 0, 0, 0]",106,44,1155,693,0,0,0,0,0,22,0,0,0,0,1,1,1,0.003855499999190215
"[0, 0, 1, 0, 0, 0, 0, 0, 0, 0, 0, 0, 0, 0, 1, 0, 1, 0, 0, 0, 0]",106,44,1155,693,0,0,0,0,0,22,0,0,0,0,1,1,1,0.0037183340009505628
"[0, 0, 1, 0, 0, 0, 0, 0, 0, 0, 0, 0, 0, 0, 1, 0, 0, 1, 0, 0, 0]",106,44,1155,693,0,0,0,0,0,22,0,0,0,0,1,1,1,0.003718207999554579
"[0, 0, 1, 0, 0, 0, 0, 0, 0, 0, 0, 0, 0, 0, 1, 0, 0, 0, 1, 0, 0]",102,44,1067,693,0,0,0,0,0,22,0,0,0,0,1,1,1,0.004004207999969367
"[0, 0, 1, 0, 0, 0, 0, 0, 0, 0, 0, 0, 0, 0, 1, 0, 0, 0, 0, 1, 0]",106,44,1155,693,0,0,0,0,0,22,0,0,0,0,1,1,1,0.0036879999988741474
"[0, 0, 1, 0, 0, 0, 0, 0, 0, 0, 0, 0, 0, 0, 1, 0, 0, 0, 0, 0, 1]",106,44,1155,693,0,0,0,0,0,22,0,0,0,0,1,1,1,0.008521666000888217
"[0, 0, 1, 0, 0, 0, 0, 0, 0, 0, 0, 0, 0, 0, 0, 1, 1, 0, 0, 0, 0]",106,44,1155,693,0,0,0,0,0,22,0,0,0,0,1,1,1,0.0018959579992952058
"[0, 0, 1, 0, 0, 0, 0, 0, 0, 0, 0, 0, 0, 0, 0, 1, 0, 1, 0, 0, 0]",106,44,1155,693,0,0,0,0,0,22,0,0,0,0,1,1,1,0.0018283749996044207
"[0, 0, 1, 0, 0, 0, 0, 0, 0, 0, 0, 0, 0, 0, 0, 1, 0, 0, 1, 0, 0]",102,44,1067,693,0,0,0,0,0,22,0,0,0,0,1,1,1,0.002358749999984866
"[0, 0, 1, 0, 0, 0, 0, 0, 0, 0, 0, 0, 0, 0, 0, 1, 0, 0, 0, 1, 0]",106,44,1155,693,0,0,0,0,0,22,0,0,0,0,1,1,1,0.001988750000236905
"[0, 0, 1, 0, 0, 0, 0, 0, 0, 0, 0, 0, 0, 0, 0, 1, 0, 0, 0, 0, 1]",106,44,1155,693,0,0,0,0,0,22,0,0,0,0,1,1,1,0.007884915999966324
"[0, 0, 1, 0, 0, 0, 0, 0, 0, 0, 0, 0, 0, 0, 0, 0, 1, 1, 0, 0, 0]",106,44,1155,693,0,0,0,0,0,22,0,0,0,0,1,1,1,0.001901042000099551
"[0, 0, 1, 0, 0, 0, 0, 0, 0, 0, 0, 0, 0, 0, 0, 0, 1, 0, 1, 0, 0]",102,44,1067,693,0,0,0,0,0,22,0,0,0,0,1,1,1,0.002013082999837934
"[0, 0, 1, 0, 0, 0, 0, 0, 0, 0, 0, 0, 0, 0, 0, 0, 1, 0, 0, 1, 0]",106,44,1155,693,0,0,0,0,0,22,0,0,0,0,1,1,1,0.00215099999877566
"[0, 0, 1, 0, 0, 0, 0, 0, 0, 0, 0, 0, 0, 0, 0, 0, 1, 0, 0, 0, 1]",106,44,1155,693,0,0,0,0,0,22,0,0,0,0,1,1,1,0.006913707999046892
"[0, 0, 1, 0, 0, 0, 0, 0, 0, 0, 0, 0, 0, 0, 0, 0, 0, 1, 1, 0, 0]",102,44,1067,693,0,0,0,0,0,22,0,0,0,0,1,1,1,0.0019974579990957864
"[0, 0, 1, 0, 0, 0, 0, 0, 0, 0, 0, 0, 0, 0, 0, 0, 0, 1, 0, 1, 0]",106,44,1155,693,0,0,0,0,0,22,0,0,0,0,1,1,1,0.002081417000226793
"[0, 0, 1, 0, 0, 0, 0, 0, 0, 0, 0, 0, 0, 0, 0, 0, 0, 1, 0, 0, 1]",106,44,1155,693,0,0,0,0,0,22,0,0,0,0,1,1,1,0.006824833999417024
"[0, 0, 1, 0, 0, 0, 0, 0, 0, 0, 0, 0, 0, 0, 0, 0, 0, 0, 1, 1, 0]",102,44,1067,693,0,0,0,0,0,22,0,0,0,0,1,1,1,0.0019782079998549307
"[0, 0, 1, 0, 0, 0, 0, 0, 0, 0, 0, 0, 0, 0, 0, 0, 0, 0, 1, 0, 1]",102,44,1067,693,0,0,0,0,0,22,0,0,0,0,1,1,1,0.00662449999981618
"[0, 0, 1, 0, 0, 0, 0, 0, 0, 0, 0, 0, 0, 0, 0, 0, 0, 0, 0, 1, 1]",106,44,1155,693,0,0,0,0,0,22,0,0,0,0,1,1,1,0.006662333000349463
"[0, 0, 0, 1, 1, 1, 0, 0, 0, 0, 0, 0, 0, 0, 0, 0, 0, 0, 0, 0, 0]",24,44,465,0,0,0,0,0,0,22,0,0,0,0,1,1,1,0.03777829200043925
"[0, 0, 0, 1, 1, 0, 1, 0, 0, 0, 0, 0, 0, 0, 0, 0, 0, 0, 0, 0, 0]",24,44,465,0,0,0,0,0,0,22,0,0,0,0,1,1,1,0.04651404200012621
"[0, 0, 0, 1, 1, 0, 0, 1, 0, 0, 0, 0, 0, 0, 0, 0, 0, 0, 0, 0, 0]",106,44,1155,693,0,0,0,0,0,22,0,0,0,0,1,1,1,0.019926791999751003
"[0, 0, 0, 1, 1, 0, 0, 0, 1, 0, 0, 0, 0, 0, 0, 0, 0, 0, 0, 0, 0]",106,44,1152,693,0,0,0,0,0,22,0,0,0,0,1,1,1,0.018479291999028646
"[0, 0, 0, 1, 1, 0, 0, 0, 0, 1, 0, 0, 0, 0, 0, 0, 0, 0, 0, 0, 0]",106,44,1155,693,0,0,0,0,0,22,0,0,0,0,1,1,1,0.013984208000692888
"[0, 0, 0, 1, 1, 0, 0, 0, 0, 0, 1, 0, 0, 0, 0, 0, 0, 0, 0, 0, 0]",106,44,1155,693,0,0,0,0,0,22,0,0,0,0,1,1,1,0.016052791999754845
"[0, 0, 0, 1, 1, 0, 0, 0, 0, 0, 0, 1, 0, 0, 0, 0, 0, 0, 0, 0, 0]",106,44,1155,693,0,0,0,0,0,22,0,0,0,0,1,1,1,0.01492099999995844
"[0, 0, 0, 1, 1, 0, 0, 0, 0, 0, 0, 0, 1, 0, 0, 0, 0, 0, 0, 0, 0]",105,44,1133,693,0,0,0,0,0,22,0,0,0,0,1,1,1,4.771325333000277
"[0, 0, 0, 1, 1, 0, 0, 0, 0, 0, 0, 0, 0, 1, 0, 0, 0, 0, 0, 0, 0]",106,44,1155,693,0,0,0,0,0,22,0,0,0,0,1,1,1,0.01512774999901012
"[0, 0, 0, 1, 1, 0, 0, 0, 0, 0, 0, 0, 0, 0, 1, 0, 0, 0, 0, 0, 0]",106,44,1155,693,0,0,0,0,0,22,0,0,0,0,1,1,1,0.017690291999315377
"[0, 0, 0, 1, 1, 0, 0, 0, 0, 0, 0, 0, 0, 0, 0, 1, 0, 0, 0, 0, 0]",106,44,1155,693,0,0,0,0,0,22,0,0,0,0,1,1,1,0.013710667000850663
"[0, 0, 0, 1, 1, 0, 0, 0, 0, 0, 0, 0, 0, 0, 0, 0, 1, 0, 0, 0, 0]",106,44,1155,693,0,0,0,0,0,22,0,0,0,0,1,1,1,0.013716124998609303
"[0, 0, 0, 1, 1, 0, 0, 0, 0, 0, 0, 0, 0, 0, 0, 0, 0, 1, 0, 0, 0]",106,44,1155,693,0,0,0,0,0,22,0,0,0,0,1,1,1,0.013709542001379305
"[0, 0, 0, 1, 1, 0, 0, 0, 0, 0, 0, 0, 0, 0, 0, 0, 0, 0, 1, 0, 0]",102,44,1067,693,0,0,0,0,0,22,0,0,0,0,1,1,1,0.013849750001099892
"[0, 0, 0, 1, 1, 0, 0, 0, 0, 0, 0, 0, 0, 0, 0, 0, 0, 0, 0, 1, 0]",106,44,1155,693,0,0,0,0,0,22,0,0,0,0,1,1,1,0.014097458000833285
"[0, 0, 0, 1, 1, 0, 0, 0, 0, 0, 0, 0, 0, 0, 0, 0, 0, 0, 0, 0, 1]",106,44,1155,693,0,0,0,0,0,22,0,0,0,0,1,1,1,0.0194454999982554
"[0, 0, 0, 1, 0, 1, 1, 0, 0, 0, 0, 0, 0, 0, 0, 0, 0, 0, 0, 0, 0]",24,44,465,0,0,0,0,0,0,22,0,0,0,0,1,1,1,0.03248854100093013
"[0, 0, 0, 1, 0, 1, 0, 1, 0, 0, 0, 0, 0, 0, 0, 0, 0, 0, 0, 0, 0]",24,44,465,0,0,0,0,0,0,22,0,0,0,0,1,1,1,0.02714608399946883
"[0, 0, 0, 1, 0, 1, 0, 0, 1, 0, 0, 0, 0, 0, 0, 0, 0, 0, 0, 0, 0]",24,44,465,0,0,0,0,0,0,22,0,0,0,0,1,1,1,0.02619412499916507
"[0, 0, 0, 1, 0, 1, 0, 0, 0, 1, 0, 0, 0, 0, 0, 0, 0, 0, 0, 0, 0]",24,44,465,0,0,0,0,0,0,22,0,0,0,0,1,1,1,0.026904000000286032
"[0, 0, 0, 1, 0, 1, 0, 0, 0, 0, 1, 0, 0, 0, 0, 0, 0, 0, 0, 0, 0]",24,44,465,0,0,0,0,0,0,22,0,0,0,0,1,1,1,0.02861300000040501
"[0, 0, 0, 1, 0, 1, 0, 0, 0, 0, 0, 1, 0, 0, 0, 0, 0, 0, 0, 0, 0]",24,44,465,0,0,0,0,0,0,22,0,0,0,0,1,1,1,0.026470165999853634
"[0, 0, 0, 1, 0, 1, 0, 0, 0, 0, 0, 0, 1, 0, 0, 0, 0, 0, 0, 0, 0]",23,44,443,0,0,0,0,0,0,22,0,0,0,0,1,1,1,0.3708208750013
"[0, 0, 0, 1, 0, 1, 0, 0, 0, 0, 0, 0, 0, 1, 0, 0, 0, 0, 0, 0, 0]",24,44,465,0,0,0,0,0,0,22,0,0,0,0,1,1,1,0.026203375000477536
"[0, 0, 0, 1, 0, 1, 0, 0, 0, 0, 0, 0, 0, 0, 1, 0, 0, 0, 0, 0, 0]",24,44,465,0,0,0,0,0,0,22,0,0,0,0,1,1,1,0.02694629100005841
"[0, 0, 0, 1, 0, 1, 0, 0, 0, 0, 0, 0, 0, 0, 0, 1, 0, 0, 0, 0, 0]",24,44,465,0,0,0,0,0,0,22,0,0,0,0,1,1,1,0.026619999998729327
"[0, 0, 0, 1, 0, 1, 0, 0, 0, 0, 0, 0, 0, 0, 0, 0, 1, 0, 0, 0, 0]",24,44,465,0,0,0,0,0,0,22,0,0,0,0,1,1,1,0.026160416999118752
"[0, 0, 0, 1, 0, 1, 0, 0, 0, 0, 0, 0, 0, 0, 0, 0, 0, 1, 0, 0, 0]",24,44,465,0,0,0,0,0,0,22,0,0,0,0,1,1,1,0.02489545899879886
"[0, 0, 0, 1, 0, 1, 0, 0, 0, 0, 0, 0, 0, 0, 0, 0, 0, 0, 1, 0, 0]",20,44,377,0,0,0,0,0,0,22,0,0,0,0,1,1,1,0.025928500001100474
"[0, 0, 0, 1, 0, 1, 0, 0, 0, 0, 0, 0, 0, 0, 0, 0, 0, 0, 0, 1, 0]",24,44,465,0,0,0,0,0,0,22,0,0,0,0,1,1,1,0.02492562500083295
"[0, 0, 0, 1, 0, 1, 0, 0, 0, 0, 0, 0, 0, 0, 0, 0, 0, 0, 0, 0, 1]",24,44,465,0,0,0,0,0,0,22,0,0,0,0,1,1,1,0.02759524999964924
"[0, 0, 0, 1, 0, 0, 1, 1, 0, 0, 0, 0, 0, 0, 0, 0, 0, 0, 0, 0, 0]",24,44,465,0,0,0,0,0,0,22,0,0,0,0,1,1,1,0.03379204200064123
"[0, 0, 0, 1, 0, 0, 1, 0, 1, 0, 0, 0, 0, 0, 0, 0, 0, 0, 0, 0, 0]",24,44,465,0,0,0,0,0,0,22,0,0,0,0,1,1,1,0.03299962500022957
"[0, 0, 0, 1, 0, 0, 1, 0, 0, 1, 0, 0, 0, 0, 0, 0, 0, 0, 0, 0, 0]",24,44,465,0,0,0,0,0,0,22,0,0,0,0,1,1,1,0.03269387500040466
"[0, 0, 0, 1, 0, 0, 1, 0, 0, 0, 1, 0, 0, 0, 0, 0, 0, 0, 0, 0, 0]",24,44,465,0,0,0,0,0,0,22,0,0,0,0,1,1,1,0.032708458000342944
"[0, 0, 0, 1, 0, 0, 1, 0, 0, 0, 0, 1, 0, 0, 0, 0, 0, 0, 0, 0, 0]",24,44,465,0,0,0,0,0,0,22,0,0,0,0,1,1,1,0.033218167000086396
"[0, 0, 0, 1, 0, 0, 1, 0, 0, 0, 0, 0, 1, 0, 0, 0, 0, 0, 0, 0, 0]",23,44,443,0,0,0,0,0,0,22,0,0,0,0,1,1,1,0.4343445829999837
"[0, 0, 0, 1, 0, 0, 1, 0, 0, 0, 0, 0, 0, 1, 0, 0, 0, 0, 0, 0, 0]",24,44,465,0,0,0,0,0,0,22,0,0,0,0,1,1,1,0.03336329200101318
"[0, 0, 0, 1, 0, 0, 1, 0, 0, 0, 0, 0, 0, 0, 1, 0, 0, 0, 0, 0, 0]",24,44,465,0,0,0,0,0,0,22,0,0,0,0,1,1,1,0.034265791000507306
"[0, 0, 0, 1, 0, 0, 1, 0, 0, 0, 0, 0, 0, 0, 0, 1, 0, 0, 0, 0, 0]",24,44,465,0,0,0,0,0,0,22,0,0,0,0,1,1,1,0.033220375000382774
"[0, 0, 0, 1, 0, 0, 1, 0, 0, 0, 0, 0, 0, 0, 0, 0, 1, 0, 0, 0, 0]",24,44,465,0,0,0,0,0,0,22,0,0,0,0,1,1,1,0.033179999998537824
"[0, 0, 0, 1, 0, 0, 1, 0, 0, 0, 0, 0, 0, 0, 0, 0, 0, 1, 0, 0, 0]",24,44,465,0,0,0,0,0,0,22,0,0,0,0,1,1,1,0.03372029100137297
"[0, 0, 0, 1, 0, 0, 1, 0, 0, 0, 0, 0, 0, 0, 0, 0, 0, 0, 1, 0, 0]",20,44,377,0,0,0,0,0,0,22,0,0,0,0,1,1,1,0.03308554099930916
"[0, 0, 0, 1, 0, 0, 1, 0, 0, 0, 0, 0, 0, 0, 0, 0, 0, 0, 0, 1, 0]",24,44,465,0,0,0,0,0,0,22,0,0,0,0,1,1,1,0.033884750000652275
"[0, 0, 0, 1, 0, 0, 1, 0, 0, 0, 0, 0, 0, 0, 0, 0, 0, 0, 0, 0, 1]",24,44,465,0,0,0,0,0,0,22,0,0,0,0,1,1,1,0.03574599999956263
"[0, 0, 0, 1, 0, 0, 0, 1, 1, 0, 0, 0, 0, 0, 0, 0, 0, 0, 0, 0, 0]",106,44,1152,693,0,0,0,0,0,22,0,0,0,0,1,1,1,0.012217040999530582
"[0, 0, 0, 1, 0, 0, 0, 1, 0, 1, 0, 0, 0, 0, 0, 0, 0, 0, 0, 0, 0]",106,44,1155,693,0,0,0,0,0,22,0,0,0,0,1,1,1,0.008294833000036306
"[0, 0, 0, 1, 0, 0, 0, 1, 0, 0, 1, 0, 0, 0, 0, 0, 0, 0, 0, 0, 0]",106,44,1155,693,0,0,0,0,0,22,0,0,0,0,1,1,1,0.008536083001672523
"[0, 0, 0, 1, 0, 0, 0, 1, 0, 0, 0, 1, 0, 0, 0, 0, 0, 0, 0, 0, 0]",106,44,1155,693,0,0,0,0,0,22,0,0,0,0,1,1,1,0.008703041999979177
"[0, 0, 0, 1, 0, 0, 0, 1, 0, 0, 0, 0, 1, 0, 0, 0, 0, 0, 0, 0, 0]",105,44,1133,693,0,0,0,0,0,22,0,0,0,0,1,1,1,4.717052333999163
"[0, 0, 0, 1, 0, 0, 0, 1, 0, 0, 0, 0, 0, 1, 0, 0, 0, 0, 0, 0, 0]",106,44,1155,693,0,0,0,0,0,22,0,0,0,0,1,1,1,0.0089515420004318
"[0, 0, 0, 1, 0, 0, 0, 1, 0, 0, 0, 0, 0, 0, 1, 0, 0, 0, 0, 0, 0]",106,44,1155,693,0,0,0,0,0,22,0,0,0,0,1,1,1,0.010618500000418862
"[0, 0, 0, 1, 0, 0, 0, 1, 0, 0, 0, 0, 0, 0, 0, 1, 0, 0, 0, 0, 0]",106,44,1155,693,0,0,0,0,0,22,0,0,0,0,1,1,1,0.00825299999996787
"[0, 0, 0, 1, 0, 0, 0, 1, 0, 0, 0, 0, 0, 0, 0, 0, 1, 0, 0, 0, 0]",106,44,1155,693,0,0,0,0,0,22,0,0,0,0,1,1,1,0.008141291000356432
"[0, 0, 0, 1, 0, 0, 0, 1, 0, 0, 0, 0, 0, 0, 0, 0, 0, 1, 0, 0, 0]",106,44,1155,693,0,0,0,0,0,22,0,0,0,0,1,1,1,0.008184165999409743
"[0, 0, 0, 1, 0, 0, 0, 1, 0, 0, 0, 0, 0, 0, 0, 0, 0, 0, 1, 0, 0]",102,44,1067,693,0,0,0,0,0,22,0,0,0,0,1,1,1,0.008801791000223602
"[0, 0, 0, 1, 0, 0, 0, 1, 0, 0, 0, 0, 0, 0, 0, 0, 0, 0, 0, 1, 0]",106,44,1155,693,0,0,0,0,0,22,0,0,0,0,1,1,1,0.008738124999581487
"[0, 0, 0, 1, 0, 0, 0, 1, 0, 0, 0, 0, 0, 0, 0, 0, 0, 0, 0, 0, 1]",106,44,1155,693,0,0,0,0,0,22,0,0,0,0,1,1,1,0.013877917001082096
"[0, 0, 0, 1, 0, 0, 0, 0, 1, 1, 0, 0, 0, 0, 0, 0, 0, 0, 0, 0, 0]",106,44,1152,693,0,0,0,0,0,22,0,0,0,0,1,1,1,0.006415207999452832
"[0, 0, 0, 1, 0, 0, 0, 0, 1, 0, 1, 0, 0, 0, 0, 0, 0, 0, 0, 0, 0]",106,44,1152,693,0,0,0,0,0,22,0,0,0,0,1,1,1,0.008582999998907326
"[0, 0, 0, 1, 0, 0, 0, 0, 1, 0, 0, 1, 0, 0, 0, 0, 0, 0, 0, 0, 0]",106,44,1152,693,0,0,0,0,0,22,0,0,0,0,1,1,1,0.007238791999043315
"[0, 0, 0, 1, 0, 0, 0, 0, 1, 0, 0, 0, 1, 0, 0, 0, 0, 0, 0, 0, 0]",105,44,1130,693,0,0,0,0,0,22,0,0,0,0,1,1,1,4.5941624580009375
"[0, 0, 0, 1, 0, 0, 0, 0, 1, 0, 0, 0, 0, 1, 0, 0, 0, 0, 0, 0, 0]",106,44,1152,693,0,0,0,0,0,22,0,0,0,0,1,1,1,0.0071404999998776475
"[0, 0, 0, 1, 0, 0, 0, 0, 1, 0, 0, 0, 0, 0, 1, 0, 0, 0, 0, 0, 0]",106,44,1152,693,0,0,0,0,0,22,0,0,0,0,1,1,1,0.008286708000014187
"[0, 0, 0, 1, 0, 0, 0, 0, 1, 0, 0, 0, 0, 0, 0, 1, 0, 0, 0, 0, 0]",106,44,1152,693,0,0,0,0,0,22,0,0,0,0,1,1,1,0.006020832999638515
"[0, 0, 0, 1, 0, 0, 0, 0, 1, 0, 0, 0, 0, 0, 0, 0, 1, 0, 0, 0, 0]",106,44,1152,693,0,0,0,0,0,22,0,0,0,0,1,1,1,0.006890249998832587
"[0, 0, 0, 1, 0, 0, 0, 0, 1, 0, 0, 0, 0, 0, 0, 0, 0, 1, 0, 0, 0]",106,44,1152,693,0,0,0,0,0,22,0,0,0,0,1,1,1,0.006104749998485204
"[0, 0, 0, 1, 0, 0, 0, 0, 1, 0, 0, 0, 0, 0, 0, 0, 0, 0, 1, 0, 0]",102,44,1067,693,0,0,0,0,0,22,0,0,0,0,1,1,1,0.006592416999410489
"[0, 0, 0, 1, 0, 0, 0, 0, 1, 0, 0, 0, 0, 0, 0, 0, 0, 0, 0, 1, 0]",106,44,1152,693,0,0,0,0,0,22,0,0,0,0,1,1,1,0.006282415999521618
"[0, 0, 0, 1, 0, 0, 0, 0, 1, 0, 0, 0, 0, 0, 0, 0, 0, 0, 0, 0, 1]",106,44,1152,693,0,0,0,0,0,22,0,0,0,0,1,1,1,0.011093375000200467
"[0, 0, 0, 1, 0, 0, 0, 0, 0, 1, 1, 0, 0, 0, 0, 0, 0, 0, 0, 0, 0]",106,44,1155,693,0,0,0,0,0,22,0,0,0,0,1,1,1,0.002611792000607238
"[0, 0, 0, 1, 0, 0, 0, 0, 0, 1, 0, 1, 0, 0, 0, 0, 0, 0, 0, 0, 0]",106,44,1155,693,0,0,0,0,0,22,0,0,0,0,1,1,1,0.002694792001420865
"[0, 0, 0, 1, 0, 0, 0, 0, 0, 1, 0, 0, 1, 0, 0, 0, 0, 0, 0, 0, 0]",105,44,1133,693,0,0,0,0,0,22,0,0,0,0,1,1,1,4.51917287499964
"[0, 0, 0, 1, 0, 0, 0, 0, 0, 1, 0, 0, 0, 1, 0, 0, 0, 0, 0, 0, 0]",106,44,1155,693,0,0,0,0,0,22,0,0,0,0,1,1,1,0.0032822089997353032
"[0, 0, 0, 1, 0, 0, 0, 0, 0, 1, 0, 0, 0, 0, 1, 0, 0, 0, 0, 0, 0]",106,44,1155,693,0,0,0,0,0,22,0,0,0,0,1,1,1,0.004477709000639152
"[0, 0, 0, 1, 0, 0, 0, 0, 0, 1, 0, 0, 0, 0, 0, 1, 0, 0, 0, 0, 0]",106,44,1155,693,0,0,0,0,0,22,0,0,0,0,1,1,1,0.0023139169989008224
"[0, 0, 0, 1, 0, 0, 0, 0, 0, 1, 0, 0, 0, 0, 0, 0, 1, 0, 0, 0, 0]",106,44,1155,693,0,0,0,0,0,22,0,0,0,0,1,1,1,0.002543249998780084
"[0, 0, 0, 1, 0, 0, 0, 0, 0, 1, 0, 0, 0, 0, 0, 0, 0, 1, 0, 0, 0]",106,44,1155,693,0,0,0,0,0,22,0,0,0,0,1,1,1,0.0023956249988259515
"[0, 0, 0, 1, 0, 0, 0, 0, 0, 1, 0, 0, 0, 0, 0, 0, 0, 0, 1, 0, 0]",102,44,1067,693,0,0,0,0,0,22,0,0,0,0,1,1,1,0.002553291000367608
"[0, 0, 0, 1, 0, 0, 0, 0, 0, 1, 0, 0, 0, 0, 0, 0, 0, 0, 0, 1, 0]",106,44,1155,693,0,0,0,0,0,22,0,0,0,0,1,1,1,0.002396292000412359
"[0, 0, 0, 1, 0, 0, 0, 0, 0, 1, 0, 0, 0, 0, 0, 0, 0, 0, 0, 0, 1]",106,44,1155,693,0,0,0,0,0,22,0,0,0,0,1,1,1,0.007498541999666486
"[0, 0, 0, 1, 0, 0, 0, 0, 0, 0, 1, 1, 0, 0, 0, 0, 0, 0, 0, 0, 0]",106,44,1155,693,0,0,0,0,0,22,0,0,0,0,1,1,1,0.00273541699971247
"[0, 0, 0, 1, 0, 0, 0, 0, 0, 0, 1, 0, 1, 0, 0, 0, 0, 0, 0, 0, 0]",105,44,1133,693,0,0,0,0,0,22,0,0,0,0,1,1,1,4.520586499998899
"[0, 0, 0, 1, 0, 0, 0, 0, 0, 0, 1, 0, 0, 1, 0, 0, 0, 0, 0, 0, 0]",106,44,1155,693,0,0,0,0,0,22,0,0,0,0,1,1,1,0.003578458001356921
"[0, 0, 0, 1, 0, 0, 0, 0, 0, 0, 1, 0, 0, 0, 1, 0, 0, 0, 0, 0, 0]",106,44,1155,693,0,0,0,0,0,22,0,0,0,0,1,1,1,0.004816624999875785
"[0, 0, 0, 1, 0, 0, 0, 0, 0, 0, 1, 0, 0, 0, 0, 1, 0, 0, 0, 0, 0]",106,44,1155,693,0,0,0,0,0,22,0,0,0,0,1,1,1,0.0026045419999718433
"[0, 0, 0, 1, 0, 0, 0, 0, 0, 0, 1, 0, 0, 0, 0, 0, 1, 0, 0, 0, 0]",106,44,1155,693,0,0,0,0,0,22,0,0,0,0,1,1,1,0.0029017090000706958
"[0, 0, 0, 1, 0, 0, 0, 0, 0, 0, 1, 0, 0, 0, 0, 0, 0, 1, 0, 0, 0]",106,44,1155,693,0,0,0,0,0,22,0,0,0,0,1,1,1,0.0026477499995962717
"[0, 0, 0, 1, 0, 0, 0, 0, 0, 0, 1, 0, 0, 0, 0, 0, 0, 0, 1, 0, 0]",102,44,1067,693,0,0,0,0,0,22,0,0,0,0,1,1,1,0.0031993329994293163
"[0, 0, 0, 1, 0, 0, 0, 0, 0, 0, 1, 0, 0, 0, 0, 0, 0, 0, 0, 1, 0]",106,44,1155,693,0,0,0,0,0,22,0,0,0,0,1,1,1,0.002756042000328307
"[0, 0, 0, 1, 0, 0, 0, 0, 0, 0, 1, 0, 0, 0, 0, 0, 0, 0, 0, 0, 1]",106,44,1155,693,0,0,0,0,0,22,0,0,0,0,1,1,1,0.007995625001058215
"[0, 0, 0, 1, 0, 0, 0, 0, 0, 0, 0, 1, 1, 0, 0, 0, 0, 0, 0, 0, 0]",105,44,1133,693,0,0,0,0,0,22,0,0,0,0,1,1,1,4.549850957999297
"[0, 0, 0, 1, 0, 0, 0, 0, 0, 0, 0, 1, 0, 1, 0, 0, 0, 0, 0, 0, 0]",106,44,1155,693,0,0,0,0,0,22,0,0,0,0,1,1,1,0.002936875000159489
"[0, 0, 0, 1, 0, 0, 0, 0, 0, 0, 0, 1, 0, 0, 1, 0, 0, 0, 0, 0, 0]",106,44,1155,693,0,0,0,0,0,22,0,0,0,0,1,1,1,0.004488124999625143
"[0, 0, 0, 1, 0, 0, 0, 0, 0, 0, 0, 1, 0, 0, 0, 1, 0, 0, 0, 0, 0]",106,44,1155,693,0,0,0,0,0,22,0,0,0,0,1,1,1,0.002315249999810476
"[0, 0, 0, 1, 0, 0, 0, 0, 0, 0, 0, 1, 0, 0, 0, 0, 1, 0, 0, 0, 0]",106,44,1155,693,0,0,0,0,0,22,0,0,0,0,1,1,1,0.002669291001438978
"[0, 0, 0, 1, 0, 0, 0, 0, 0, 0, 0, 1, 0, 0, 0, 0, 0, 1, 0, 0, 0]",106,44,1155,693,0,0,0,0,0,22,0,0,0,0,1,1,1,0.0024952090006991057
"[0, 0, 0, 1, 0, 0, 0, 0, 0, 0, 0, 1, 0, 0, 0, 0, 0, 0, 1, 0, 0]",102,44,1067,693,0,0,0,0,0,22,0,0,0,0,1,1,1,0.002645624999786378
"[0, 0, 0, 1, 0, 0, 0, 0, 0, 0, 0, 1, 0, 0, 0, 0, 0, 0, 0, 1, 0]",106,44,1155,693,0,0,0,0,0,22,0,0,0,0,1,1,1,0.0025040420005097985
"[0, 0, 0, 1, 0, 0, 0, 0, 0, 0, 0, 1, 0, 0, 0, 0, 0, 0, 0, 0, 1]",106,44,1155,693,0,0,0,0,0,22,0,0,0,0,1,1,1,0.007518625001466717
"[0, 0, 0, 1, 0, 0, 0, 0, 0, 0, 0, 0, 1, 1, 0, 0, 0, 0, 0, 0, 0]",105,44,1133,693,0,0,0,0,0,22,0,0,0,0,1,1,1,4.486049625000305
"[0, 0, 0, 1, 0, 0, 0, 0, 0, 0, 0, 0, 1, 0, 1, 0, 0, 0, 0, 0, 0]",105,44,1133,693,0,0,0,0,0,22,0,0,0,0,1,1,1,4.51164074999906
"[0, 0, 0, 1, 0, 0, 0, 0, 0, 0, 0, 0, 1, 0, 0, 1, 0, 0, 0, 0, 0]",105,44,1133,693,0,0,0,0,0,22,0,0,0,0,1,1,1,4.560119666999526
"[0, 0, 0, 1, 0, 0, 0, 0, 0, 0, 0, 0, 1, 0, 0, 0, 1, 0, 0, 0, 0]",105,44,1133,693,0,0,0,0,0,22,0,0,0,0,1,1,1,4.68350137500056
"[0, 0, 0, 1, 0, 0, 0, 0, 0, 0, 0, 0, 1, 0, 0, 0, 0, 1, 0, 0, 0]",105,44,1133,693,0,0,0,0,0,22,0,0,0,0,1,1,1,4.649313915999301
"[0, 0, 0, 1, 0, 0, 0, 0, 0, 0, 0, 0, 1, 0, 0, 0, 0, 0, 1, 0, 0]",102,44,1067,693,0,0,0,0,0,22,0,0,0,0,1,1,1,4.53751262500009
"[0, 0, 0, 1, 0, 0, 0, 0, 0, 0, 0, 0, 1, 0, 0, 0, 0, 0, 0, 1, 0]",105,44,1133,693,0,0,0,0,0,22,0,0,0,0,1,1,1,4.693445332999545
"[0, 0, 0, 1, 0, 0, 0, 0, 0, 0, 0, 0, 1, 0, 0, 0, 0, 0, 0, 0, 1]",105,44,1133,693,0,0,0,0,0,22,0,0,0,0,1,1,1,4.823405625000305
"[0, 0, 0, 1, 0, 0, 0, 0, 0, 0, 0, 0, 0, 1, 1, 0, 0, 0, 0, 0, 0]",106,44,1155,693,0,0,0,0,0,22,0,0,0,0,1,1,1,0.005087084000479081
"[0, 0, 0, 1, 0, 0, 0, 0, 0, 0, 0, 0, 0, 1, 0, 1, 0, 0, 0, 0, 0]",106,44,1155,693,0,0,0,0,0,22,0,0,0,0,1,1,1,0.0028875000007246854
"[0, 0, 0, 1, 0, 0, 0, 0, 0, 0, 0, 0, 0, 1, 0, 0, 1, 0, 0, 0, 0]",106,44,1155,693,0,0,0,0,0,22,0,0,0,0,1,1,1,0.003145708000374725
"[0, 0, 0, 1, 0, 0, 0, 0, 0, 0, 0, 0, 0, 1, 0, 0, 0, 1, 0, 0, 0]",106,44,1155,693,0,0,0,0,0,22,0,0,0,0,1,1,1,0.003070667000429239
"[0, 0, 0, 1, 0, 0, 0, 0, 0, 0, 0, 0, 0, 1, 0, 0, 0, 0, 1, 0, 0]",102,44,1067,693,0,0,0,0,0,22,0,0,0,0,1,1,1,0.003388332999747945
"[0, 0, 0, 1, 0, 0, 0, 0, 0, 0, 0, 0, 0, 1, 0, 0, 0, 0, 0, 1, 0]",106,44,1155,693,0,0,0,0,0,22,0,0,0,0,1,1,1,0.0030987499994807877
"[0, 0, 0, 1, 0, 0, 0, 0, 0, 0, 0, 0, 0, 1, 0, 0, 0, 0, 0, 0, 1]",106,44,1155,693,0,0,0,0,0,22,0,0,0,0,1,1,1,0.008275958000012906
"[0, 0, 0, 1, 0, 0, 0, 0, 0, 0, 0, 0, 0, 0, 1, 1, 0, 0, 0, 0, 0]",106,44,1155,693,0,0,0,0,0,22,0,0,0,0,1,1,1,0.005198124999878928
"[0, 0, 0, 1, 0, 0, 0, 0, 0, 0, 0, 0, 0, 0, 1, 0, 1, 0, 0, 0, 0]",106,44,1155,693,0,0,0,0,0,22,0,0,0,0,1,1,1,0.004512041999987559
"[0, 0, 0, 1, 0, 0, 0, 0, 0, 0, 0, 0, 0, 0, 1, 0, 0, 1, 0, 0, 0]",106,44,1155,693,0,0,0,0,0,22,0,0,0,0,1,1,1,0.004559042001346825
"[0, 0, 0, 1, 0, 0, 0, 0, 0, 0, 0, 0, 0, 0, 1, 0, 0, 0, 1, 0, 0]",102,44,1067,693,0,0,0,0,0,22,0,0,0,0,1,1,1,0.0049405419995309785
"[0, 0, 0, 1, 0, 0, 0, 0, 0, 0, 0, 0, 0, 0, 1, 0, 0, 0, 0, 1, 0]",106,44,1155,693,0,0,0,0,0,22,0,0,0,0,1,1,1,0.004930750001221895
"[0, 0, 0, 1, 0, 0, 0, 0, 0, 0, 0, 0, 0, 0, 1, 0, 0, 0, 0, 0, 1]",106,44,1155,693,0,0,0,0,0,22,0,0,0,0,1,1,1,0.009906833000059123
"[0, 0, 0, 1, 0, 0, 0, 0, 0, 0, 0, 0, 0, 0, 0, 1, 1, 0, 0, 0, 0]",106,44,1155,693,0,0,0,0,0,22,0,0,0,0,1,1,1,0.0025062919994525146
"[0, 0, 0, 1, 0, 0, 0, 0, 0, 0, 0, 0, 0, 0, 0, 1, 0, 1, 0, 0, 0]",106,44,1155,693,0,0,0,0,0,22,0,0,0,0,1,1,1,0.0029725409985985607
"[0, 0, 0, 1, 0, 0, 0, 0, 0, 0, 0, 0, 0, 0, 0, 1, 0, 0, 1, 0, 0]",102,44,1067,693,0,0,0,0,0,22,0,0,0,0,1,1,1,0.0026807089998328593
"[0, 0, 0, 1, 0, 0, 0, 0, 0, 0, 0, 0, 0, 0, 0, 1, 0, 0, 0, 1, 0]",106,44,1155,693,0,0,0,0,0,22,0,0,0,0,1,1,1,0.002744832998359925
"[0, 0, 0, 1, 0, 0, 0, 0, 0, 0, 0, 0, 0, 0, 0, 1, 0, 0, 0, 0, 1]",106,44,1155,693,0,0,0,0,0,22,0,0,0,0,1,1,1,0.007632167000338086
"[0, 0, 0, 1, 0, 0, 0, 0, 0, 0, 0, 0, 0, 0, 0, 0, 1, 1, 0, 0, 0]",106,44,1155,693,0,0,0,0,0,22,0,0,0,0,1,1,1,0.002621540999825811
"[0, 0, 0, 1, 0, 0, 0, 0, 0, 0, 0, 0, 0, 0, 0, 0, 1, 0, 1, 0, 0]",102,44,1067,693,0,0,0,0,0,22,0,0,0,0,1,1,1,0.003024875000846805
"[0, 0, 0, 1, 0, 0, 0, 0, 0, 0, 0, 0, 0, 0, 0, 0, 1, 0, 0, 1, 0]",106,44,1155,693,0,0,0,0,0,22,0,0,0,0,1,1,1,0.0027793329991254723
"[0, 0, 0, 1, 0, 0, 0, 0, 0, 0, 0, 0, 0, 0, 0, 0, 1, 0, 0, 0, 1]",106,44,1155,693,0,0,0,0,0,22,0,0,0,0,1,1,1,0.008469374999549473
"[0, 0, 0, 1, 0, 0, 0, 0, 0, 0, 0, 0, 0, 0, 0, 0, 0, 1, 1, 0, 0]",102,44,1067,693,0,0,0,0,0,22,0,0,0,0,1,1,1,0.0027882920003321487
"[0, 0, 0, 1, 0, 0, 0, 0, 0, 0, 0, 0, 0, 0, 0, 0, 0, 1, 0, 1, 0]",106,44,1155,693,0,0,0,0,0,22,0,0,0,0,1,1,1,0.0027838749992952216
"[0, 0, 0, 1, 0, 0, 0, 0, 0, 0, 0, 0, 0, 0, 0, 0, 0, 1, 0, 0, 1]",106,44,1155,693,0,0,0,0,0,22,0,0,0,0,1,1,1,0.008148250000886037
"[0, 0, 0, 1, 0, 0, 0, 0, 0, 0, 0, 0, 0, 0, 0, 0, 0, 0, 1, 1, 0]",102,44,1067,693,0,0,0,0,0,22,0,0,0,0,1,1,1,0.0024988749992189696
"[0, 0, 0, 1, 0, 0, 0, 0, 0, 0, 0, 0, 0, 0, 0, 0, 0, 0, 1, 0, 1]",102,44,1067,693,0,0,0,0,0,22,0,0,0,0,1,1,1,0.0076795410004706355
"[0, 0, 0, 1, 0, 0, 0, 0, 0, 0, 0, 0, 0, 0, 0, 0, 0, 0, 0, 1, 1]",106,44,1155,693,0,0,0,0,0,22,0,0,0,0,1,1,1,0.007493832999898586
"[0, 0, 0, 0, 1, 1, 1, 0, 0, 0, 0, 0, 0, 0, 0, 0, 0, 0, 0, 0, 0]",24,44,465,0,0,0,0,0,0,22,0,0,0,0,1,1,1,0.04219687499971769
"[0, 0, 0, 0, 1, 1, 0, 1, 0, 0, 0, 0, 0, 0, 0, 0, 0, 0, 0, 0, 0]",24,44,465,0,0,0,0,0,0,22,0,0,0,0,1,1,1,0.03687749999880907
"[0, 0, 0, 0, 1, 1, 0, 0, 1, 0, 0, 0, 0, 0, 0, 0, 0, 0, 0, 0, 0]",24,44,465,0,0,0,0,0,0,22,0,0,0,0,1,1,1,0.046585833000790444
"[0, 0, 0, 0, 1, 1, 0, 0, 0, 1, 0, 0, 0, 0, 0, 0, 0, 0, 0, 0, 0]",24,44,465,0,0,0,0,0,0,22,0,0,0,0,1,1,1,0.03514391699900443
"[0, 0, 0, 0, 1, 1, 0, 0, 0, 0, 1, 0, 0, 0, 0, 0, 0, 0, 0, 0, 0]",24,44,465,0,0,0,0,0,0,22,0,0,0,0,1,1,1,0.03627816700100084
"[0, 0, 0, 0, 1, 1, 0, 0, 0, 0, 0, 1, 0, 0, 0, 0, 0, 0, 0, 0, 0]",24,44,465,0,0,0,0,0,0,22,0,0,0,0,1,1,1,0.03478158300094947
"[0, 0, 0, 0, 1, 1, 0, 0, 0, 0, 0, 0, 1, 0, 0, 0, 0, 0, 0, 0, 0]",23,44,443,0,0,0,0,0,0,22,0,0,0,0,1,1,1,0.3446242080008233
"[0, 0, 0, 0, 1, 1, 0, 0, 0, 0, 0, 0, 0, 1, 0, 0, 0, 0, 0, 0, 0]",24,44,465,0,0,0,0,0,0,22,0,0,0,0,1,1,1,0.03478762499980803
"[0, 0, 0, 0, 1, 1, 0, 0, 0, 0, 0, 0, 0, 0, 1, 0, 0, 0, 0, 0, 0]",24,44,465,0,0,0,0,0,0,22,0,0,0,0,1,1,1,0.03530237499944633
"[0, 0, 0, 0, 1, 1, 0, 0, 0, 0, 0, 0, 0, 0, 0, 1, 0, 0, 0, 0, 0]",24,44,465,0,0,0,0,0,0,22,0,0,0,0,1,1,1,0.03508899999906134
"[0, 0, 0, 0, 1, 1, 0, 0, 0, 0, 0, 0, 0, 0, 0, 0, 1, 0, 0, 0, 0]",24,44,465,0,0,0,0,0,0,22,0,0,0,0,1,1,1,0.035647208998852875
"[0, 0, 0, 0, 1, 1, 0, 0, 0, 0, 0, 0, 0, 0, 0, 0, 0, 1, 0, 0, 0]",24,44,465,0,0,0,0,0,0,22,0,0,0,0,1,1,1,0.034597333000419894
"[0, 0, 0, 0, 1, 1, 0, 0, 0, 0, 0, 0, 0, 0, 0, 0, 0, 0, 1, 0, 0]",20,44,377,0,0,0,0,0,0,22,0,0,0,0,1,1,1,0.03449604200068279
"[0, 0, 0, 0, 1, 1, 0, 0, 0, 0, 0, 0, 0, 0, 0, 0, 0, 0, 0, 1, 0]",24,44,465,0,0,0,0,0,0,22,0,0,0,0,1,1,1,0.03469208299975435
"[0, 0, 0, 0, 1, 1, 0, 0, 0, 0, 0, 0, 0, 0, 0, 0, 0, 0, 0, 0, 1]",24,44,465,0,0,0,0,0,0,22,0,0,0,0,1,1,1,0.03649283300001116
"[0, 0, 0, 0, 1, 0, 1, 1, 0, 0, 0, 0, 0, 0, 0, 0, 0, 0, 0, 0, 0]",24,44,465,0,0,0,0,0,0,22,0,0,0,0,1,1,1,0.04263633300070069
"[0, 0, 0, 0, 1, 0, 1, 0, 1, 0, 0, 0, 0, 0, 0, 0, 0, 0, 0, 0, 0]",24,44,465,0,0,0,0,0,0,22,0,0,0,0,1,1,1,0.04197829199983971
"[0, 0, 0, 0, 1, 0, 1, 0, 0, 1, 0, 0, 0, 0, 0, 0, 0, 0, 0, 0, 0]",24,44,465,0,0,0,0,0,0,22,0,0,0,0,1,1,1,0.04165070800081594
"[0, 0, 0, 0, 1, 0, 1, 0, 0, 0, 1, 0, 0, 0, 0, 0, 0, 0, 0, 0, 0]",24,44,465,0,0,0,0,0,0,22,0,0,0,0,1,1,1,0.04313158299919451
"[0, 0, 0, 0, 1, 0, 1, 0, 0, 0, 0, 1, 0, 0, 0, 0, 0, 0, 0, 0, 0]",24,44,465,0,0,0,0,0,0,22,0,0,0,0,1,1,1,0.041789250000874745
"[0, 0, 0, 0, 1, 0, 1, 0, 0, 0, 0, 0, 1, 0, 0, 0, 0, 0, 0, 0, 0]",23,44,443,0,0,0,0,0,0,22,0,0,0,0,1,1,1,0.36997608300043794
"[0, 0, 0, 0, 1, 0, 1, 0, 0, 0, 0, 0, 0, 1, 0, 0, 0, 0, 0, 0, 0]",24,44,465,0,0,0,0,0,0,22,0,0,0,0,1,1,1,0.043847457998708705
"[0, 0, 0, 0, 1, 0, 1, 0, 0, 0, 0, 0, 0, 0, 1, 0, 0, 0, 0, 0, 0]",24,44,465,0,0,0,0,0,0,22,0,0,0,0,1,1,1,0.045061499999064836
"[0, 0, 0, 0, 1, 0, 1, 0, 0, 0, 0, 0, 0, 0, 0, 1, 0, 0, 0, 0, 0]",24,44,465,0,0,0,0,0,0,22,0,0,0,0,1,1,1,0.043401999999332475
"[0, 0, 0, 0, 1, 0, 1, 0, 0, 0, 0, 0, 0, 0, 0, 0, 1, 0, 0, 0, 0]",24,44,465,0,0,0,0,0,0,22,0,0,0,0,1,1,1,0.04316270799972699
"[0, 0, 0, 0, 1, 0, 1, 0, 0, 0, 0, 0, 0, 0, 0, 0, 0, 1, 0, 0, 0]",24,44,465,0,0,0,0,0,0,22,0,0,0,0,1,1,1,0.043419166999228764
"[0, 0, 0, 0, 1, 0, 1, 0, 0, 0, 0, 0, 0, 0, 0, 0, 0, 0, 1, 0, 0]",20,44,377,0,0,0,0,0,0,22,0,0,0,0,1,1,1,0.04301429200131679
"[0, 0, 0, 0, 1, 0, 1, 0, 0, 0, 0, 0, 0, 0, 0, 0, 0, 0, 0, 1, 0]",24,44,465,0,0,0,0,0,0,22,0,0,0,0,1,1,1,0.04233833300168044
"[0, 0, 0, 0, 1, 0, 1, 0, 0, 0, 0, 0, 0, 0, 0, 0, 0, 0, 0, 0, 1]",24,44,465,0,0,0,0,0,0,22,0,0,0,0,1,1,1,0.04577583300124388
"[0, 0, 0, 0, 1, 0, 0, 1, 1, 0, 0, 0, 0, 0, 0, 0, 0, 0, 0, 0, 0]",106,44,1152,693,0,0,0,0,0,22,0,0,0,0,1,1,1,0.023255083000549348
"[0, 0, 0, 0, 1, 0, 0, 1, 0, 1, 0, 0, 0, 0, 0, 0, 0, 0, 0, 0, 0]",106,44,1155,693,0,0,0,0,0,22,0,0,0,0,1,1,1,0.0203092089996062
"[0, 0, 0, 0, 1, 0, 0, 1, 0, 0, 1, 0, 0, 0, 0, 0, 0, 0, 0, 0, 0]",106,44,1155,693,0,0,0,0,0,22,0,0,0,0,1,1,1,0.01943645800020022
"[0, 0, 0, 0, 1, 0, 0, 1, 0, 0, 0, 1, 0, 0, 0, 0, 0, 0, 0, 0, 0]",106,44,1155,693,0,0,0,0,0,22,0,0,0,0,1,1,1,0.01933462500164751
"[0, 0, 0, 0, 1, 0, 0, 1, 0, 0, 0, 0, 1, 0, 0, 0, 0, 0, 0, 0, 0]",105,44,1133,693,0,0,0,0,0,22,0,0,0,0,1,1,1,4.509104208000281
"[0, 0, 0, 0, 1, 0, 0, 1, 0, 0, 0, 0, 0, 1, 0, 0, 0, 0, 0, 0, 0]",106,44,1155,693,0,0,0,0,0,22,0,0,0,0,1,1,1,0.01868050000121002
"[0, 0, 0, 0, 1, 0, 0, 1, 0, 0, 0, 0, 0, 0, 1, 0, 0, 0, 0, 0, 0]",106,44,1155,693,0,0,0,0,0,22,0,0,0,0,1,1,1,0.019966874999227002
"[0, 0, 0, 0, 1, 0, 0, 1, 0, 0, 0, 0, 0, 0, 0, 1, 0, 0, 0, 0, 0]",106,44,1155,693,0,0,0,0,0,22,0,0,0,0,1,1,1,0.017893374999403022
"[0, 0, 0, 0, 1, 0, 0, 1, 0, 0, 0, 0, 0, 0, 0, 0, 1, 0, 0, 0, 0]",106,44,1155,693,0,0,0,0,0,22,0,0,0,0,1,1,1,0.017997917000684538
"[0, 0, 0, 0, 1, 0, 0, 1, 0, 0, 0, 0, 0, 0, 0, 0, 0, 1, 0, 0, 0]",106,44,1155,693,0,0,0,0,0,22,0,0,0,0,1,1,1,0.01810641699921689
"[0, 0, 0, 0, 1, 0, 0, 1, 0, 0, 0, 0, 0, 0, 0, 0, 0, 0, 1, 0, 0]",102,44,1067,693,0,0,0,0,0,22,0,0,0,0,1,1,1,0.01884612499998184
"[0, 0, 0, 0, 1, 0, 0, 1, 0, 0, 0, 0, 0, 0, 0, 0, 0, 0, 0, 1, 0]",106,44,1155,693,0,0,0,0,0,22,0,0,0,0,1,1,1,0.01787708399933763
"[0, 0, 0, 0, 1, 0, 0, 1, 0, 0, 0, 0, 0, 0, 0, 0, 0, 0, 0, 0, 1]",106,44,1155,693,0,0,0,0,0,22,0,0,0,0,1,1,1,0.022708833999786293
"[0, 0, 0, 0, 1, 0, 0, 0, 1, 1, 0, 0, 0, 0, 0, 0, 0, 0, 0, 0, 0]",106,44,1152,693,0,0,0,0,0,22,0,0,0,0,1,1,1,0.016275250000035157
"[0, 0, 0, 0, 1, 0, 0, 0, 1, 0, 1, 0, 0, 0, 0, 0, 0, 0, 0, 0, 0]",106,44,1152,693,0,0,0,0,0,22,0,0,0,0,1,1,1,0.016757291999965673
"[0, 0, 0, 0, 1, 0, 0, 0, 1, 0, 0, 1, 0, 0, 0, 0, 0, 0, 0, 0, 0]",106,44,1152,693,0,0,0,0,0,22,0,0,0,0,1,1,1,0.016618625000774045
"[0, 0, 0, 0, 1, 0, 0, 0, 1, 0, 0, 0, 1, 0, 0, 0, 0, 0, 0, 0, 0]",105,44,1130,693,0,0,0,0,0,22,0,0,0,0,1,1,1,4.680353457999445
"[0, 0, 0, 0, 1, 0, 0, 0, 1, 0, 0, 0, 0, 1, 0, 0, 0, 0, 0, 0, 0]",106,44,1152,693,0,0,0,0,0,22,0,0,0,0,1,1,1,0.01845662500090839
"[0, 0, 0, 0, 1, 0, 0, 0, 1, 0, 0, 0, 0, 0, 1, 0, 0, 0, 0, 0, 0]",106,44,1152,693,0,0,0,0,0,22,0,0,0,0,1,1,1,0.019413915999393794
"[0, 0, 0, 0, 1, 0, 0, 0, 1, 0, 0, 0, 0, 0, 0, 1, 0, 0, 0, 0, 0]",106,44,1152,693,0,0,0,0,0,22,0,0,0,0,1,1,1,0.017376166999383713
"[0, 0, 0, 0, 1, 0, 0, 0, 1, 0, 0, 0, 0, 0, 0, 0, 1, 0, 0, 0, 0]",106,44,1152,693,0,0,0,0,0,22,0,0,0,0,1,1,1,0.01746191600068414
"[0, 0, 0, 0, 1, 0, 0, 0, 1, 0, 0, 0, 0, 0, 0, 0, 0, 1, 0, 0, 0]",106,44,1152,693,0,0,0,0,0,22,0,0,0,0,1,1,1,0.01750716599963198
"[0, 0, 0, 0, 1, 0, 0, 0, 1, 0, 0, 0, 0, 0, 0, 0, 0, 0, 1, 0, 0]",102,44,1067,693,0,0,0,0,0,22,0,0,0,0,1,1,1,0.017876333999083727
