"[1, 1, 1, 0, 0, 0, 0, 0, 0, 0, 0, 0, 0, 0, 0, 0, 0, 0, 0, 0, 0]",147,38,903,387,0,0,0,0,0,19,0,0,0,0,1,1,1,0.0032999999821186066
"[1, 1, 0, 1, 0, 0, 0, 0, 0, 0, 0, 0, 0, 0, 0, 0, 0, 0, 0, 0, 0]",147,38,903,387,0,0,0,0,0,19,0,0,0,0,1,1,1,0.0032995999790728092
"[1, 1, 0, 0, 1, 0, 0, 0, 0, 0, 0, 0, 0, 0, 0, 0, 0, 0, 0, 0, 0]",147,38,903,387,0,0,0,0,0,19,0,0,0,0,1,1,1,0.012573999993037432
"[1, 1, 0, 0, 0, 1, 0, 0, 0, 0, 0, 0, 0, 0, 0, 0, 0, 0, 0, 0, 0]",145,38,860,334,0,0,0,0,0,19,0,0,0,0,1,1,1,0.011675400019157678
"[1, 1, 0, 0, 0, 0, 1, 0, 0, 0, 0, 0, 0, 0, 0, 0, 0, 0, 0, 0, 0]",145,38,860,334,0,0,0,0,0,19,0,0,0,0,1,1,1,0.014680000022053719
"[1, 1, 0, 0, 0, 0, 0, 1, 0, 0, 0, 0, 0, 0, 0, 0, 0, 0, 0, 0, 0]",147,38,903,387,0,0,0,0,0,19,0,0,0,0,1,1,1,0.008103600004687905
"[1, 1, 0, 0, 0, 0, 0, 0, 1, 0, 0, 0, 0, 0, 0, 0, 0, 0, 0, 0, 0]",147,38,767,387,0,0,0,0,0,19,0,0,0,0,1,1,1,0.0069741999614052474
"[1, 1, 0, 0, 0, 0, 0, 0, 0, 1, 0, 0, 0, 0, 0, 0, 0, 0, 0, 0, 0]",147,38,903,387,0,0,0,0,0,19,0,0,0,0,1,1,1,0.003066500008571893
"[1, 1, 0, 0, 0, 0, 0, 0, 0, 0, 1, 0, 0, 0, 0, 0, 0, 0, 0, 0, 0]",147,38,903,387,0,0,0,0,0,19,0,0,0,0,1,1,1,0.003203100000973791
"[1, 1, 0, 0, 0, 0, 0, 0, 0, 0, 0, 1, 0, 0, 0, 0, 0, 0, 0, 0, 0]",147,38,903,387,0,0,0,0,0,19,0,0,0,0,1,1,1,0.003628699982073158
"[1, 1, 0, 0, 0, 0, 0, 0, 0, 0, 0, 0, 1, 0, 0, 0, 0, 0, 0, 0, 0]",147,38,903,387,0,0,0,0,0,19,0,0,0,0,1,1,1,1.7058932000072673
"[1, 1, 0, 0, 0, 0, 0, 0, 0, 0, 0, 0, 0, 1, 0, 0, 0, 0, 0, 0, 0]",147,38,903,387,0,0,0,0,0,19,0,0,0,0,1,1,1,0.0035395000013522804
"[1, 1, 0, 0, 0, 0, 0, 0, 0, 0, 0, 0, 0, 0, 1, 0, 0, 0, 0, 0, 0]",147,38,903,387,0,0,0,0,0,19,0,0,0,0,1,1,1,0.00516190001508221
"[1, 1, 0, 0, 0, 0, 0, 0, 0, 0, 0, 0, 0, 0, 0, 1, 0, 0, 0, 0, 0]",147,38,903,387,0,0,0,0,0,19,0,0,0,0,1,1,1,0.0036377999931573868
"[1, 1, 0, 0, 0, 0, 0, 0, 0, 0, 0, 0, 0, 0, 0, 0, 1, 0, 0, 0, 0]",147,38,903,387,0,0,0,0,0,19,0,0,0,0,1,1,1,0.003803200030233711
"[1, 1, 0, 0, 0, 0, 0, 0, 0, 0, 0, 0, 0, 0, 0, 0, 0, 1, 0, 0, 0]",147,38,903,387,0,0,0,0,0,19,0,0,0,0,1,1,1,0.003818900033365935
"[1, 1, 0, 0, 0, 0, 0, 0, 0, 0, 0, 0, 0, 0, 0, 0, 0, 0, 1, 0, 0]",147,38,903,387,0,0,0,0,0,19,0,0,0,0,1,1,1,0.003409600001759827
"[1, 1, 0, 0, 0, 0, 0, 0, 0, 0, 0, 0, 0, 0, 0, 0, 0, 0, 0, 1, 0]",147,38,903,387,0,0,0,0,0,19,0,0,0,0,1,1,1,0.003348600002937019
"[1, 1, 0, 0, 0, 0, 0, 0, 0, 0, 0, 0, 0, 0, 0, 0, 0, 0, 0, 0, 1]",147,38,903,387,0,0,0,0,0,19,0,0,0,0,1,1,1,0.007617699971888214
"[1, 0, 1, 1, 0, 0, 0, 0, 0, 0, 0, 0, 0, 0, 0, 0, 0, 0, 0, 0, 0]",155,38,979,387,0,0,0,0,0,19,0,0,0,0,1,1,1,0.0028300000121816993
"[1, 0, 1, 0, 1, 0, 0, 0, 0, 0, 0, 0, 0, 0, 0, 0, 0, 0, 0, 0, 0]",155,38,979,387,0,0,0,0,0,19,0,0,0,0,1,1,1,0.011284200008958578
"[1, 0, 1, 0, 0, 1, 0, 0, 0, 0, 0, 0, 0, 0, 0, 0, 0, 0, 0, 0, 0]",153,38,936,334,0,0,0,0,0,19,0,0,0,0,1,1,1,0.011243099987041205
"[1, 0, 1, 0, 0, 0, 1, 0, 0, 0, 0, 0, 0, 0, 0, 0, 0, 0, 0, 0, 0]",153,38,936,334,0,0,0,0,0,19,0,0,0,0,1,1,1,0.013473100028932095
"[1, 0, 1, 0, 0, 0, 0, 1, 0, 0, 0, 0, 0, 0, 0, 0, 0, 0, 0, 0, 0]",155,38,979,387,0,0,0,0,0,19,0,0,0,0,1,1,1,0.006986299995332956
"[1, 0, 1, 0, 0, 0, 0, 0, 1, 0, 0, 0, 0, 0, 0, 0, 0, 0, 0, 0, 0]",135,38,789,387,0,0,0,0,0,19,0,0,0,0,1,1,1,0.0061375999939627945
"[1, 0, 1, 0, 0, 0, 0, 0, 0, 1, 0, 0, 0, 0, 0, 0, 0, 0, 0, 0, 0]",155,38,979,387,0,0,0,0,0,19,0,0,0,0,1,1,1,0.00249339995207265
"[1, 0, 1, 0, 0, 0, 0, 0, 0, 0, 1, 0, 0, 0, 0, 0, 0, 0, 0, 0, 0]",155,38,979,387,0,0,0,0,0,19,0,0,0,0,1,1,1,0.0027303999522700906
"[1, 0, 1, 0, 0, 0, 0, 0, 0, 0, 0, 1, 0, 0, 0, 0, 0, 0, 0, 0, 0]",155,38,979,387,0,0,0,0,0,19,0,0,0,0,1,1,1,0.0028866000357083976
"[1, 0, 1, 0, 0, 0, 0, 0, 0, 0, 0, 0, 1, 0, 0, 0, 0, 0, 0, 0, 0]",154,38,978,387,0,0,0,0,0,19,0,0,0,0,1,1,1,1.5354956000228412
"[1, 0, 1, 0, 0, 0, 0, 0, 0, 0, 0, 0, 0, 1, 0, 0, 0, 0, 0, 0, 0]",155,38,979,387,0,0,0,0,0,19,0,0,0,0,1,1,1,0.0024684000527486205
"[1, 0, 1, 0, 0, 0, 0, 0, 0, 0, 0, 0, 0, 0, 1, 0, 0, 0, 0, 0, 0]",155,38,979,387,0,0,0,0,0,19,0,0,0,0,1,1,1,0.0053038999903947115
"[1, 0, 1, 0, 0, 0, 0, 0, 0, 0, 0, 0, 0, 0, 0, 1, 0, 0, 0, 0, 0]",155,38,979,387,0,0,0,0,0,19,0,0,0,0,1,1,1,0.002370100002735853
"[1, 0, 1, 0, 0, 0, 0, 0, 0, 0, 0, 0, 0, 0, 0, 0, 1, 0, 0, 0, 0]",155,38,979,387,0,0,0,0,0,19,0,0,0,0,1,1,1,0.003119200002402067
"[1, 0, 1, 0, 0, 0, 0, 0, 0, 0, 0, 0, 0, 0, 0, 0, 0, 1, 0, 0, 0]",155,38,979,387,0,0,0,0,0,19,0,0,0,0,1,1,1,0.004337400023359805
"[1, 0, 1, 0, 0, 0, 0, 0, 0, 0, 0, 0, 0, 0, 0, 0, 0, 0, 1, 0, 0]",155,38,979,387,0,0,0,0,0,19,0,0,0,0,1,1,1,0.0029295000131241977
"[1, 0, 1, 0, 0, 0, 0, 0, 0, 0, 0, 0, 0, 0, 0, 0, 0, 0, 0, 1, 0]",155,38,979,387,0,0,0,0,0,19,0,0,0,0,1,1,1,0.002704500046093017
"[1, 0, 1, 0, 0, 0, 0, 0, 0, 0, 0, 0, 0, 0, 0, 0, 0, 0, 0, 0, 1]",155,38,979,387,0,0,0,0,0,19,0,0,0,0,1,1,1,0.006923599983565509
"[1, 0, 0, 1, 1, 0, 0, 0, 0, 0, 0, 0, 0, 0, 0, 0, 0, 0, 0, 0, 0]",155,38,979,387,0,0,0,0,0,19,0,0,0,0,1,1,1,0.01124680001521483
"[1, 0, 0, 1, 0, 1, 0, 0, 0, 0, 0, 0, 0, 0, 0, 0, 0, 0, 0, 0, 0]",153,38,936,334,0,0,0,0,0,19,0,0,0,0,1,1,1,0.011099600000306964
"[1, 0, 0, 1, 0, 0, 1, 0, 0, 0, 0, 0, 0, 0, 0, 0, 0, 0, 0, 0, 0]",153,38,936,334,0,0,0,0,0,19,0,0,0,0,1,1,1,0.012810799991711974
"[1, 0, 0, 1, 0, 0, 0, 1, 0, 0, 0, 0, 0, 0, 0, 0, 0, 0, 0, 0, 0]",155,38,979,387,0,0,0,0,0,19,0,0,0,0,1,1,1,0.007019300013780594
"[1, 0, 0, 1, 0, 0, 0, 0, 1, 0, 0, 0, 0, 0, 0, 0, 0, 0, 0, 0, 0]",135,38,789,387,0,0,0,0,0,19,0,0,0,0,1,1,1,0.005648399994242936
"[1, 0, 0, 1, 0, 0, 0, 0, 0, 1, 0, 0, 0, 0, 0, 0, 0, 0, 0, 0, 0]",155,38,979,387,0,0,0,0,0,19,0,0,0,0,1,1,1,0.002491299994289875
"[1, 0, 0, 1, 0, 0, 0, 0, 0, 0, 1, 0, 0, 0, 0, 0, 0, 0, 0, 0, 0]",155,38,979,387,0,0,0,0,0,19,0,0,0,0,1,1,1,0.002404299972113222
"[1, 0, 0, 1, 0, 0, 0, 0, 0, 0, 0, 1, 0, 0, 0, 0, 0, 0, 0, 0, 0]",155,38,979,387,0,0,0,0,0,19,0,0,0,0,1,1,1,0.0027866000309586525
"[1, 0, 0, 1, 0, 0, 0, 0, 0, 0, 0, 0, 1, 0, 0, 0, 0, 0, 0, 0, 0]",154,38,978,387,0,0,0,0,0,19,0,0,0,0,1,1,1,1.521024000016041
"[1, 0, 0, 1, 0, 0, 0, 0, 0, 0, 0, 0, 0, 1, 0, 0, 0, 0, 0, 0, 0]",155,38,979,387,0,0,0,0,0,19,0,0,0,0,1,1,1,0.003082500013988465
"[1, 0, 0, 1, 0, 0, 0, 0, 0, 0, 0, 0, 0, 0, 1, 0, 0, 0, 0, 0, 0]",155,38,979,387,0,0,0,0,0,19,0,0,0,0,1,1,1,0.0044172999914735556
"[1, 0, 0, 1, 0, 0, 0, 0, 0, 0, 0, 0, 0, 0, 0, 1, 0, 0, 0, 0, 0]",155,38,979,387,0,0,0,0,0,19,0,0,0,0,1,1,1,0.002547200012486428
"[1, 0, 0, 1, 0, 0, 0, 0, 0, 0, 0, 0, 0, 0, 0, 0, 1, 0, 0, 0, 0]",155,38,979,387,0,0,0,0,0,19,0,0,0,0,1,1,1,0.002868100011255592
"[1, 0, 0, 1, 0, 0, 0, 0, 0, 0, 0, 0, 0, 0, 0, 0, 0, 1, 0, 0, 0]",155,38,979,387,0,0,0,0,0,19,0,0,0,0,1,1,1,0.002737400005571544
"[1, 0, 0, 1, 0, 0, 0, 0, 0, 0, 0, 0, 0, 0, 0, 0, 0, 0, 1, 0, 0]",155,38,979,387,0,0,0,0,0,19,0,0,0,0,1,1,1,0.0029975000070407987
"[1, 0, 0, 1, 0, 0, 0, 0, 0, 0, 0, 0, 0, 0, 0, 0, 0, 0, 0, 1, 0]",155,38,979,387,0,0,0,0,0,19,0,0,0,0,1,1,1,0.0037134999874979258
"[1, 0, 0, 1, 0, 0, 0, 0, 0, 0, 0, 0, 0, 0, 0, 0, 0, 0, 0, 0, 1]",155,38,979,387,0,0,0,0,0,19,0,0,0,0,1,1,1,0.00768649997189641
"[1, 0, 0, 0, 1, 1, 0, 0, 0, 0, 0, 0, 0, 0, 0, 0, 0, 0, 0, 0, 0]",153,38,936,334,0,0,0,0,0,19,0,0,0,0,1,1,1,0.02244780003093183
"[1, 0, 0, 0, 1, 0, 1, 0, 0, 0, 0, 0, 0, 0, 0, 0, 0, 0, 0, 0, 0]",153,38,936,334,0,0,0,0,0,19,0,0,0,0,1,1,1,0.025632900011260062
"[1, 0, 0, 0, 1, 0, 0, 1, 0, 0, 0, 0, 0, 0, 0, 0, 0, 0, 0, 0, 0]",155,38,979,387,0,0,0,0,0,19,0,0,0,0,1,1,1,0.016212099988479167
"[1, 0, 0, 0, 1, 0, 0, 0, 1, 0, 0, 0, 0, 0, 0, 0, 0, 0, 0, 0, 0]",135,38,789,387,0,0,0,0,0,19,0,0,0,0,1,1,1,0.01622370001859963
"[1, 0, 0, 0, 1, 0, 0, 0, 0, 1, 0, 0, 0, 0, 0, 0, 0, 0, 0, 0, 0]",155,38,979,387,0,0,0,0,0,19,0,0,0,0,1,1,1,0.012510399974416941
"[1, 0, 0, 0, 1, 0, 0, 0, 0, 0, 1, 0, 0, 0, 0, 0, 0, 0, 0, 0, 0]",155,38,979,387,0,0,0,0,0,19,0,0,0,0,1,1,1,0.013212000019848347
"[1, 0, 0, 0, 1, 0, 0, 0, 0, 0, 0, 1, 0, 0, 0, 0, 0, 0, 0, 0, 0]",155,38,979,387,0,0,0,0,0,19,0,0,0,0,1,1,1,0.011582700011786073
"[1, 0, 0, 0, 1, 0, 0, 0, 0, 0, 0, 0, 1, 0, 0, 0, 0, 0, 0, 0, 0]",154,38,978,387,0,0,0,0,0,19,0,0,0,0,1,1,1,1.4908793999929912
"[1, 0, 0, 0, 1, 0, 0, 0, 0, 0, 0, 0, 0, 1, 0, 0, 0, 0, 0, 0, 0]",155,38,979,387,0,0,0,0,0,19,0,0,0,0,1,1,1,0.011061800003517419
"[1, 0, 0, 0, 1, 0, 0, 0, 0, 0, 0, 0, 0, 0, 1, 0, 0, 0, 0, 0, 0]",155,38,979,387,0,0,0,0,0,19,0,0,0,0,1,1,1,0.012592500017490238
"[1, 0, 0, 0, 1, 0, 0, 0, 0, 0, 0, 0, 0, 0, 0, 1, 0, 0, 0, 0, 0]",155,38,979,387,0,0,0,0,0,19,0,0,0,0,1,1,1,0.011282099992968142
"[1, 0, 0, 0, 1, 0, 0, 0, 0, 0, 0, 0, 0, 0, 0, 0, 1, 0, 0, 0, 0]",155,38,979,387,0,0,0,0,0,19,0,0,0,0,1,1,1,0.011880099948029965
"[1, 0, 0, 0, 1, 0, 0, 0, 0, 0, 0, 0, 0, 0, 0, 0, 0, 1, 0, 0, 0]",155,38,979,387,0,0,0,0,0,19,0,0,0,0,1,1,1,0.011045699997339398
"[1, 0, 0, 0, 1, 0, 0, 0, 0, 0, 0, 0, 0, 0, 0, 0, 0, 0, 1, 0, 0]",155,38,979,387,0,0,0,0,0,19,0,0,0,0,1,1,1,0.011430000013206154
"[1, 0, 0, 0, 1, 0, 0, 0, 0, 0, 0, 0, 0, 0, 0, 0, 0, 0, 0, 1, 0]",155,38,979,387,0,0,0,0,0,19,0,0,0,0,1,1,1,0.011721200018655509
"[1, 0, 0, 0, 1, 0, 0, 0, 0, 0, 0, 0, 0, 0, 0, 0, 0, 0, 0, 0, 1]",155,38,979,387,0,0,0,0,0,19,0,0,0,0,1,1,1,0.016147499962244183
"[1, 0, 0, 0, 0, 1, 1, 0, 0, 0, 0, 0, 0, 0, 0, 0, 0, 0, 0, 0, 0]",153,38,936,334,0,0,0,0,0,19,0,0,0,0,1,1,1,0.01960480003617704
"[1, 0, 0, 0, 0, 1, 0, 1, 0, 0, 0, 0, 0, 0, 0, 0, 0, 0, 0, 0, 0]",153,38,936,334,0,0,0,0,0,19,0,0,0,0,1,1,1,0.029788799991365522
"[1, 0, 0, 0, 0, 1, 0, 0, 1, 0, 0, 0, 0, 0, 0, 0, 0, 0, 0, 0, 0]",134,38,747,334,0,0,0,0,0,19,0,0,0,0,1,1,1,0.015376499970443547
"[1, 0, 0, 0, 0, 1, 0, 0, 0, 1, 0, 0, 0, 0, 0, 0, 0, 0, 0, 0, 0]",153,38,936,334,0,0,0,0,0,19,0,0,0,0,1,1,1,0.012048800010234118
"[1, 0, 0, 0, 0, 1, 0, 0, 0, 0, 1, 0, 0, 0, 0, 0, 0, 0, 0, 0, 0]",153,38,936,334,0,0,0,0,0,19,0,0,0,0,1,1,1,0.011853800038807094
"[1, 0, 0, 0, 0, 1, 0, 0, 0, 0, 0, 1, 0, 0, 0, 0, 0, 0, 0, 0, 0]",153,38,936,334,0,0,0,0,0,19,0,0,0,0,1,1,1,0.01155210001161322
"[1, 0, 0, 0, 0, 1, 0, 0, 0, 0, 0, 0, 1, 0, 0, 0, 0, 0, 0, 0, 0]",152,38,935,334,0,0,0,0,0,19,0,0,0,0,1,1,1,1.4012050000019372
"[1, 0, 0, 0, 0, 1, 0, 0, 0, 0, 0, 0, 0, 1, 0, 0, 0, 0, 0, 0, 0]",153,38,936,334,0,0,0,0,0,19,0,0,0,0,1,1,1,0.01202190003823489
"[1, 0, 0, 0, 0, 1, 0, 0, 0, 0, 0, 0, 0, 0, 1, 0, 0, 0, 0, 0, 0]",153,38,936,334,0,0,0,0,0,19,0,0,0,0,1,1,1,0.014024399977643043
"[1, 0, 0, 0, 0, 1, 0, 0, 0, 0, 0, 0, 0, 0, 0, 1, 0, 0, 0, 0, 0]",153,38,936,334,0,0,0,0,0,19,0,0,0,0,1,1,1,0.011347699968609959
"[1, 0, 0, 0, 0, 1, 0, 0, 0, 0, 0, 0, 0, 0, 0, 0, 1, 0, 0, 0, 0]",153,38,936,334,0,0,0,0,0,19,0,0,0,0,1,1,1,0.011420900002121925
"[1, 0, 0, 0, 0, 1, 0, 0, 0, 0, 0, 0, 0, 0, 0, 0, 0, 1, 0, 0, 0]",153,38,936,334,0,0,0,0,0,19,0,0,0,0,1,1,1,0.011450699996203184
"[1, 0, 0, 0, 0, 1, 0, 0, 0, 0, 0, 0, 0, 0, 0, 0, 0, 0, 1, 0, 0]",153,38,936,334,0,0,0,0,0,19,0,0,0,0,1,1,1,0.011528700008057058
"[1, 0, 0, 0, 0, 1, 0, 0, 0, 0, 0, 0, 0, 0, 0, 0, 0, 0, 0, 1, 0]",153,38,936,334,0,0,0,0,0,19,0,0,0,0,1,1,1,0.011798899970017374
"[1, 0, 0, 0, 0, 1, 0, 0, 0, 0, 0, 0, 0, 0, 0, 0, 0, 0, 0, 0, 1]",153,38,936,334,0,0,0,0,0,19,0,0,0,0,1,1,1,0.015435700013767928
"[1, 0, 0, 0, 0, 0, 1, 1, 0, 0, 0, 0, 0, 0, 0, 0, 0, 0, 0, 0, 0]",153,38,936,334,0,0,0,0,0,19,0,0,0,0,1,1,1,0.08675650000805035
"[1, 0, 0, 0, 0, 0, 1, 0, 1, 0, 0, 0, 0, 0, 0, 0, 0, 0, 0, 0, 0]",134,38,747,334,0,0,0,0,0,19,0,0,0,0,1,1,1,0.016075699997600168
"[1, 0, 0, 0, 0, 0, 1, 0, 0, 1, 0, 0, 0, 0, 0, 0, 0, 0, 0, 0, 0]",153,38,936,334,0,0,0,0,0,19,0,0,0,0,1,1,1,0.013089600019156933
"[1, 0, 0, 0, 0, 0, 1, 0, 0, 0, 1, 0, 0, 0, 0, 0, 0, 0, 0, 0, 0]",153,38,936,334,0,0,0,0,0,19,0,0,0,0,1,1,1,0.014710199960973114
"[1, 0, 0, 0, 0, 0, 1, 0, 0, 0, 0, 1, 0, 0, 0, 0, 0, 0, 0, 0, 0]",153,38,936,334,0,0,0,0,0,19,0,0,0,0,1,1,1,0.013450199970975518
"[1, 0, 0, 0, 0, 0, 1, 0, 0, 0, 0, 0, 1, 0, 0, 0, 0, 0, 0, 0, 0]",152,38,935,334,0,0,0,0,0,19,0,0,0,0,1,1,1,1.332101799955126
"[1, 0, 0, 0, 0, 0, 1, 0, 0, 0, 0, 0, 0, 1, 0, 0, 0, 0, 0, 0, 0]",153,38,936,334,0,0,0,0,0,19,0,0,0,0,1,1,1,0.01448559999698773
"[1, 0, 0, 0, 0, 0, 1, 0, 0, 0, 0, 0, 0, 0, 1, 0, 0, 0, 0, 0, 0]",153,38,936,334,0,0,0,0,0,19,0,0,0,0,1,1,1,0.015533700003288686
"[1, 0, 0, 0, 0, 0, 1, 0, 0, 0, 0, 0, 0, 0, 0, 1, 0, 0, 0, 0, 0]",153,38,936,334,0,0,0,0,0,19,0,0,0,0,1,1,1,0.013560599996708333
"[1, 0, 0, 0, 0, 0, 1, 0, 0, 0, 0, 0, 0, 0, 0, 0, 1, 0, 0, 0, 0]",153,38,936,334,0,0,0,0,0,19,0,0,0,0,1,1,1,0.014402699947822839
"[1, 0, 0, 0, 0, 0, 1, 0, 0, 0, 0, 0, 0, 0, 0, 0, 0, 1, 0, 0, 0]",153,38,936,334,0,0,0,0,0,19,0,0,0,0,1,1,1,0.014035800006240606
"[1, 0, 0, 0, 0, 0, 1, 0, 0, 0, 0, 0, 0, 0, 0, 0, 0, 0, 1, 0, 0]",153,38,936,334,0,0,0,0,0,19,0,0,0,0,1,1,1,0.013356000010389835
"[1, 0, 0, 0, 0, 0, 1, 0, 0, 0, 0, 0, 0, 0, 0, 0, 0, 0, 0, 1, 0]",153,38,936,334,0,0,0,0,0,19,0,0,0,0,1,1,1,0.013691000000108033
"[1, 0, 0, 0, 0, 0, 1, 0, 0, 0, 0, 0, 0, 0, 0, 0, 0, 0, 0, 0, 1]",153,38,936,334,0,0,0,0,0,19,0,0,0,0,1,1,1,0.017655899981036782
"[1, 0, 0, 0, 0, 0, 0, 1, 1, 0, 0, 0, 0, 0, 0, 0, 0, 0, 0, 0, 0]",135,38,789,387,0,0,0,0,0,19,0,0,0,0,1,1,1,0.009972200030460954
"[1, 0, 0, 0, 0, 0, 0, 1, 0, 1, 0, 0, 0, 0, 0, 0, 0, 0, 0, 0, 0]",155,38,979,387,0,0,0,0,0,19,0,0,0,0,1,1,1,0.007896399998571724
"[1, 0, 0, 0, 0, 0, 0, 1, 0, 0, 1, 0, 0, 0, 0, 0, 0, 0, 0, 0, 0]",155,38,979,387,0,0,0,0,0,19,0,0,0,0,1,1,1,0.006428199994843453
"[1, 0, 0, 0, 0, 0, 0, 1, 0, 0, 0, 1, 0, 0, 0, 0, 0, 0, 0, 0, 0]",155,38,979,387,0,0,0,0,0,19,0,0,0,0,1,1,1,0.006461899960413575
"[1, 0, 0, 0, 0, 0, 0, 1, 0, 0, 0, 0, 1, 0, 0, 0, 0, 0, 0, 0, 0]",154,38,978,387,0,0,0,0,0,19,0,0,0,0,1,1,1,1.460343099955935
"[1, 0, 0, 0, 0, 0, 0, 1, 0, 0, 0, 0, 0, 1, 0, 0, 0, 0, 0, 0, 0]",155,38,979,387,0,0,0,0,0,19,0,0,0,0,1,1,1,0.0066850000293925405
"[1, 0, 0, 0, 0, 0, 0, 1, 0, 0, 0, 0, 0, 0, 1, 0, 0, 0, 0, 0, 0]",155,38,979,387,0,0,0,0,0,19,0,0,0,0,1,1,1,0.008032599987927824
"[1, 0, 0, 0, 0, 0, 0, 1, 0, 0, 0, 0, 0, 0, 0, 1, 0, 0, 0, 0, 0]",155,38,979,387,0,0,0,0,0,19,0,0,0,0,1,1,1,0.005955500004347414
"[1, 0, 0, 0, 0, 0, 0, 1, 0, 0, 0, 0, 0, 0, 0, 0, 1, 0, 0, 0, 0]",155,38,979,387,0,0,0,0,0,19,0,0,0,0,1,1,1,0.006368400005158037
"[1, 0, 0, 0, 0, 0, 0, 1, 0, 0, 0, 0, 0, 0, 0, 0, 0, 1, 0, 0, 0]",155,38,979,387,0,0,0,0,0,19,0,0,0,0,1,1,1,0.0061989999958314
"[1, 0, 0, 0, 0, 0, 0, 1, 0, 0, 0, 0, 0, 0, 0, 0, 0, 0, 1, 0, 0]",155,38,979,387,0,0,0,0,0,19,0,0,0,0,1,1,1,0.006444300001021475
"[1, 0, 0, 0, 0, 0, 0, 1, 0, 0, 0, 0, 0, 0, 0, 0, 0, 0, 0, 1, 0]",155,38,979,387,0,0,0,0,0,19,0,0,0,0,1,1,1,0.006099099991843104
"[1, 0, 0, 0, 0, 0, 0, 1, 0, 0, 0, 0, 0, 0, 0, 0, 0, 0, 0, 0, 1]",155,38,979,387,0,0,0,0,0,19,0,0,0,0,1,1,1,0.009903499973006546
"[1, 0, 0, 0, 0, 0, 0, 0, 1, 1, 0, 0, 0, 0, 0, 0, 0, 0, 0, 0, 0]",135,38,789,387,0,0,0,0,0,19,0,0,0,0,1,1,1,0.005186299968045205
"[1, 0, 0, 0, 0, 0, 0, 0, 1, 0, 1, 0, 0, 0, 0, 0, 0, 0, 0, 0, 0]",135,38,789,387,0,0,0,0,0,19,0,0,0,0,1,1,1,0.005385699972975999
"[1, 0, 0, 0, 0, 0, 0, 0, 1, 0, 0, 1, 0, 0, 0, 0, 0, 0, 0, 0, 0]",135,38,789,387,0,0,0,0,0,19,0,0,0,0,1,1,1,0.005297199997585267
"[1, 0, 0, 0, 0, 0, 0, 0, 1, 0, 0, 0, 1, 0, 0, 0, 0, 0, 0, 0, 0]",134,38,788,387,0,0,0,0,0,19,0,0,0,0,1,1,1,1.1969814999611117
"[1, 0, 0, 0, 0, 0, 0, 0, 1, 0, 0, 0, 0, 1, 0, 0, 0, 0, 0, 0, 0]",135,38,789,387,0,0,0,0,0,19,0,0,0,0,1,1,1,0.006116700009442866
"[1, 0, 0, 0, 0, 0, 0, 0, 1, 0, 0, 0, 0, 0, 1, 0, 0, 0, 0, 0, 0]",135,38,789,387,0,0,0,0,0,19,0,0,0,0,1,1,1,0.007123599993065
"[1, 0, 0, 0, 0, 0, 0, 0, 1, 0, 0, 0, 0, 0, 0, 1, 0, 0, 0, 0, 0]",135,38,789,387,0,0,0,0,0,19,0,0,0,0,1,1,1,0.0054364000097848475
"[1, 0, 0, 0, 0, 0, 0, 0, 1, 0, 0, 0, 0, 0, 0, 0, 1, 0, 0, 0, 0]",135,38,789,387,0,0,0,0,0,19,0,0,0,0,1,1,1,0.005588300002273172
"[1, 0, 0, 0, 0, 0, 0, 0, 1, 0, 0, 0, 0, 0, 0, 0, 0, 1, 0, 0, 0]",135,38,789,387,0,0,0,0,0,19,0,0,0,0,1,1,1,0.005579499993473291
"[1, 0, 0, 0, 0, 0, 0, 0, 1, 0, 0, 0, 0, 0, 0, 0, 0, 0, 1, 0, 0]",135,38,789,387,0,0,0,0,0,19,0,0,0,0,1,1,1,0.005444099952001125
"[1, 0, 0, 0, 0, 0, 0, 0, 1, 0, 0, 0, 0, 0, 0, 0, 0, 0, 0, 1, 0]",135,38,789,387,0,0,0,0,0,19,0,0,0,0,1,1,1,0.005528299952857196
"[1, 0, 0, 0, 0, 0, 0, 0, 1, 0, 0, 0, 0, 0, 0, 0, 0, 0, 0, 0, 1]",135,38,789,387,0,0,0,0,0,19,0,0,0,0,1,1,1,0.009015000017825514
"[1, 0, 0, 0, 0, 0, 0, 0, 0, 1, 1, 0, 0, 0, 0, 0, 0, 0, 0, 0, 0]",155,38,979,387,0,0,0,0,0,19,0,0,0,0,1,1,1,0.002310300013050437
"[1, 0, 0, 0, 0, 0, 0, 0, 0, 1, 0, 1, 0, 0, 0, 0, 0, 0, 0, 0, 0]",155,38,979,387,0,0,0,0,0,19,0,0,0,0,1,1,1,0.0022293999791145325
"[1, 0, 0, 0, 0, 0, 0, 0, 0, 1, 0, 0, 1, 0, 0, 0, 0, 0, 0, 0, 0]",154,38,978,387,0,0,0,0,0,19,0,0,0,0,1,1,1,1.462004600034561
"[1, 0, 0, 0, 0, 0, 0, 0, 0, 1, 0, 0, 0, 1, 0, 0, 0, 0, 0, 0, 0]",155,38,979,387,0,0,0,0,0,19,0,0,0,0,1,1,1,0.002522099995985627
"[1, 0, 0, 0, 0, 0, 0, 0, 0, 1, 0, 0, 0, 0, 1, 0, 0, 0, 0, 0, 0]",155,38,979,387,0,0,0,0,0,19,0,0,0,0,1,1,1,0.004391499969642609
"[1, 0, 0, 0, 0, 0, 0, 0, 0, 1, 0, 0, 0, 0, 0, 1, 0, 0, 0, 0, 0]",155,38,979,387,0,0,0,0,0,19,0,0,0,0,1,1,1,0.001881200005300343
"[1, 0, 0, 0, 0, 0, 0, 0, 0, 1, 0, 0, 0, 0, 0, 0, 1, 0, 0, 0, 0]",155,38,979,387,0,0,0,0,0,19,0,0,0,0,1,1,1,0.0020446000271476805
"[1, 0, 0, 0, 0, 0, 0, 0, 0, 1, 0, 0, 0, 0, 0, 0, 0, 1, 0, 0, 0]",155,38,979,387,0,0,0,0,0,19,0,0,0,0,1,1,1,0.0018159000319428742
"[1, 0, 0, 0, 0, 0, 0, 0, 0, 1, 0, 0, 0, 0, 0, 0, 0, 0, 1, 0, 0]",155,38,979,387,0,0,0,0,0,19,0,0,0,0,1,1,1,0.0019396999850869179
"[1, 0, 0, 0, 0, 0, 0, 0, 0, 1, 0, 0, 0, 0, 0, 0, 0, 0, 0, 1, 0]",155,38,979,387,0,0,0,0,0,19,0,0,0,0,1,1,1,0.0021397999953478575
"[1, 0, 0, 0, 0, 0, 0, 0, 0, 1, 0, 0, 0, 0, 0, 0, 0, 0, 0, 0, 1]",155,38,979,387,0,0,0,0,0,19,0,0,0,0,1,1,1,0.006343200046103448
"[1, 0, 0, 0, 0, 0, 0, 0, 0, 0, 1, 1, 0, 0, 0, 0, 0, 0, 0, 0, 0]",155,38,979,387,0,0,0,0,0,19,0,0,0,0,1,1,1,0.0021797000081278384
"[1, 0, 0, 0, 0, 0, 0, 0, 0, 0, 1, 0, 1, 0, 0, 0, 0, 0, 0, 0, 0]",154,38,978,387,0,0,0,0,0,19,0,0,0,0,1,1,1,1.5613260000245646
"[1, 0, 0, 0, 0, 0, 0, 0, 0, 0, 1, 0, 0, 1, 0, 0, 0, 0, 0, 0, 0]",155,38,979,387,0,0,0,0,0,19,0,0,0,0,1,1,1,0.0026627000188454986
"[1, 0, 0, 0, 0, 0, 0, 0, 0, 0, 1, 0, 0, 0, 1, 0, 0, 0, 0, 0, 0]",155,38,979,387,0,0,0,0,0,19,0,0,0,0,1,1,1,0.005043599987402558
"[1, 0, 0, 0, 0, 0, 0, 0, 0, 0, 1, 0, 0, 0, 0, 1, 0, 0, 0, 0, 0]",155,38,979,387,0,0,0,0,0,19,0,0,0,0,1,1,1,0.0024718999629840255
"[1, 0, 0, 0, 0, 0, 0, 0, 0, 0, 1, 0, 0, 0, 0, 0, 1, 0, 0, 0, 0]",155,38,979,387,0,0,0,0,0,19,0,0,0,0,1,1,1,0.002826100040692836
"[1, 0, 0, 0, 0, 0, 0, 0, 0, 0, 1, 0, 0, 0, 0, 0, 0, 1, 0, 0, 0]",155,38,979,387,0,0,0,0,0,19,0,0,0,0,1,1,1,0.0024826000444591045
"[1, 0, 0, 0, 0, 0, 0, 0, 0, 0, 1, 0, 0, 0, 0, 0, 0, 0, 1, 0, 0]",155,38,979,387,0,0,0,0,0,19,0,0,0,0,1,1,1,0.002132800000254065
"[1, 0, 0, 0, 0, 0, 0, 0, 0, 0, 1, 0, 0, 0, 0, 0, 0, 0, 0, 1, 0]",155,38,979,387,0,0,0,0,0,19,0,0,0,0,1,1,1,0.0021097999997437
"[1, 0, 0, 0, 0, 0, 0, 0, 0, 0, 1, 0, 0, 0, 0, 0, 0, 0, 0, 0, 1]",155,38,979,387,0,0,0,0,0,19,0,0,0,0,1,1,1,0.007194000005256385
"[1, 0, 0, 0, 0, 0, 0, 0, 0, 0, 0, 1, 1, 0, 0, 0, 0, 0, 0, 0, 0]",154,38,978,387,0,0,0,0,0,19,0,0,0,0,1,1,1,1.4996964000165462
"[1, 0, 0, 0, 0, 0, 0, 0, 0, 0, 0, 1, 0, 1, 0, 0, 0, 0, 0, 0, 0]",155,38,979,387,0,0,0,0,0,19,0,0,0,0,1,1,1,0.002498999994713813
"[1, 0, 0, 0, 0, 0, 0, 0, 0, 0, 0, 1, 0, 0, 1, 0, 0, 0, 0, 0, 0]",155,38,979,387,0,0,0,0,0,19,0,0,0,0,1,1,1,0.003612699976656586
"[1, 0, 0, 0, 0, 0, 0, 0, 0, 0, 0, 1, 0, 0, 0, 1, 0, 0, 0, 0, 0]",155,38,979,387,0,0,0,0,0,19,0,0,0,0,1,1,1,0.0018488999921828508
"[1, 0, 0, 0, 0, 0, 0, 0, 0, 0, 0, 1, 0, 0, 0, 0, 1, 0, 0, 0, 0]",155,38,979,387,0,0,0,0,0,19,0,0,0,0,1,1,1,0.001770000031683594
"[1, 0, 0, 0, 0, 0, 0, 0, 0, 0, 0, 1, 0, 0, 0, 0, 0, 1, 0, 0, 0]",155,38,979,387,0,0,0,0,0,19,0,0,0,0,1,1,1,0.0024649000260978937
"[1, 0, 0, 0, 0, 0, 0, 0, 0, 0, 0, 1, 0, 0, 0, 0, 0, 0, 1, 0, 0]",155,38,979,387,0,0,0,0,0,19,0,0,0,0,1,1,1,0.0018926000338979065
"[1, 0, 0, 0, 0, 0, 0, 0, 0, 0, 0, 1, 0, 0, 0, 0, 0, 0, 0, 1, 0]",155,38,979,387,0,0,0,0,0,19,0,0,0,0,1,1,1,0.002718399977311492
"[1, 0, 0, 0, 0, 0, 0, 0, 0, 0, 0, 1, 0, 0, 0, 0, 0, 0, 0, 0, 1]",155,38,979,387,0,0,0,0,0,19,0,0,0,0,1,1,1,0.007111300015822053
"[1, 0, 0, 0, 0, 0, 0, 0, 0, 0, 0, 0, 1, 1, 0, 0, 0, 0, 0, 0, 0]",154,38,978,387,0,0,0,0,0,19,0,0,0,0,1,1,1,1.5595198000082746
"[1, 0, 0, 0, 0, 0, 0, 0, 0, 0, 0, 0, 1, 0, 1, 0, 0, 0, 0, 0, 0]",154,38,978,387,0,0,0,0,0,19,0,0,0,0,1,1,1,1.5728779999772087
"[1, 0, 0, 0, 0, 0, 0, 0, 0, 0, 0, 0, 1, 0, 0, 1, 0, 0, 0, 0, 0]",154,38,978,387,0,0,0,0,0,19,0,0,0,0,1,1,1,1.490893300040625
"[1, 0, 0, 0, 0, 0, 0, 0, 0, 0, 0, 0, 1, 0, 0, 0, 1, 0, 0, 0, 0]",154,38,978,387,0,0,0,0,0,19,0,0,0,0,1,1,1,1.4936444999766536
"[1, 0, 0, 0, 0, 0, 0, 0, 0, 0, 0, 0, 1, 0, 0, 0, 0, 1, 0, 0, 0]",154,38,978,387,0,0,0,0,0,19,0,0,0,0,1,1,1,1.5572472999920137
"[1, 0, 0, 0, 0, 0, 0, 0, 0, 0, 0, 0, 1, 0, 0, 0, 0, 0, 1, 0, 0]",154,38,978,387,0,0,0,0,0,19,0,0,0,0,1,1,1,1.4588238999713212
"[1, 0, 0, 0, 0, 0, 0, 0, 0, 0, 0, 0, 1, 0, 0, 0, 0, 0, 0, 1, 0]",154,38,978,387,0,0,0,0,0,19,0,0,0,0,1,1,1,1.547495800012257
"[1, 0, 0, 0, 0, 0, 0, 0, 0, 0, 0, 0, 1, 0, 0, 0, 0, 0, 0, 0, 1]",154,38,978,387,0,0,0,0,0,19,0,0,0,0,1,1,1,1.4336502999649383
"[1, 0, 0, 0, 0, 0, 0, 0, 0, 0, 0, 0, 0, 1, 1, 0, 0, 0, 0, 0, 0]",155,38,979,387,0,0,0,0,0,19,0,0,0,0,1,1,1,0.004843899980187416
"[1, 0, 0, 0, 0, 0, 0, 0, 0, 0, 0, 0, 0, 1, 0, 1, 0, 0, 0, 0, 0]",155,38,979,387,0,0,0,0,0,19,0,0,0,0,1,1,1,0.0023230999941006303
"[1, 0, 0, 0, 0, 0, 0, 0, 0, 0, 0, 0, 0, 1, 0, 0, 1, 0, 0, 0, 0]",155,38,979,387,0,0,0,0,0,19,0,0,0,0,1,1,1,0.0025661999825388193
"[1, 0, 0, 0, 0, 0, 0, 0, 0, 0, 0, 0, 0, 1, 0, 0, 0, 1, 0, 0, 0]",155,38,979,387,0,0,0,0,0,19,0,0,0,0,1,1,1,0.002527400036342442
"[1, 0, 0, 0, 0, 0, 0, 0, 0, 0, 0, 0, 0, 1, 0, 0, 0, 0, 1, 0, 0]",155,38,979,387,0,0,0,0,0,19,0,0,0,0,1,1,1,0.0023697999422438443
"[1, 0, 0, 0, 0, 0, 0, 0, 0, 0, 0, 0, 0, 1, 0, 0, 0, 0, 0, 1, 0]",155,38,979,387,0,0,0,0,0,19,0,0,0,0,1,1,1,0.0024628000101074576
"[1, 0, 0, 0, 0, 0, 0, 0, 0, 0, 0, 0, 0, 1, 0, 0, 0, 0, 0, 0, 1]",155,38,979,387,0,0,0,0,0,19,0,0,0,0,1,1,1,0.006257900036871433
"[1, 0, 0, 0, 0, 0, 0, 0, 0, 0, 0, 0, 0, 0, 1, 1, 0, 0, 0, 0, 0]",155,38,979,387,0,0,0,0,0,19,0,0,0,0,1,1,1,0.004234899999573827
"[1, 0, 0, 0, 0, 0, 0, 0, 0, 0, 0, 0, 0, 0, 1, 0, 1, 0, 0, 0, 0]",155,38,979,387,0,0,0,0,0,19,0,0,0,0,1,1,1,0.0036608000518754125
"[1, 0, 0, 0, 0, 0, 0, 0, 0, 0, 0, 0, 0, 0, 1, 0, 0, 1, 0, 0, 0]",155,38,979,387,0,0,0,0,0,19,0,0,0,0,1,1,1,0.0034330000053159893
"[1, 0, 0, 0, 0, 0, 0, 0, 0, 0, 0, 0, 0, 0, 1, 0, 0, 0, 1, 0, 0]",155,38,979,387,0,0,0,0,0,19,0,0,0,0,1,1,1,0.003680700028780848
"[1, 0, 0, 0, 0, 0, 0, 0, 0, 0, 0, 0, 0, 0, 1, 0, 0, 0, 0, 1, 0]",155,38,979,387,0,0,0,0,0,19,0,0,0,0,1,1,1,0.003604199970141053
"[1, 0, 0, 0, 0, 0, 0, 0, 0, 0, 0, 0, 0, 0, 1, 0, 0, 0, 0, 0, 1]",155,38,979,387,0,0,0,0,0,19,0,0,0,0,1,1,1,0.0069814000162296
"[1, 0, 0, 0, 0, 0, 0, 0, 0, 0, 0, 0, 0, 0, 0, 1, 1, 0, 0, 0, 0]",155,38,979,387,0,0,0,0,0,19,0,0,0,0,1,1,1,0.0019659000099636614
"[1, 0, 0, 0, 0, 0, 0, 0, 0, 0, 0, 0, 0, 0, 0, 1, 0, 1, 0, 0, 0]",155,38,979,387,0,0,0,0,0,19,0,0,0,0,1,1,1,0.0020201000152155757
"[1, 0, 0, 0, 0, 0, 0, 0, 0, 0, 0, 0, 0, 0, 0, 1, 0, 0, 1, 0, 0]",155,38,979,387,0,0,0,0,0,19,0,0,0,0,1,1,1,0.001975300023332238
"[1, 0, 0, 0, 0, 0, 0, 0, 0, 0, 0, 0, 0, 0, 0, 1, 0, 0, 0, 1, 0]",155,38,979,387,0,0,0,0,0,19,0,0,0,0,1,1,1,0.002015499980188906
"[1, 0, 0, 0, 0, 0, 0, 0, 0, 0, 0, 0, 0, 0, 0, 1, 0, 0, 0, 0, 1]",155,38,979,387,0,0,0,0,0,19,0,0,0,0,1,1,1,0.006599699961952865
"[1, 0, 0, 0, 0, 0, 0, 0, 0, 0, 0, 0, 0, 0, 0, 0, 1, 1, 0, 0, 0]",155,38,979,387,0,0,0,0,0,19,0,0,0,0,1,1,1,0.002032899996265769
"[1, 0, 0, 0, 0, 0, 0, 0, 0, 0, 0, 0, 0, 0, 0, 0, 1, 0, 1, 0, 0]",155,38,979,387,0,0,0,0,0,19,0,0,0,0,1,1,1,0.00191430002450943
"[1, 0, 0, 0, 0, 0, 0, 0, 0, 0, 0, 0, 0, 0, 0, 0, 1, 0, 0, 1, 0]",155,38,979,387,0,0,0,0,0,19,0,0,0,0,1,1,1,0.0019168000435456634
"[1, 0, 0, 0, 0, 0, 0, 0, 0, 0, 0, 0, 0, 0, 0, 0, 1, 0, 0, 0, 1]",155,38,979,387,0,0,0,0,0,19,0,0,0,0,1,1,1,0.006085200002416968
"[1, 0, 0, 0, 0, 0, 0, 0, 0, 0, 0, 0, 0, 0, 0, 0, 0, 1, 1, 0, 0]",155,38,979,387,0,0,0,0,0,19,0,0,0,0,1,1,1,0.006230600003618747
"[1, 0, 0, 0, 0, 0, 0, 0, 0, 0, 0, 0, 0, 0, 0, 0, 0, 1, 0, 1, 0]",155,38,979,387,0,0,0,0,0,19,0,0,0,0,1,1,1,0.0020445999689400196
"[1, 0, 0, 0, 0, 0, 0, 0, 0, 0, 0, 0, 0, 0, 0, 0, 0, 1, 0, 0, 1]",155,38,979,387,0,0,0,0,0,19,0,0,0,0,1,1,1,0.0074967999826185405
"[1, 0, 0, 0, 0, 0, 0, 0, 0, 0, 0, 0, 0, 0, 0, 0, 0, 0, 1, 1, 0]",155,38,979,387,0,0,0,0,0,19,0,0,0,0,1,1,1,0.0022510000271722674
"[1, 0, 0, 0, 0, 0, 0, 0, 0, 0, 0, 0, 0, 0, 0, 0, 0, 0, 1, 0, 1]",155,38,979,387,0,0,0,0,0,19,0,0,0,0,1,1,1,0.006109799956902862
"[1, 0, 0, 0, 0, 0, 0, 0, 0, 0, 0, 0, 0, 0, 0, 0, 0, 0, 0, 1, 1]",155,38,979,387,0,0,0,0,0,19,0,0,0,0,1,1,1,0.006078400008846074
"[0, 1, 1, 1, 0, 0, 0, 0, 0, 0, 0, 0, 0, 0, 0, 0, 0, 0, 0, 0, 0]",147,38,903,387,0,0,0,0,0,19,0,0,0,0,1,1,1,0.0037918000016361475
"[0, 1, 1, 0, 1, 0, 0, 0, 0, 0, 0, 0, 0, 0, 0, 0, 0, 0, 0, 0, 0]",147,38,903,387,0,0,0,0,0,19,0,0,0,0,1,1,1,0.011783399968408048
"[0, 1, 1, 0, 0, 1, 0, 0, 0, 0, 0, 0, 0, 0, 0, 0, 0, 0, 0, 0, 0]",145,38,860,334,0,0,0,0,0,19,0,0,0,0,1,1,1,0.01284989999840036
"[0, 1, 1, 0, 0, 0, 1, 0, 0, 0, 0, 0, 0, 0, 0, 0, 0, 0, 0, 0, 0]",145,38,860,334,0,0,0,0,0,19,0,0,0,0,1,1,1,0.013410299958195537
"[0, 1, 1, 0, 0, 0, 0, 1, 0, 0, 0, 0, 0, 0, 0, 0, 0, 0, 0, 0, 0]",147,38,903,387,0,0,0,0,0,19,0,0,0,0,1,1,1,0.006957300007343292
"[0, 1, 1, 0, 0, 0, 0, 0, 1, 0, 0, 0, 0, 0, 0, 0, 0, 0, 0, 0, 0]",147,38,767,387,0,0,0,0,0,19,0,0,0,0,1,1,1,0.006821700022555888
"[0, 1, 1, 0, 0, 0, 0, 0, 0, 1, 0, 0, 0, 0, 0, 0, 0, 0, 0, 0, 0]",147,38,903,387,0,0,0,0,0,19,0,0,0,0,1,1,1,0.0034474999993108213
"[0, 1, 1, 0, 0, 0, 0, 0, 0, 0, 1, 0, 0, 0, 0, 0, 0, 0, 0, 0, 0]",147,38,903,387,0,0,0,0,0,19,0,0,0,0,1,1,1,0.003615399997215718
"[0, 1, 1, 0, 0, 0, 0, 0, 0, 0, 0, 1, 0, 0, 0, 0, 0, 0, 0, 0, 0]",147,38,903,387,0,0,0,0,0,19,0,0,0,0,1,1,1,0.003470199997536838
"[0, 1, 1, 0, 0, 0, 0, 0, 0, 0, 0, 0, 1, 0, 0, 0, 0, 0, 0, 0, 0]",147,38,903,387,0,0,0,0,0,19,0,0,0,0,1,1,1,1.4499814999871887
"[0, 1, 1, 0, 0, 0, 0, 0, 0, 0, 0, 0, 0, 1, 0, 0, 0, 0, 0, 0, 0]",147,38,903,387,0,0,0,0,0,19,0,0,0,0,1,1,1,0.0038157000089995563
"[0, 1, 1, 0, 0, 0, 0, 0, 0, 0, 0, 0, 0, 0, 1, 0, 0, 0, 0, 0, 0]",147,38,903,387,0,0,0,0,0,19,0,0,0,0,1,1,1,0.005456299986690283
"[0, 1, 1, 0, 0, 0, 0, 0, 0, 0, 0, 0, 0, 0, 0, 1, 0, 0, 0, 0, 0]",147,38,903,387,0,0,0,0,0,19,0,0,0,0,1,1,1,0.0033389999880455434
"[0, 1, 1, 0, 0, 0, 0, 0, 0, 0, 0, 0, 0, 0, 0, 0, 1, 0, 0, 0, 0]",147,38,903,387,0,0,0,0,0,19,0,0,0,0,1,1,1,0.0033494000090286136
"[0, 1, 1, 0, 0, 0, 0, 0, 0, 0, 0, 0, 0, 0, 0, 0, 0, 1, 0, 0, 0]",147,38,903,387,0,0,0,0,0,19,0,0,0,0,1,1,1,0.0035764999920502305
"[0, 1, 1, 0, 0, 0, 0, 0, 0, 0, 0, 0, 0, 0, 0, 0, 0, 0, 1, 0, 0]",147,38,903,387,0,0,0,0,0,19,0,0,0,0,1,1,1,0.0038958999793976545
"[0, 1, 1, 0, 0, 0, 0, 0, 0, 0, 0, 0, 0, 0, 0, 0, 0, 0, 0, 1, 0]",147,38,903,387,0,0,0,0,0,19,0,0,0,0,1,1,1,0.0038122000405564904
"[0, 1, 1, 0, 0, 0, 0, 0, 0, 0, 0, 0, 0, 0, 0, 0, 0, 0, 0, 0, 1]",147,38,903,387,0,0,0,0,0,19,0,0,0,0,1,1,1,0.008195800008252263
"[0, 1, 0, 1, 1, 0, 0, 0, 0, 0, 0, 0, 0, 0, 0, 0, 0, 0, 0, 0, 0]",147,38,903,387,0,0,0,0,0,19,0,0,0,0,1,1,1,0.014086499984841794
"[0, 1, 0, 1, 0, 1, 0, 0, 0, 0, 0, 0, 0, 0, 0, 0, 0, 0, 0, 0, 0]",145,38,860,334,0,0,0,0,0,19,0,0,0,0,1,1,1,0.013685199955943972
"[0, 1, 0, 1, 0, 0, 1, 0, 0, 0, 0, 0, 0, 0, 0, 0, 0, 0, 0, 0, 0]",145,38,860,334,0,0,0,0,0,19,0,0,0,0,1,1,1,0.0152959999977611
"[0, 1, 0, 1, 0, 0, 0, 1, 0, 0, 0, 0, 0, 0, 0, 0, 0, 0, 0, 0, 0]",147,38,903,387,0,0,0,0,0,19,0,0,0,0,1,1,1,0.008578200009651482
"[0, 1, 0, 1, 0, 0, 0, 0, 1, 0, 0, 0, 0, 0, 0, 0, 0, 0, 0, 0, 0]",147,38,767,387,0,0,0,0,0,19,0,0,0,0,1,1,1,0.006318399973679334
"[0, 1, 0, 1, 0, 0, 0, 0, 0, 1, 0, 0, 0, 0, 0, 0, 0, 0, 0, 0, 0]",147,38,903,387,0,0,0,0,0,19,0,0,0,0,1,1,1,0.0033981999731622636
"[0, 1, 0, 1, 0, 0, 0, 0, 0, 0, 1, 0, 0, 0, 0, 0, 0, 0, 0, 0, 0]",147,38,903,387,0,0,0,0,0,19,0,0,0,0,1,1,1,0.0035109000164084136
"[0, 1, 0, 1, 0, 0, 0, 0, 0, 0, 0, 1, 0, 0, 0, 0, 0, 0, 0, 0, 0]",147,38,903,387,0,0,0,0,0,19,0,0,0,0,1,1,1,0.003320000017993152
"[0, 1, 0, 1, 0, 0, 0, 0, 0, 0, 0, 0, 1, 0, 0, 0, 0, 0, 0, 0, 0]",147,38,903,387,0,0,0,0,0,19,0,0,0,0,1,1,1,1.4164043999626301
"[0, 1, 0, 1, 0, 0, 0, 0, 0, 0, 0, 0, 0, 1, 0, 0, 0, 0, 0, 0, 0]",147,38,903,387,0,0,0,0,0,19,0,0,0,0,1,1,1,0.004287099989596754
"[0, 1, 0, 1, 0, 0, 0, 0, 0, 0, 0, 0, 0, 0, 1, 0, 0, 0, 0, 0, 0]",147,38,903,387,0,0,0,0,0,19,0,0,0,0,1,1,1,0.006521500006783754
"[0, 1, 0, 1, 0, 0, 0, 0, 0, 0, 0, 0, 0, 0, 0, 1, 0, 0, 0, 0, 0]",147,38,903,387,0,0,0,0,0,19,0,0,0,0,1,1,1,0.003768299997318536
"[0, 1, 0, 1, 0, 0, 0, 0, 0, 0, 0, 0, 0, 0, 0, 0, 1, 0, 0, 0, 0]",147,38,903,387,0,0,0,0,0,19,0,0,0,0,1,1,1,0.004177400027401745
"[0, 1, 0, 1, 0, 0, 0, 0, 0, 0, 0, 0, 0, 0, 0, 0, 0, 1, 0, 0, 0]",147,38,903,387,0,0,0,0,0,19,0,0,0,0,1,1,1,0.003663600014988333
"[0, 1, 0, 1, 0, 0, 0, 0, 0, 0, 0, 0, 0, 0, 0, 0, 0, 0, 1, 0, 0]",147,38,903,387,0,0,0,0,0,19,0,0,0,0,1,1,1,0.0036300000501796603
"[0, 1, 0, 1, 0, 0, 0, 0, 0, 0, 0, 0, 0, 0, 0, 0, 0, 0, 0, 1, 0]",147,38,903,387,0,0,0,0,0,19,0,0,0,0,1,1,1,0.0037051999825052917
"[0, 1, 0, 1, 0, 0, 0, 0, 0, 0, 0, 0, 0, 0, 0, 0, 0, 0, 0, 0, 1]",147,38,903,387,0,0,0,0,0,19,0,0,0,0,1,1,1,0.007861600024625659
"[0, 1, 0, 0, 1, 1, 0, 0, 0, 0, 0, 0, 0, 0, 0, 0, 0, 0, 0, 0, 0]",145,38,860,334,0,0,0,0,0,19,0,0,0,0,1,1,1,0.020179799990728498
"[0, 1, 0, 0, 1, 0, 1, 0, 0, 0, 0, 0, 0, 0, 0, 0, 0, 0, 0, 0, 0]",145,38,860,334,0,0,0,0,0,19,0,0,0,0,1,1,1,0.022066699981223792
"[0, 1, 0, 0, 1, 0, 0, 1, 0, 0, 0, 0, 0, 0, 0, 0, 0, 0, 0, 0, 0]",147,38,903,387,0,0,0,0,0,19,0,0,0,0,1,1,1,0.016269699961412698
"[0, 1, 0, 0, 1, 0, 0, 0, 1, 0, 0, 0, 0, 0, 0, 0, 0, 0, 0, 0, 0]",147,38,767,387,0,0,0,0,0,19,0,0,0,0,1,1,1,0.014531399996485561
"[0, 1, 0, 0, 1, 0, 0, 0, 0, 1, 0, 0, 0, 0, 0, 0, 0, 0, 0, 0, 0]",147,38,903,387,0,0,0,0,0,19,0,0,0,0,1,1,1,0.012046699994243681
"[0, 1, 0, 0, 1, 0, 0, 0, 0, 0, 1, 0, 0, 0, 0, 0, 0, 0, 0, 0, 0]",147,38,903,387,0,0,0,0,0,19,0,0,0,0,1,1,1,0.01258019998203963
"[0, 1, 0, 0, 1, 0, 0, 0, 0, 0, 0, 1, 0, 0, 0, 0, 0, 0, 0, 0, 0]",147,38,903,387,0,0,0,0,0,19,0,0,0,0,1,1,1,0.011420499999076128
"[0, 1, 0, 0, 1, 0, 0, 0, 0, 0, 0, 0, 1, 0, 0, 0, 0, 0, 0, 0, 0]",147,38,903,387,0,0,0,0,0,19,0,0,0,0,1,1,1,1.3854272000025958
"[0, 1, 0, 0, 1, 0, 0, 0, 0, 0, 0, 0, 0, 1, 0, 0, 0, 0, 0, 0, 0]",147,38,903,387,0,0,0,0,0,19,0,0,0,0,1,1,1,0.014178099983837456
"[0, 1, 0, 0, 1, 0, 0, 0, 0, 0, 0, 0, 0, 0, 1, 0, 0, 0, 0, 0, 0]",147,38,903,387,0,0,0,0,0,19,0,0,0,0,1,1,1,0.01392280001891777
"[0, 1, 0, 0, 1, 0, 0, 0, 0, 0, 0, 0, 0, 0, 0, 1, 0, 0, 0, 0, 0]",147,38,903,387,0,0,0,0,0,19,0,0,0,0,1,1,1,0.012236999988090247
"[0, 1, 0, 0, 1, 0, 0, 0, 0, 0, 0, 0, 0, 0, 0, 0, 1, 0, 0, 0, 0]",147,38,903,387,0,0,0,0,0,19,0,0,0,0,1,1,1,0.012593999970704317
"[0, 1, 0, 0, 1, 0, 0, 0, 0, 0, 0, 0, 0, 0, 0, 0, 0, 1, 0, 0, 0]",147,38,903,387,0,0,0,0,0,19,0,0,0,0,1,1,1,0.013126300007570535
"[0, 1, 0, 0, 1, 0, 0, 0, 0, 0, 0, 0, 0, 0, 0, 0, 0, 0, 1, 0, 0]",147,38,903,387,0,0,0,0,0,19,0,0,0,0,1,1,1,0.012072500016074628
"[0, 1, 0, 0, 1, 0, 0, 0, 0, 0, 0, 0, 0, 0, 0, 0, 0, 0, 0, 1, 0]",147,38,903,387,0,0,0,0,0,19,0,0,0,0,1,1,1,0.011808899987954646
"[0, 1, 0, 0, 1, 0, 0, 0, 0, 0, 0, 0, 0, 0, 0, 0, 0, 0, 0, 0, 1]",147,38,903,387,0,0,0,0,0,19,0,0,0,0,1,1,1,0.015296999947167933
"[0, 1, 0, 0, 0, 1, 1, 0, 0, 0, 0, 0, 0, 0, 0, 0, 0, 0, 0, 0, 0]",145,38,860,334,0,0,0,0,0,19,0,0,0,0,1,1,1,0.02006379998056218
"[0, 1, 0, 0, 0, 1, 0, 1, 0, 0, 0, 0, 0, 0, 0, 0, 0, 0, 0, 0, 0]",145,38,860,334,0,0,0,0,0,19,0,0,0,0,1,1,1,0.030315600044559687
"[0, 1, 0, 0, 0, 1, 0, 0, 1, 0, 0, 0, 0, 0, 0, 0, 0, 0, 0, 0, 0]",145,38,724,334,0,0,0,0,0,19,0,0,0,0,1,1,1,0.01415659999474883
"[0, 1, 0, 0, 0, 1, 0, 0, 0, 1, 0, 0, 0, 0, 0, 0, 0, 0, 0, 0, 0]",145,38,860,334,0,0,0,0,0,19,0,0,0,0,1,1,1,0.01188829995226115
"[0, 1, 0, 0, 0, 1, 0, 0, 0, 0, 1, 0, 0, 0, 0, 0, 0, 0, 0, 0, 0]",145,38,860,334,0,0,0,0,0,19,0,0,0,0,1,1,1,0.013131199986673892
"[0, 1, 0, 0, 0, 1, 0, 0, 0, 0, 0, 1, 0, 0, 0, 0, 0, 0, 0, 0, 0]",145,38,860,334,0,0,0,0,0,19,0,0,0,0,1,1,1,0.013935700000729412
"[0, 1, 0, 0, 0, 1, 0, 0, 0, 0, 0, 0, 1, 0, 0, 0, 0, 0, 0, 0, 0]",145,38,860,334,0,0,0,0,0,19,0,0,0,0,1,1,1,1.8372219000011683
"[0, 1, 0, 0, 0, 1, 0, 0, 0, 0, 0, 0, 0, 1, 0, 0, 0, 0, 0, 0, 0]",145,38,860,334,0,0,0,0,0,19,0,0,0,0,1,1,1,0.012598300003446639
"[0, 1, 0, 0, 0, 1, 0, 0, 0, 0, 0, 0, 0, 0, 1, 0, 0, 0, 0, 0, 0]",145,38,860,334,0,0,0,0,0,19,0,0,0,0,1,1,1,0.013641800032928586
"[0, 1, 0, 0, 0, 1, 0, 0, 0, 0, 0, 0, 0, 0, 0, 1, 0, 0, 0, 0, 0]",145,38,860,334,0,0,0,0,0,19,0,0,0,0,1,1,1,0.011647899984382093
"[0, 1, 0, 0, 0, 1, 0, 0, 0, 0, 0, 0, 0, 0, 0, 0, 1, 0, 0, 0, 0]",145,38,860,334,0,0,0,0,0,19,0,0,0,0,1,1,1,0.011759400018490851
"[0, 1, 0, 0, 0, 1, 0, 0, 0, 0, 0, 0, 0, 0, 0, 0, 0, 1, 0, 0, 0]",145,38,860,334,0,0,0,0,0,19,0,0,0,0,1,1,1,0.01248829998075962
"[0, 1, 0, 0, 0, 1, 0, 0, 0, 0, 0, 0, 0, 0, 0, 0, 0, 0, 1, 0, 0]",145,38,860,334,0,0,0,0,0,19,0,0,0,0,1,1,1,0.013282799976877868
"[0, 1, 0, 0, 0, 1, 0, 0, 0, 0, 0, 0, 0, 0, 0, 0, 0, 0, 0, 1, 0]",145,38,860,334,0,0,0,0,0,19,0,0,0,0,1,1,1,0.013249000010546297
"[0, 1, 0, 0, 0, 1, 0, 0, 0, 0, 0, 0, 0, 0, 0, 0, 0, 0, 0, 0, 1]",145,38,860,334,0,0,0,0,0,19,0,0,0,0,1,1,1,0.016117400024086237
"[0, 1, 0, 0, 0, 0, 1, 1, 0, 0, 0, 0, 0, 0, 0, 0, 0, 0, 0, 0, 0]",145,38,860,334,0,0,0,0,0,19,0,0,0,0,1,1,1,0.08967180002946407
"[0, 1, 0, 0, 0, 0, 1, 0, 1, 0, 0, 0, 0, 0, 0, 0, 0, 0, 0, 0, 0]",145,38,724,334,0,0,0,0,0,19,0,0,0,0,1,1,1,0.01680160005344078
"[0, 1, 0, 0, 0, 0, 1, 0, 0, 1, 0, 0, 0, 0, 0, 0, 0, 0, 0, 0, 0]",145,38,860,334,0,0,0,0,0,19,0,0,0,0,1,1,1,0.01528569997753948
"[0, 1, 0, 0, 0, 0, 1, 0, 0, 0, 1, 0, 0, 0, 0, 0, 0, 0, 0, 0, 0]",145,38,860,334,0,0,0,0,0,19,0,0,0,0,1,1,1,0.02005180000560358
"[0, 1, 0, 0, 0, 0, 1, 0, 0, 0, 0, 1, 0, 0, 0, 0, 0, 0, 0, 0, 0]",145,38,860,334,0,0,0,0,0,19,0,0,0,0,1,1,1,0.015279499988537282
"[0, 1, 0, 0, 0, 0, 1, 0, 0, 0, 0, 0, 1, 0, 0, 0, 0, 0, 0, 0, 0]",145,38,860,334,0,0,0,0,0,19,0,0,0,0,1,1,1,1.4157156000146642
"[0, 1, 0, 0, 0, 0, 1, 0, 0, 0, 0, 0, 0, 1, 0, 0, 0, 0, 0, 0, 0]",145,38,860,334,0,0,0,0,0,19,0,0,0,0,1,1,1,0.01808609999716282
"[0, 1, 0, 0, 0, 0, 1, 0, 0, 0, 0, 0, 0, 0, 1, 0, 0, 0, 0, 0, 0]",145,38,860,334,0,0,0,0,0,19,0,0,0,0,1,1,1,0.022224900021683425
"[0, 1, 0, 0, 0, 0, 1, 0, 0, 0, 0, 0, 0, 0, 0, 1, 0, 0, 0, 0, 0]",145,38,860,334,0,0,0,0,0,19,0,0,0,0,1,1,1,0.01601319998735562
"[0, 1, 0, 0, 0, 0, 1, 0, 0, 0, 0, 0, 0, 0, 0, 0, 1, 0, 0, 0, 0]",145,38,860,334,0,0,0,0,0,19,0,0,0,0,1,1,1,0.020857600029557943
"[0, 1, 0, 0, 0, 0, 1, 0, 0, 0, 0, 0, 0, 0, 0, 0, 0, 1, 0, 0, 0]",145,38,860,334,0,0,0,0,0,19,0,0,0,0,1,1,1,0.020471900003030896
"[0, 1, 0, 0, 0, 0, 1, 0, 0, 0, 0, 0, 0, 0, 0, 0, 0, 0, 1, 0, 0]",145,38,860,334,0,0,0,0,0,19,0,0,0,0,1,1,1,0.017504199990071356
"[0, 1, 0, 0, 0, 0, 1, 0, 0, 0, 0, 0, 0, 0, 0, 0, 0, 0, 0, 1, 0]",145,38,860,334,0,0,0,0,0,19,0,0,0,0,1,1,1,0.017220500041730702
"[0, 1, 0, 0, 0, 0, 1, 0, 0, 0, 0, 0, 0, 0, 0, 0, 0, 0, 0, 0, 1]",145,38,860,334,0,0,0,0,0,19,0,0,0,0,1,1,1,0.021911999967414886
"[0, 1, 0, 0, 0, 0, 0, 1, 1, 0, 0, 0, 0, 0, 0, 0, 0, 0, 0, 0, 0]",147,38,767,387,0,0,0,0,0,19,0,0,0,0,1,1,1,0.01314899994758889
"[0, 1, 0, 0, 0, 0, 0, 1, 0, 1, 0, 0, 0, 0, 0, 0, 0, 0, 0, 0, 0]",147,38,903,387,0,0,0,0,0,19,0,0,0,0,1,1,1,0.010189900000113994
"[0, 1, 0, 0, 0, 0, 0, 1, 0, 0, 1, 0, 0, 0, 0, 0, 0, 0, 0, 0, 0]",147,38,903,387,0,0,0,0,0,19,0,0,0,0,1,1,1,0.008240199997089803
"[0, 1, 0, 0, 0, 0, 0, 1, 0, 0, 0, 1, 0, 0, 0, 0, 0, 0, 0, 0, 0]",147,38,903,387,0,0,0,0,0,19,0,0,0,0,1,1,1,0.009197600011248142
"[0, 1, 0, 0, 0, 0, 0, 1, 0, 0, 0, 0, 1, 0, 0, 0, 0, 0, 0, 0, 0]",147,38,903,387,0,0,0,0,0,19,0,0,0,0,1,1,1,1.9368368999566883
"[0, 1, 0, 0, 0, 0, 0, 1, 0, 0, 0, 0, 0, 1, 0, 0, 0, 0, 0, 0, 0]",147,38,903,387,0,0,0,0,0,19,0,0,0,0,1,1,1,0.009159799956250936
"[0, 1, 0, 0, 0, 0, 0, 1, 0, 0, 0, 0, 0, 0, 1, 0, 0, 0, 0, 0, 0]",147,38,903,387,0,0,0,0,0,19,0,0,0,0,1,1,1,0.010590300022158772
"[0, 1, 0, 0, 0, 0, 0, 1, 0, 0, 0, 0, 0, 0, 0, 1, 0, 0, 0, 0, 0]",147,38,903,387,0,0,0,0,0,19,0,0,0,0,1,1,1,0.007991500024218112
"[0, 1, 0, 0, 0, 0, 0, 1, 0, 0, 0, 0, 0, 0, 0, 0, 1, 0, 0, 0, 0]",147,38,903,387,0,0,0,0,0,19,0,0,0,0,1,1,1,0.008232599997427315
"[0, 1, 0, 0, 0, 0, 0, 1, 0, 0, 0, 0, 0, 0, 0, 0, 0, 1, 0, 0, 0]",147,38,903,387,0,0,0,0,0,19,0,0,0,0,1,1,1,0.007814200012944639
"[0, 1, 0, 0, 0, 0, 0, 1, 0, 0, 0, 0, 0, 0, 0, 0, 0, 0, 1, 0, 0]",147,38,903,387,0,0,0,0,0,19,0,0,0,0,1,1,1,0.008424600004218519
"[0, 1, 0, 0, 0, 0, 0, 1, 0, 0, 0, 0, 0, 0, 0, 0, 0, 0, 0, 1, 0]",147,38,903,387,0,0,0,0,0,19,0,0,0,0,1,1,1,0.008028100011870265
"[0, 1, 0, 0, 0, 0, 0, 1, 0, 0, 0, 0, 0, 0, 0, 0, 0, 0, 0, 0, 1]",147,38,903,387,0,0,0,0,0,19,0,0,0,0,1,1,1,0.012497799994889647
"[0, 1, 0, 0, 0, 0, 0, 0, 1, 1, 0, 0, 0, 0, 0, 0, 0, 0, 0, 0, 0]",147,38,767,387,0,0,0,0,0,19,0,0,0,0,1,1,1,0.007420599984470755
"[0, 1, 0, 0, 0, 0, 0, 0, 1, 0, 1, 0, 0, 0, 0, 0, 0, 0, 0, 0, 0]",147,38,767,387,0,0,0,0,0,19,0,0,0,0,1,1,1,0.0069249999942258
"[0, 1, 0, 0, 0, 0, 0, 0, 1, 0, 0, 1, 0, 0, 0, 0, 0, 0, 0, 0, 0]",147,38,767,387,0,0,0,0,0,19,0,0,0,0,1,1,1,0.006594699982088059
"[0, 1, 0, 0, 0, 0, 0, 0, 1, 0, 0, 0, 1, 0, 0, 0, 0, 0, 0, 0, 0]",147,38,767,387,0,0,0,0,0,19,0,0,0,0,1,1,1,1.3352398000424728
"[0, 1, 0, 0, 0, 0, 0, 0, 1, 0, 0, 0, 0, 1, 0, 0, 0, 0, 0, 0, 0]",147,38,767,387,0,0,0,0,0,19,0,0,0,0,1,1,1,0.006048699957318604
"[0, 1, 0, 0, 0, 0, 0, 0, 1, 0, 0, 0, 0, 0, 1, 0, 0, 0, 0, 0, 0]",147,38,767,387,0,0,0,0,0,19,0,0,0,0,1,1,1,0.007512100040912628
"[0, 1, 0, 0, 0, 0, 0, 0, 1, 0, 0, 0, 0, 0, 0, 1, 0, 0, 0, 0, 0]",147,38,767,387,0,0,0,0,0,19,0,0,0,0,1,1,1,0.005839000048581511
"[0, 1, 0, 0, 0, 0, 0, 0, 1, 0, 0, 0, 0, 0, 0, 0, 1, 0, 0, 0, 0]",147,38,767,387,0,0,0,0,0,19,0,0,0,0,1,1,1,0.006034999969415367
"[0, 1, 0, 0, 0, 0, 0, 0, 1, 0, 0, 0, 0, 0, 0, 0, 0, 1, 0, 0, 0]",147,38,767,387,0,0,0,0,0,19,0,0,0,0,1,1,1,0.005993200000375509
"[0, 1, 0, 0, 0, 0, 0, 0, 1, 0, 0, 0, 0, 0, 0, 0, 0, 0, 1, 0, 0]",147,38,767,387,0,0,0,0,0,19,0,0,0,0,1,1,1,0.005988899967633188
"[0, 1, 0, 0, 0, 0, 0, 0, 1, 0, 0, 0, 0, 0, 0, 0, 0, 0, 0, 1, 0]",147,38,767,387,0,0,0,0,0,19,0,0,0,0,1,1,1,0.006180899974424392
"[0, 1, 0, 0, 0, 0, 0, 0, 1, 0, 0, 0, 0, 0, 0, 0, 0, 0, 0, 0, 1]",147,38,767,387,0,0,0,0,0,19,0,0,0,0,1,1,1,0.009734800027217716
"[0, 1, 0, 0, 0, 0, 0, 0, 0, 1, 1, 0, 0, 0, 0, 0, 0, 0, 0, 0, 0]",147,38,903,387,0,0,0,0,0,19,0,0,0,0,1,1,1,0.0033127999631688
"[0, 1, 0, 0, 0, 0, 0, 0, 0, 1, 0, 1, 0, 0, 0, 0, 0, 0, 0, 0, 0]",147,38,903,387,0,0,0,0,0,19,0,0,0,0,1,1,1,0.0031027999939396977
"[0, 1, 0, 0, 0, 0, 0, 0, 0, 1, 0, 0, 1, 0, 0, 0, 0, 0, 0, 0, 0]",147,38,903,387,0,0,0,0,0,19,0,0,0,0,1,1,1,1.6392025999957696
"[0, 1, 0, 0, 0, 0, 0, 0, 0, 1, 0, 0, 0, 1, 0, 0, 0, 0, 0, 0, 0]",147,38,903,387,0,0,0,0,0,19,0,0,0,0,1,1,1,0.003105900017544627
"[0, 1, 0, 0, 0, 0, 0, 0, 0, 1, 0, 0, 0, 0, 1, 0, 0, 0, 0, 0, 0]",147,38,903,387,0,0,0,0,0,19,0,0,0,0,1,1,1,0.0055176999885588884
"[0, 1, 0, 0, 0, 0, 0, 0, 0, 1, 0, 0, 0, 0, 0, 1, 0, 0, 0, 0, 0]",147,38,903,387,0,0,0,0,0,19,0,0,0,0,1,1,1,0.0032627999898977578
"[0, 1, 0, 0, 0, 0, 0, 0, 0, 1, 0, 0, 0, 0, 0, 0, 1, 0, 0, 0, 0]",147,38,903,387,0,0,0,0,0,19,0,0,0,0,1,1,1,0.0028415999840945005
"[0, 1, 0, 0, 0, 0, 0, 0, 0, 1, 0, 0, 0, 0, 0, 0, 0, 1, 0, 0, 0]",147,38,903,387,0,0,0,0,0,19,0,0,0,0,1,1,1,0.003200699982699007
"[0, 1, 0, 0, 0, 0, 0, 0, 0, 1, 0, 0, 0, 0, 0, 0, 0, 0, 1, 0, 0]",147,38,903,387,0,0,0,0,0,19,0,0,0,0,1,1,1,0.002891400014050305
"[0, 1, 0, 0, 0, 0, 0, 0, 0, 1, 0, 0, 0, 0, 0, 0, 0, 0, 0, 1, 0]",147,38,903,387,0,0,0,0,0,19,0,0,0,0,1,1,1,0.0033007999882102013
"[0, 1, 0, 0, 0, 0, 0, 0, 0, 1, 0, 0, 0, 0, 0, 0, 0, 0, 0, 0, 1]",147,38,903,387,0,0,0,0,0,19,0,0,0,0,1,1,1,0.006870399985928088
"[0, 1, 0, 0, 0, 0, 0, 0, 0, 0, 1, 1, 0, 0, 0, 0, 0, 0, 0, 0, 0]",147,38,903,387,0,0,0,0,0,19,0,0,0,0,1,1,1,0.0041188999894075096
