"[1, 1, 1, 0, 0, 0, 0, 0, 0, 0, 0, 0, 0, 0, 0, 0, 0, 0, 0, 0, 0]",82,40,670,570,0,0,0,0,0,20,0,0,0,0,1,1,1,0.001654965803027153
"[1, 1, 0, 1, 0, 0, 0, 0, 0, 0, 0, 0, 0, 0, 0, 0, 0, 0, 0, 0, 0]",82,40,670,570,0,0,0,0,0,20,0,0,0,0,1,1,1,0.0013252650387585163
"[1, 1, 0, 0, 1, 0, 0, 0, 0, 0, 0, 0, 0, 0, 0, 0, 0, 0, 0, 0, 0]",82,40,670,570,0,0,0,0,0,20,0,0,0,0,1,1,1,0.004670474212616682
"[1, 1, 0, 0, 0, 1, 0, 0, 0, 0, 0, 0, 0, 0, 0, 0, 0, 0, 0, 0, 0]",8,40,103,0,0,0,0,0,0,20,0,0,0,0,1,1,1,0.008241618052124977
"[1, 1, 0, 0, 0, 0, 1, 0, 0, 0, 0, 0, 0, 0, 0, 0, 0, 0, 0, 0, 0]",8,40,103,0,0,0,0,0,0,20,0,0,0,0,1,1,1,0.011056879069656134
"[1, 1, 0, 0, 0, 0, 0, 1, 0, 0, 0, 0, 0, 0, 0, 0, 0, 0, 0, 0, 0]",82,40,670,570,0,0,0,0,0,20,0,0,0,0,1,1,1,0.004420662764459848
"[1, 1, 0, 0, 0, 0, 0, 0, 1, 0, 0, 0, 0, 0, 0, 0, 0, 0, 0, 0, 0]",82,40,670,570,0,0,0,0,0,20,0,0,0,0,1,1,1,0.0018715937621891499
"[1, 1, 0, 0, 0, 0, 0, 0, 0, 1, 0, 0, 0, 0, 0, 0, 0, 0, 0, 0, 0]",82,40,670,570,0,0,0,0,0,20,0,0,0,0,1,1,1,0.0009871190413832664
"[1, 1, 0, 0, 0, 0, 0, 0, 0, 0, 1, 0, 0, 0, 0, 0, 0, 0, 0, 0, 0]",82,40,670,570,0,0,0,0,0,20,0,0,0,0,1,1,1,0.0010651350021362305
"[1, 1, 0, 0, 0, 0, 0, 0, 0, 0, 0, 1, 0, 0, 0, 0, 0, 0, 0, 0, 0]",82,40,670,570,0,0,0,0,0,20,0,0,0,0,1,1,1,0.001020051073282957
"[1, 1, 0, 0, 0, 0, 0, 0, 0, 0, 0, 0, 1, 0, 0, 0, 0, 0, 0, 0, 0]",82,40,670,570,0,0,0,0,0,20,0,0,0,0,1,1,1,1.677990939002484
"[1, 1, 0, 0, 0, 0, 0, 0, 0, 0, 0, 0, 0, 1, 0, 0, 0, 0, 0, 0, 0]",82,40,670,570,0,0,0,0,0,20,0,0,0,0,1,1,1,0.0012519769370555878
"[1, 1, 0, 0, 0, 0, 0, 0, 0, 0, 0, 0, 0, 0, 1, 0, 0, 0, 0, 0, 0]",82,40,670,570,0,0,0,0,0,20,0,0,0,0,1,1,1,0.001521614845842123
"[1, 1, 0, 0, 0, 0, 0, 0, 0, 0, 0, 0, 0, 0, 0, 1, 0, 0, 0, 0, 0]",82,40,670,570,0,0,0,0,0,20,0,0,0,0,1,1,1,0.0010175658389925957
"[1, 1, 0, 0, 0, 0, 0, 0, 0, 0, 0, 0, 0, 0, 0, 0, 1, 0, 0, 0, 0]",82,40,670,570,0,0,0,0,0,20,0,0,0,0,1,1,1,0.0010617291554808617
"[1, 1, 0, 0, 0, 0, 0, 0, 0, 0, 0, 0, 0, 0, 0, 0, 0, 1, 0, 0, 0]",82,40,670,570,0,0,0,0,0,20,0,0,0,0,1,1,1,0.0010294187813997269
"[1, 1, 0, 0, 0, 0, 0, 0, 0, 0, 0, 0, 0, 0, 0, 0, 0, 0, 1, 0, 0]",82,40,670,570,0,0,0,0,0,20,0,0,0,0,1,1,1,0.0010498766787350178
"[1, 1, 0, 0, 0, 0, 0, 0, 0, 0, 0, 0, 0, 0, 0, 0, 0, 0, 0, 1, 0]",82,40,670,570,0,0,0,0,0,20,0,0,0,0,1,1,1,0.0009915167465806007
"[1, 1, 0, 0, 0, 0, 0, 0, 0, 0, 0, 0, 0, 0, 0, 0, 0, 0, 0, 0, 1]",82,40,670,570,0,0,0,0,0,20,0,0,0,0,1,1,1,0.0022109830752015114
"[1, 0, 1, 1, 0, 0, 0, 0, 0, 0, 0, 0, 0, 0, 0, 0, 0, 0, 0, 0, 0]",102,40,1070,570,0,0,0,0,0,20,0,0,0,0,1,1,1,0.0011874963529407978
"[1, 0, 1, 0, 1, 0, 0, 0, 0, 0, 0, 0, 0, 0, 0, 0, 0, 0, 0, 0, 0]",102,40,1070,570,0,0,0,0,0,20,0,0,0,0,1,1,1,0.005633187014609575
"[1, 0, 1, 0, 0, 1, 0, 0, 0, 0, 0, 0, 0, 0, 0, 0, 0, 0, 0, 0, 0]",28,40,503,0,0,0,0,0,0,20,0,0,0,0,1,1,1,0.0089533980935812
"[1, 0, 1, 0, 0, 0, 1, 0, 0, 0, 0, 0, 0, 0, 0, 0, 0, 0, 0, 0, 0]",28,40,503,0,0,0,0,0,0,20,0,0,0,0,1,1,1,0.012253362219780684
"[1, 0, 1, 0, 0, 0, 0, 1, 0, 0, 0, 0, 0, 0, 0, 0, 0, 0, 0, 0, 0]",102,40,1070,570,0,0,0,0,0,20,0,0,0,0,1,1,1,0.002596639096736908
"[1, 0, 1, 0, 0, 0, 0, 0, 1, 0, 0, 0, 0, 0, 0, 0, 0, 0, 0, 0, 0]",98,40,987,570,0,0,0,0,0,20,0,0,0,0,1,1,1,0.0018935147672891617
"[1, 0, 1, 0, 0, 0, 0, 0, 0, 1, 0, 0, 0, 0, 0, 0, 0, 0, 0, 0, 0]",102,40,1070,570,0,0,0,0,0,20,0,0,0,0,1,1,1,0.0009158351458609104
"[1, 0, 1, 0, 0, 0, 0, 0, 0, 0, 1, 0, 0, 0, 0, 0, 0, 0, 0, 0, 0]",102,40,1070,570,0,0,0,0,0,20,0,0,0,0,1,1,1,0.0010121259838342667
"[1, 0, 1, 0, 0, 0, 0, 0, 0, 0, 0, 1, 0, 0, 0, 0, 0, 0, 0, 0, 0]",102,40,1070,570,0,0,0,0,0,20,0,0,0,0,1,1,1,0.0009662192314863205
"[1, 0, 1, 0, 0, 0, 0, 0, 0, 0, 0, 0, 1, 0, 0, 0, 0, 0, 0, 0, 0]",101,40,1050,570,0,0,0,0,0,20,0,0,0,0,1,1,1,2.2778997621499
"[1, 0, 1, 0, 0, 0, 0, 0, 0, 0, 0, 0, 0, 1, 0, 0, 0, 0, 0, 0, 0]",102,40,1070,570,0,0,0,0,0,20,0,0,0,0,1,1,1,0.0012225108221173286
"[1, 0, 1, 0, 0, 0, 0, 0, 0, 0, 0, 0, 0, 0, 1, 0, 0, 0, 0, 0, 0]",102,40,1070,570,0,0,0,0,0,20,0,0,0,0,1,1,1,0.001865592785179615
"[1, 0, 1, 0, 0, 0, 0, 0, 0, 0, 0, 0, 0, 0, 0, 1, 0, 0, 0, 0, 0]",102,40,1070,570,0,0,0,0,0,20,0,0,0,0,1,1,1,0.0009308126755058765
"[1, 0, 1, 0, 0, 0, 0, 0, 0, 0, 0, 0, 0, 0, 0, 0, 1, 0, 0, 0, 0]",102,40,1070,570,0,0,0,0,0,20,0,0,0,0,1,1,1,0.0009562312625348568
"[1, 0, 1, 0, 0, 0, 0, 0, 0, 0, 0, 0, 0, 0, 0, 0, 0, 1, 0, 0, 0]",102,40,1070,570,0,0,0,0,0,20,0,0,0,0,1,1,1,0.0009122081100940704
"[1, 0, 1, 0, 0, 0, 0, 0, 0, 0, 0, 0, 0, 0, 0, 0, 0, 0, 1, 0, 0]",98,40,990,570,0,0,0,0,0,20,0,0,0,0,1,1,1,0.0009885518811643124
"[1, 0, 1, 0, 0, 0, 0, 0, 0, 0, 0, 0, 0, 0, 0, 0, 0, 0, 0, 1, 0]",102,40,1070,570,0,0,0,0,0,20,0,0,0,0,1,1,1,0.0009464430622756481
"[1, 0, 1, 0, 0, 0, 0, 0, 0, 0, 0, 0, 0, 0, 0, 0, 0, 0, 0, 0, 1]",102,40,1070,570,0,0,0,0,0,20,0,0,0,0,1,1,1,0.002934043761342764
"[1, 0, 0, 1, 1, 0, 0, 0, 0, 0, 0, 0, 0, 0, 0, 0, 0, 0, 0, 0, 0]",102,40,1070,570,0,0,0,0,0,20,0,0,0,0,1,1,1,0.005808226764202118
"[1, 0, 0, 1, 0, 1, 0, 0, 0, 0, 0, 0, 0, 0, 0, 0, 0, 0, 0, 0, 0]",28,40,503,0,0,0,0,0,0,20,0,0,0,0,1,1,1,0.008966994937509298
"[1, 0, 0, 1, 0, 0, 1, 0, 0, 0, 0, 0, 0, 0, 0, 0, 0, 0, 0, 0, 0]",28,40,503,0,0,0,0,0,0,20,0,0,0,0,1,1,1,0.012086738366633654
"[1, 0, 0, 1, 0, 0, 0, 1, 0, 0, 0, 0, 0, 0, 0, 0, 0, 0, 0, 0, 0]",102,40,1070,570,0,0,0,0,0,20,0,0,0,0,1,1,1,0.002682650927454233
"[1, 0, 0, 1, 0, 0, 0, 0, 1, 0, 0, 0, 0, 0, 0, 0, 0, 0, 0, 0, 0]",98,40,987,570,0,0,0,0,0,20,0,0,0,0,1,1,1,0.0021292692981660366
"[1, 0, 0, 1, 0, 0, 0, 0, 0, 1, 0, 0, 0, 0, 0, 0, 0, 0, 0, 0, 0]",102,40,1070,570,0,0,0,0,0,20,0,0,0,0,1,1,1,0.0013454239815473557
"[1, 0, 0, 1, 0, 0, 0, 0, 0, 0, 1, 0, 0, 0, 0, 0, 0, 0, 0, 0, 0]",102,40,1070,570,0,0,0,0,0,20,0,0,0,0,1,1,1,0.0011878469958901405
"[1, 0, 0, 1, 0, 0, 0, 0, 0, 0, 0, 1, 0, 0, 0, 0, 0, 0, 0, 0, 0]",102,40,1070,570,0,0,0,0,0,20,0,0,0,0,1,1,1,0.0011368808336555958
"[1, 0, 0, 1, 0, 0, 0, 0, 0, 0, 0, 0, 1, 0, 0, 0, 0, 0, 0, 0, 0]",101,40,1050,570,0,0,0,0,0,20,0,0,0,0,1,1,1,2.288436028175056
"[1, 0, 0, 1, 0, 0, 0, 0, 0, 0, 0, 0, 0, 1, 0, 0, 0, 0, 0, 0, 0]",102,40,1070,570,0,0,0,0,0,20,0,0,0,0,1,1,1,0.0013579456135630608
"[1, 0, 0, 1, 0, 0, 0, 0, 0, 0, 0, 0, 0, 0, 1, 0, 0, 0, 0, 0, 0]",102,40,1070,570,0,0,0,0,0,20,0,0,0,0,1,1,1,0.0020056460052728653
"[1, 0, 0, 1, 0, 0, 0, 0, 0, 0, 0, 0, 0, 0, 0, 1, 0, 0, 0, 0, 0]",102,40,1070,570,0,0,0,0,0,20,0,0,0,0,1,1,1,0.0010402686893939972
"[1, 0, 0, 1, 0, 0, 0, 0, 0, 0, 0, 0, 0, 0, 0, 0, 1, 0, 0, 0, 0]",102,40,1070,570,0,0,0,0,0,20,0,0,0,0,1,1,1,0.0011214111000299454
"[1, 0, 0, 1, 0, 0, 0, 0, 0, 0, 0, 0, 0, 0, 0, 0, 0, 1, 0, 0, 0]",102,40,1070,570,0,0,0,0,0,20,0,0,0,0,1,1,1,0.0011514881625771523
"[1, 0, 0, 1, 0, 0, 0, 0, 0, 0, 0, 0, 0, 0, 0, 0, 0, 0, 1, 0, 0]",98,40,990,570,0,0,0,0,0,20,0,0,0,0,1,1,1,0.001208044122904539
"[1, 0, 0, 1, 0, 0, 0, 0, 0, 0, 0, 0, 0, 0, 0, 0, 0, 0, 0, 1, 0]",102,40,1070,570,0,0,0,0,0,20,0,0,0,0,1,1,1,0.001156096812337637
"[1, 0, 0, 1, 0, 0, 0, 0, 0, 0, 0, 0, 0, 0, 0, 0, 0, 0, 0, 0, 1]",102,40,1070,570,0,0,0,0,0,20,0,0,0,0,1,1,1,0.003406563773751259
"[1, 0, 0, 0, 1, 1, 0, 0, 0, 0, 0, 0, 0, 0, 0, 0, 0, 0, 0, 0, 0]",28,40,503,0,0,0,0,0,0,20,0,0,0,0,1,1,1,0.01352269109338522
"[1, 0, 0, 0, 1, 0, 1, 0, 0, 0, 0, 0, 0, 0, 0, 0, 0, 0, 0, 0, 0]",28,40,503,0,0,0,0,0,0,20,0,0,0,0,1,1,1,0.0165803087875247
"[1, 0, 0, 0, 1, 0, 0, 1, 0, 0, 0, 0, 0, 0, 0, 0, 0, 0, 0, 0, 0]",102,40,1070,570,0,0,0,0,0,20,0,0,0,0,1,1,1,0.007134163286536932
"[1, 0, 0, 0, 1, 0, 0, 0, 1, 0, 0, 0, 0, 0, 0, 0, 0, 0, 0, 0, 0]",98,40,987,570,0,0,0,0,0,20,0,0,0,0,1,1,1,0.006781820207834244
"[1, 0, 0, 0, 1, 0, 0, 0, 0, 1, 0, 0, 0, 0, 0, 0, 0, 0, 0, 0, 0]",102,40,1070,570,0,0,0,0,0,20,0,0,0,0,1,1,1,0.005478926934301853
"[1, 0, 0, 0, 1, 0, 0, 0, 0, 0, 1, 0, 0, 0, 0, 0, 0, 0, 0, 0, 0]",102,40,1070,570,0,0,0,0,0,20,0,0,0,0,1,1,1,0.005563214886933565
"[1, 0, 0, 0, 1, 0, 0, 0, 0, 0, 0, 1, 0, 0, 0, 0, 0, 0, 0, 0, 0]",102,40,1070,570,0,0,0,0,0,20,0,0,0,0,1,1,1,0.005530423019081354
"[1, 0, 0, 0, 1, 0, 0, 0, 0, 0, 0, 0, 1, 0, 0, 0, 0, 0, 0, 0, 0]",101,40,1050,570,0,0,0,0,0,20,0,0,0,0,1,1,1,2.3091614581644535
"[1, 0, 0, 0, 1, 0, 0, 0, 0, 0, 0, 0, 0, 1, 0, 0, 0, 0, 0, 0, 0]",102,40,1070,570,0,0,0,0,0,20,0,0,0,0,1,1,1,0.005864512175321579
"[1, 0, 0, 0, 1, 0, 0, 0, 0, 0, 0, 0, 0, 0, 1, 0, 0, 0, 0, 0, 0]",102,40,1070,570,0,0,0,0,0,20,0,0,0,0,1,1,1,0.006512031890451908
"[1, 0, 0, 0, 1, 0, 0, 0, 0, 0, 0, 0, 0, 0, 0, 1, 0, 0, 0, 0, 0]",102,40,1070,570,0,0,0,0,0,20,0,0,0,0,1,1,1,0.005462715867906809
"[1, 0, 0, 0, 1, 0, 0, 0, 0, 0, 0, 0, 0, 0, 0, 0, 1, 0, 0, 0, 0]",102,40,1070,570,0,0,0,0,0,20,0,0,0,0,1,1,1,0.0057567087933421135
"[1, 0, 0, 0, 1, 0, 0, 0, 0, 0, 0, 0, 0, 0, 0, 0, 0, 1, 0, 0, 0]",102,40,1070,570,0,0,0,0,0,20,0,0,0,0,1,1,1,0.0055041229352355
"[1, 0, 0, 0, 1, 0, 0, 0, 0, 0, 0, 0, 0, 0, 0, 0, 0, 0, 1, 0, 0]",98,40,990,570,0,0,0,0,0,20,0,0,0,0,1,1,1,0.005551070906221867
"[1, 0, 0, 0, 1, 0, 0, 0, 0, 0, 0, 0, 0, 0, 0, 0, 0, 0, 0, 1, 0]",102,40,1070,570,0,0,0,0,0,20,0,0,0,0,1,1,1,0.005534921772778034
"[1, 0, 0, 0, 1, 0, 0, 0, 0, 0, 0, 0, 0, 0, 0, 0, 0, 0, 0, 0, 1]",102,40,1070,570,0,0,0,0,0,20,0,0,0,0,1,1,1,0.007769369054585695
"[1, 0, 0, 0, 0, 1, 1, 0, 0, 0, 0, 0, 0, 0, 0, 0, 0, 0, 0, 0, 0]",28,40,503,0,0,0,0,0,0,20,0,0,0,0,1,1,1,0.01099662622436881
"[1, 0, 0, 0, 0, 1, 0, 1, 0, 0, 0, 0, 0, 0, 0, 0, 0, 0, 0, 0, 0]",28,40,503,0,0,0,0,0,0,20,0,0,0,0,1,1,1,0.008937547914683819
"[1, 0, 0, 0, 0, 1, 0, 0, 1, 0, 0, 0, 0, 0, 0, 0, 0, 0, 0, 0, 0]",24,40,423,0,0,0,0,0,0,20,0,0,0,0,1,1,1,0.009006497915834188
"[1, 0, 0, 0, 0, 1, 0, 0, 0, 1, 0, 0, 0, 0, 0, 0, 0, 0, 0, 0, 0]",28,40,503,0,0,0,0,0,0,20,0,0,0,0,1,1,1,0.008596266154199839
"[1, 0, 0, 0, 0, 1, 0, 0, 0, 0, 1, 0, 0, 0, 0, 0, 0, 0, 0, 0, 0]",28,40,503,0,0,0,0,0,0,20,0,0,0,0,1,1,1,0.008602256886661053
"[1, 0, 0, 0, 0, 1, 0, 0, 0, 0, 0, 1, 0, 0, 0, 0, 0, 0, 0, 0, 0]",28,40,503,0,0,0,0,0,0,20,0,0,0,0,1,1,1,0.00860553327947855
"[1, 0, 0, 0, 0, 1, 0, 0, 0, 0, 0, 0, 1, 0, 0, 0, 0, 0, 0, 0, 0]",27,40,483,0,0,0,0,0,0,20,0,0,0,0,1,1,1,0.21440591011196375
"[1, 0, 0, 0, 0, 1, 0, 0, 0, 0, 0, 0, 0, 1, 0, 0, 0, 0, 0, 0, 0]",28,40,503,0,0,0,0,0,0,20,0,0,0,0,1,1,1,0.008922389708459377
"[1, 0, 0, 0, 0, 1, 0, 0, 0, 0, 0, 0, 0, 0, 1, 0, 0, 0, 0, 0, 0]",28,40,503,0,0,0,0,0,0,20,0,0,0,0,1,1,1,0.00907231168821454
"[1, 0, 0, 0, 0, 1, 0, 0, 0, 0, 0, 0, 0, 0, 0, 1, 0, 0, 0, 0, 0]",28,40,503,0,0,0,0,0,0,20,0,0,0,0,1,1,1,0.008570758160203695
"[1, 0, 0, 0, 0, 1, 0, 0, 0, 0, 0, 0, 0, 0, 0, 0, 1, 0, 0, 0, 0]",28,40,503,0,0,0,0,0,0,20,0,0,0,0,1,1,1,0.00851891003549099
"[1, 0, 0, 0, 0, 1, 0, 0, 0, 0, 0, 0, 0, 0, 0, 0, 0, 1, 0, 0, 0]",28,40,503,0,0,0,0,0,0,20,0,0,0,0,1,1,1,0.008574313949793577
"[1, 0, 0, 0, 0, 1, 0, 0, 0, 0, 0, 0, 0, 0, 0, 0, 0, 0, 1, 0, 0]",24,40,423,0,0,0,0,0,0,20,0,0,0,0,1,1,1,0.008631812874227762
"[1, 0, 0, 0, 0, 1, 0, 0, 0, 0, 0, 0, 0, 0, 0, 0, 0, 0, 0, 1, 0]",28,40,503,0,0,0,0,0,0,20,0,0,0,0,1,1,1,0.008557181805372238
"[1, 0, 0, 0, 0, 1, 0, 0, 0, 0, 0, 0, 0, 0, 0, 0, 0, 0, 0, 0, 1]",28,40,503,0,0,0,0,0,0,20,0,0,0,0,1,1,1,0.028048011008650064
"[1, 0, 0, 0, 0, 0, 1, 1, 0, 0, 0, 0, 0, 0, 0, 0, 0, 0, 0, 0, 0]",28,40,503,0,0,0,0,0,0,20,0,0,0,0,1,1,1,0.012449952308088541
"[1, 0, 0, 0, 0, 0, 1, 0, 1, 0, 0, 0, 0, 0, 0, 0, 0, 0, 0, 0, 0]",24,40,423,0,0,0,0,0,0,20,0,0,0,0,1,1,1,0.012219979427754879
"[1, 0, 0, 0, 0, 0, 1, 0, 0, 1, 0, 0, 0, 0, 0, 0, 0, 0, 0, 0, 0]",28,40,503,0,0,0,0,0,0,20,0,0,0,0,1,1,1,0.011795930098742247
"[1, 0, 0, 0, 0, 0, 1, 0, 0, 0, 1, 0, 0, 0, 0, 0, 0, 0, 0, 0, 0]",28,40,503,0,0,0,0,0,0,20,0,0,0,0,1,1,1,0.01183670712634921
"[1, 0, 0, 0, 0, 0, 1, 0, 0, 0, 0, 1, 0, 0, 0, 0, 0, 0, 0, 0, 0]",28,40,503,0,0,0,0,0,0,20,0,0,0,0,1,1,1,0.01172928512096405
"[1, 0, 0, 0, 0, 0, 1, 0, 0, 0, 0, 0, 1, 0, 0, 0, 0, 0, 0, 0, 0]",27,40,483,0,0,0,0,0,0,20,0,0,0,0,1,1,1,0.21831696294248104
"[1, 0, 0, 0, 0, 0, 1, 0, 0, 0, 0, 0, 0, 1, 0, 0, 0, 0, 0, 0, 0]",28,40,503,0,0,0,0,0,0,20,0,0,0,0,1,1,1,0.01201169565320015
"[1, 0, 0, 0, 0, 0, 1, 0, 0, 0, 0, 0, 0, 0, 1, 0, 0, 0, 0, 0, 0]",28,40,503,0,0,0,0,0,0,20,0,0,0,0,1,1,1,0.012217523995786905
"[1, 0, 0, 0, 0, 0, 1, 0, 0, 0, 0, 0, 0, 0, 0, 1, 0, 0, 0, 0, 0]",28,40,503,0,0,0,0,0,0,20,0,0,0,0,1,1,1,0.011815506964921951
"[1, 0, 0, 0, 0, 0, 1, 0, 0, 0, 0, 0, 0, 0, 0, 0, 1, 0, 0, 0, 0]",28,40,503,0,0,0,0,0,0,20,0,0,0,0,1,1,1,0.011737911030650139
"[1, 0, 0, 0, 0, 0, 1, 0, 0, 0, 0, 0, 0, 0, 0, 0, 0, 1, 0, 0, 0]",28,40,503,0,0,0,0,0,0,20,0,0,0,0,1,1,1,0.011771313846111298
"[1, 0, 0, 0, 0, 0, 1, 0, 0, 0, 0, 0, 0, 0, 0, 0, 0, 0, 1, 0, 0]",24,40,423,0,0,0,0,0,0,20,0,0,0,0,1,1,1,0.011780690867453814
"[1, 0, 0, 0, 0, 0, 1, 0, 0, 0, 0, 0, 0, 0, 0, 0, 0, 0, 0, 1, 0]",28,40,503,0,0,0,0,0,0,20,0,0,0,0,1,1,1,0.011768057942390442
"[1, 0, 0, 0, 0, 0, 1, 0, 0, 0, 0, 0, 0, 0, 0, 0, 0, 0, 0, 0, 1]",28,40,503,0,0,0,0,0,0,20,0,0,0,0,1,1,1,0.012870803941041231
"[1, 0, 0, 0, 0, 0, 0, 1, 1, 0, 0, 0, 0, 0, 0, 0, 0, 0, 0, 0, 0]",98,40,987,570,0,0,0,0,0,20,0,0,0,0,1,1,1,0.0036313473246991634
"[1, 0, 0, 0, 0, 0, 0, 1, 0, 1, 0, 0, 0, 0, 0, 0, 0, 0, 0, 0, 0]",102,40,1070,570,0,0,0,0,0,20,0,0,0,0,1,1,1,0.0026288898661732674
"[1, 0, 0, 0, 0, 0, 0, 1, 0, 0, 1, 0, 0, 0, 0, 0, 0, 0, 0, 0, 0]",102,40,1070,570,0,0,0,0,0,20,0,0,0,0,1,1,1,0.002811864949762821
"[1, 0, 0, 0, 0, 0, 0, 1, 0, 0, 0, 1, 0, 0, 0, 0, 0, 0, 0, 0, 0]",102,40,1070,570,0,0,0,0,0,20,0,0,0,0,1,1,1,0.002754216082394123
"[1, 0, 0, 0, 0, 0, 0, 1, 0, 0, 0, 0, 1, 0, 0, 0, 0, 0, 0, 0, 0]",101,40,1050,570,0,0,0,0,0,20,0,0,0,0,1,1,1,2.2748006442561746
"[1, 0, 0, 0, 0, 0, 0, 1, 0, 0, 0, 0, 0, 1, 0, 0, 0, 0, 0, 0, 0]",102,40,1070,570,0,0,0,0,0,20,0,0,0,0,1,1,1,0.002835327759385109
"[1, 0, 0, 0, 0, 0, 0, 1, 0, 0, 0, 0, 0, 0, 1, 0, 0, 0, 0, 0, 0]",102,40,1070,570,0,0,0,0,0,20,0,0,0,0,1,1,1,0.0035503050312399864
"[1, 0, 0, 0, 0, 0, 0, 1, 0, 0, 0, 0, 0, 0, 0, 1, 0, 0, 0, 0, 0]",102,40,1070,570,0,0,0,0,0,20,0,0,0,0,1,1,1,0.002557826228439808
"[1, 0, 0, 0, 0, 0, 0, 1, 0, 0, 0, 0, 0, 0, 0, 0, 1, 0, 0, 0, 0]",102,40,1070,570,0,0,0,0,0,20,0,0,0,0,1,1,1,0.002647615037858486
"[1, 0, 0, 0, 0, 0, 0, 1, 0, 0, 0, 0, 0, 0, 0, 0, 0, 1, 0, 0, 0]",102,40,1070,570,0,0,0,0,0,20,0,0,0,0,1,1,1,0.002636304125189781
"[1, 0, 0, 0, 0, 0, 0, 1, 0, 0, 0, 0, 0, 0, 0, 0, 0, 0, 1, 0, 0]",98,40,990,570,0,0,0,0,0,20,0,0,0,0,1,1,1,0.002972936723381281
"[1, 0, 0, 0, 0, 0, 0, 1, 0, 0, 0, 0, 0, 0, 0, 0, 0, 0, 0, 1, 0]",102,40,1070,570,0,0,0,0,0,20,0,0,0,0,1,1,1,0.0025965189561247826
"[1, 0, 0, 0, 0, 0, 0, 1, 0, 0, 0, 0, 0, 0, 0, 0, 0, 0, 0, 0, 1]",102,40,1070,570,0,0,0,0,0,20,0,0,0,0,1,1,1,0.004589191172271967
"[1, 0, 0, 0, 0, 0, 0, 0, 1, 1, 0, 0, 0, 0, 0, 0, 0, 0, 0, 0, 0]",98,40,987,570,0,0,0,0,0,20,0,0,0,0,1,1,1,0.0018408461473882198
"[1, 0, 0, 0, 0, 0, 0, 0, 1, 0, 1, 0, 0, 0, 0, 0, 0, 0, 0, 0, 0]",98,40,987,570,0,0,0,0,0,20,0,0,0,0,1,1,1,0.0018974021077156067
"[1, 0, 0, 0, 0, 0, 0, 0, 1, 0, 0, 1, 0, 0, 0, 0, 0, 0, 0, 0, 0]",98,40,987,570,0,0,0,0,0,20,0,0,0,0,1,1,1,0.0017798510380089283
"[1, 0, 0, 0, 0, 0, 0, 0, 1, 0, 0, 0, 1, 0, 0, 0, 0, 0, 0, 0, 0]",97,40,967,570,0,0,0,0,0,20,0,0,0,0,1,1,1,2.2259903089143336
"[1, 0, 0, 0, 0, 0, 0, 0, 1, 0, 0, 0, 0, 1, 0, 0, 0, 0, 0, 0, 0]",98,40,987,570,0,0,0,0,0,20,0,0,0,0,1,1,1,0.002091748174279928
"[1, 0, 0, 0, 0, 0, 0, 0, 1, 0, 0, 0, 0, 0, 1, 0, 0, 0, 0, 0, 0]",98,40,987,570,0,0,0,0,0,20,0,0,0,0,1,1,1,0.0024992451071739197
"[1, 0, 0, 0, 0, 0, 0, 0, 1, 0, 0, 0, 0, 0, 0, 1, 0, 0, 0, 0, 0]",98,40,987,570,0,0,0,0,0,20,0,0,0,0,1,1,1,0.0017774072475731373
"[1, 0, 0, 0, 0, 0, 0, 0, 1, 0, 0, 0, 0, 0, 0, 0, 1, 0, 0, 0, 0]",98,40,987,570,0,0,0,0,0,20,0,0,0,0,1,1,1,0.001789419911801815
"[1, 0, 0, 0, 0, 0, 0, 0, 1, 0, 0, 0, 0, 0, 0, 0, 0, 1, 0, 0, 0]",98,40,987,570,0,0,0,0,0,20,0,0,0,0,1,1,1,0.0017908522859215736
"[1, 0, 0, 0, 0, 0, 0, 0, 1, 0, 0, 0, 0, 0, 0, 0, 0, 0, 1, 0, 0]",94,40,910,570,0,0,0,0,0,20,0,0,0,0,1,1,1,0.0017872648313641548
"[1, 0, 0, 0, 0, 0, 0, 0, 1, 0, 0, 0, 0, 0, 0, 0, 0, 0, 0, 1, 0]",98,40,987,570,0,0,0,0,0,20,0,0,0,0,1,1,1,0.0017837886698544025
"[1, 0, 0, 0, 0, 0, 0, 0, 1, 0, 0, 0, 0, 0, 0, 0, 0, 0, 0, 0, 1]",98,40,987,570,0,0,0,0,0,20,0,0,0,0,1,1,1,0.0035766037181019783
"[1, 0, 0, 0, 0, 0, 0, 0, 0, 1, 1, 0, 0, 0, 0, 0, 0, 0, 0, 0, 0]",102,40,1070,570,0,0,0,0,0,20,0,0,0,0,1,1,1,0.0008801273070275784
"[1, 0, 0, 0, 0, 0, 0, 0, 0, 1, 0, 1, 0, 0, 0, 0, 0, 0, 0, 0, 0]",102,40,1070,570,0,0,0,0,0,20,0,0,0,0,1,1,1,0.0008121090941131115
"[1, 0, 0, 0, 0, 0, 0, 0, 0, 1, 0, 0, 1, 0, 0, 0, 0, 0, 0, 0, 0]",101,40,1050,570,0,0,0,0,0,20,0,0,0,0,1,1,1,2.2614192739129066
"[1, 0, 0, 0, 0, 0, 0, 0, 0, 1, 0, 0, 0, 1, 0, 0, 0, 0, 0, 0, 0]",102,40,1070,570,0,0,0,0,0,20,0,0,0,0,1,1,1,0.0010868660174310207
"[1, 0, 0, 0, 0, 0, 0, 0, 0, 1, 0, 0, 0, 0, 1, 0, 0, 0, 0, 0, 0]",102,40,1070,570,0,0,0,0,0,20,0,0,0,0,1,1,1,0.0018581189215183258
"[1, 0, 0, 0, 0, 0, 0, 0, 0, 1, 0, 0, 0, 0, 0, 1, 0, 0, 0, 0, 0]",102,40,1070,570,0,0,0,0,0,20,0,0,0,0,1,1,1,0.000798483844846487
"[1, 0, 0, 0, 0, 0, 0, 0, 0, 1, 0, 0, 0, 0, 0, 0, 1, 0, 0, 0, 0]",102,40,1070,570,0,0,0,0,0,20,0,0,0,0,1,1,1,0.0008412241004407406
"[1, 0, 0, 0, 0, 0, 0, 0, 0, 1, 0, 0, 0, 0, 0, 0, 0, 1, 0, 0, 0]",102,40,1070,570,0,0,0,0,0,20,0,0,0,0,1,1,1,0.000842575915157795
"[1, 0, 0, 0, 0, 0, 0, 0, 0, 1, 0, 0, 0, 0, 0, 0, 0, 0, 1, 0, 0]",98,40,990,570,0,0,0,0,0,20,0,0,0,0,1,1,1,0.000895296223461628
"[1, 0, 0, 0, 0, 0, 0, 0, 0, 1, 0, 0, 0, 0, 0, 0, 0, 0, 0, 1, 0]",102,40,1070,570,0,0,0,0,0,20,0,0,0,0,1,1,1,0.0008210656233131886
"[1, 0, 0, 0, 0, 0, 0, 0, 0, 1, 0, 0, 0, 0, 0, 0, 0, 0, 0, 0, 1]",102,40,1070,570,0,0,0,0,0,20,0,0,0,0,1,1,1,0.0028681298717856407
"[1, 0, 0, 0, 0, 0, 0, 0, 0, 0, 1, 1, 0, 0, 0, 0, 0, 0, 0, 0, 0]",102,40,1070,570,0,0,0,0,0,20,0,0,0,0,1,1,1,0.0009106649085879326
"[1, 0, 0, 0, 0, 0, 0, 0, 0, 0, 1, 0, 1, 0, 0, 0, 0, 0, 0, 0, 0]",101,40,1050,570,0,0,0,0,0,20,0,0,0,0,1,1,1,2.257877993863076
"[1, 0, 0, 0, 0, 0, 0, 0, 0, 0, 1, 0, 0, 1, 0, 0, 0, 0, 0, 0, 0]",102,40,1070,570,0,0,0,0,0,20,0,0,0,0,1,1,1,0.0011418098583817482
"[1, 0, 0, 0, 0, 0, 0, 0, 0, 0, 1, 0, 0, 0, 1, 0, 0, 0, 0, 0, 0]",102,40,1070,570,0,0,0,0,0,20,0,0,0,0,1,1,1,0.0018826546147465706
"[1, 0, 0, 0, 0, 0, 0, 0, 0, 0, 1, 0, 0, 0, 0, 1, 0, 0, 0, 0, 0]",102,40,1070,570,0,0,0,0,0,20,0,0,0,0,1,1,1,0.0008737761527299881
"[1, 0, 0, 0, 0, 0, 0, 0, 0, 0, 1, 0, 0, 0, 0, 0, 1, 0, 0, 0, 0]",102,40,1070,570,0,0,0,0,0,20,0,0,0,0,1,1,1,0.000921695027500391
"[1, 0, 0, 0, 0, 0, 0, 0, 0, 0, 1, 0, 0, 0, 0, 0, 0, 1, 0, 0, 0]",102,40,1070,570,0,0,0,0,0,20,0,0,0,0,1,1,1,0.0009412020444869995
"[1, 0, 0, 0, 0, 0, 0, 0, 0, 0, 1, 0, 0, 0, 0, 0, 0, 0, 1, 0, 0]",98,40,990,570,0,0,0,0,0,20,0,0,0,0,1,1,1,0.0009683333337306976
"[1, 0, 0, 0, 0, 0, 0, 0, 0, 0, 1, 0, 0, 0, 0, 0, 0, 0, 0, 1, 0]",102,40,1070,570,0,0,0,0,0,20,0,0,0,0,1,1,1,0.0008892742916941643
"[1, 0, 0, 0, 0, 0, 0, 0, 0, 0, 1, 0, 0, 0, 0, 0, 0, 0, 0, 0, 1]",102,40,1070,570,0,0,0,0,0,20,0,0,0,0,1,1,1,0.002985600847750902
"[1, 0, 0, 0, 0, 0, 0, 0, 0, 0, 0, 1, 1, 0, 0, 0, 0, 0, 0, 0, 0]",101,40,1050,570,0,0,0,0,0,20,0,0,0,0,1,1,1,2.2968982411548495
"[1, 0, 0, 0, 0, 0, 0, 0, 0, 0, 0, 1, 0, 1, 0, 0, 0, 0, 0, 0, 0]",102,40,1070,570,0,0,0,0,0,20,0,0,0,0,1,1,1,0.0009884410537779331
"[1, 0, 0, 0, 0, 0, 0, 0, 0, 0, 0, 1, 0, 0, 1, 0, 0, 0, 0, 0, 0]",102,40,1070,570,0,0,0,0,0,20,0,0,0,0,1,1,1,0.001808395143598318
"[1, 0, 0, 0, 0, 0, 0, 0, 0, 0, 0, 1, 0, 0, 0, 1, 0, 0, 0, 0, 0]",102,40,1070,570,0,0,0,0,0,20,0,0,0,0,1,1,1,0.000847475603222847
"[1, 0, 0, 0, 0, 0, 0, 0, 0, 0, 0, 1, 0, 0, 0, 0, 1, 0, 0, 0, 0]",102,40,1070,570,0,0,0,0,0,20,0,0,0,0,1,1,1,0.0008398909121751785
"[1, 0, 0, 0, 0, 0, 0, 0, 0, 0, 0, 1, 0, 0, 0, 0, 0, 1, 0, 0, 0]",102,40,1070,570,0,0,0,0,0,20,0,0,0,0,1,1,1,0.0008610812947154045
"[1, 0, 0, 0, 0, 0, 0, 0, 0, 0, 0, 1, 0, 0, 0, 0, 0, 0, 1, 0, 0]",98,40,990,570,0,0,0,0,0,20,0,0,0,0,1,1,1,0.0008788448758423328
"[1, 0, 0, 0, 0, 0, 0, 0, 0, 0, 0, 1, 0, 0, 0, 0, 0, 0, 0, 1, 0]",102,40,1070,570,0,0,0,0,0,20,0,0,0,0,1,1,1,0.0008371369913220406
"[1, 0, 0, 0, 0, 0, 0, 0, 0, 0, 0, 1, 0, 0, 0, 0, 0, 0, 0, 0, 1]",102,40,1070,570,0,0,0,0,0,20,0,0,0,0,1,1,1,0.0029318099841475487
"[1, 0, 0, 0, 0, 0, 0, 0, 0, 0, 0, 0, 1, 1, 0, 0, 0, 0, 0, 0, 0]",101,40,1050,570,0,0,0,0,0,20,0,0,0,0,1,1,1,2.274937781970948
"[1, 0, 0, 0, 0, 0, 0, 0, 0, 0, 0, 0, 1, 0, 1, 0, 0, 0, 0, 0, 0]",101,40,1050,570,0,0,0,0,0,20,0,0,0,0,1,1,1,2.2790395421907306
"[1, 0, 0, 0, 0, 0, 0, 0, 0, 0, 0, 0, 1, 0, 0, 1, 0, 0, 0, 0, 0]",101,40,1050,570,0,0,0,0,0,20,0,0,0,0,1,1,1,2.272624302189797
"[1, 0, 0, 0, 0, 0, 0, 0, 0, 0, 0, 0, 1, 0, 0, 0, 1, 0, 0, 0, 0]",101,40,1050,570,0,0,0,0,0,20,0,0,0,0,1,1,1,2.270517675206065
"[1, 0, 0, 0, 0, 0, 0, 0, 0, 0, 0, 0, 1, 0, 0, 0, 0, 1, 0, 0, 0]",101,40,1050,570,0,0,0,0,0,20,0,0,0,0,1,1,1,2.259175037033856
"[1, 0, 0, 0, 0, 0, 0, 0, 0, 0, 0, 0, 1, 0, 0, 0, 0, 0, 1, 0, 0]",98,40,990,570,0,0,0,0,0,20,0,0,0,0,1,1,1,2.261610880959779
"[1, 0, 0, 0, 0, 0, 0, 0, 0, 0, 0, 0, 1, 0, 0, 0, 0, 0, 0, 1, 0]",101,40,1050,570,0,0,0,0,0,20,0,0,0,0,1,1,1,2.249584035947919
"[1, 0, 0, 0, 0, 0, 0, 0, 0, 0, 0, 0, 1, 0, 0, 0, 0, 0, 0, 0, 1]",101,40,1050,570,0,0,0,0,0,20,0,0,0,0,1,1,1,2.2796777449548244
"[1, 0, 0, 0, 0, 0, 0, 0, 0, 0, 0, 0, 0, 1, 1, 0, 0, 0, 0, 0, 0]",102,40,1070,570,0,0,0,0,0,20,0,0,0,0,1,1,1,0.0017427909187972546
"[1, 0, 0, 0, 0, 0, 0, 0, 0, 0, 0, 0, 0, 1, 0, 1, 0, 0, 0, 0, 0]",102,40,1070,570,0,0,0,0,0,20,0,0,0,0,1,1,1,0.0009398600086569786
"[1, 0, 0, 0, 0, 0, 0, 0, 0, 0, 0, 0, 0, 1, 0, 0, 1, 0, 0, 0, 0]",102,40,1070,570,0,0,0,0,0,20,0,0,0,0,1,1,1,0.0009560710750520229
"[1, 0, 0, 0, 0, 0, 0, 0, 0, 0, 0, 0, 0, 1, 0, 0, 0, 1, 0, 0, 0]",102,40,1070,570,0,0,0,0,0,20,0,0,0,0,1,1,1,0.0009354506619274616
"[1, 0, 0, 0, 0, 0, 0, 0, 0, 0, 0, 0, 0, 1, 0, 0, 0, 0, 1, 0, 0]",98,40,990,570,0,0,0,0,0,20,0,0,0,0,1,1,1,0.0009925090707838535
"[1, 0, 0, 0, 0, 0, 0, 0, 0, 0, 0, 0, 0, 1, 0, 0, 0, 0, 0, 1, 0]",102,40,1070,570,0,0,0,0,0,20,0,0,0,0,1,1,1,0.000923078041523695
"[1, 0, 0, 0, 0, 0, 0, 0, 0, 0, 0, 0, 0, 1, 0, 0, 0, 0, 0, 0, 1]",102,40,1070,570,0,0,0,0,0,20,0,0,0,0,1,1,1,0.0029881559312343597
"[1, 0, 0, 0, 0, 0, 0, 0, 0, 0, 0, 0, 0, 0, 1, 1, 0, 0, 0, 0, 0]",102,40,1070,570,0,0,0,0,0,20,0,0,0,0,1,1,1,0.0015942309983074665
"[1, 0, 0, 0, 0, 0, 0, 0, 0, 0, 0, 0, 0, 0, 1, 0, 1, 0, 0, 0, 0]",102,40,1070,570,0,0,0,0,0,20,0,0,0,0,1,1,1,0.0014983410947024822
"[1, 0, 0, 0, 0, 0, 0, 0, 0, 0, 0, 0, 0, 0, 1, 0, 0, 1, 0, 0, 0]",102,40,1070,570,0,0,0,0,0,20,0,0,0,0,1,1,1,0.0014871596358716488
"[1, 0, 0, 0, 0, 0, 0, 0, 0, 0, 0, 0, 0, 0, 1, 0, 0, 0, 1, 0, 0]",98,40,990,570,0,0,0,0,0,20,0,0,0,0,1,1,1,0.0016358401626348495
"[1, 0, 0, 0, 0, 0, 0, 0, 0, 0, 0, 0, 0, 0, 1, 0, 0, 0, 0, 1, 0]",102,40,1070,570,0,0,0,0,0,20,0,0,0,0,1,1,1,0.0014899861998856068
"[1, 0, 0, 0, 0, 0, 0, 0, 0, 0, 0, 0, 0, 0, 1, 0, 0, 0, 0, 0, 1]",102,40,1070,570,0,0,0,0,0,20,0,0,0,0,1,1,1,0.0032968870364129543
"[1, 0, 0, 0, 0, 0, 0, 0, 0, 0, 0, 0, 0, 0, 0, 1, 1, 0, 0, 0, 0]",102,40,1070,570,0,0,0,0,0,20,0,0,0,0,1,1,1,0.0007765130139887333
"[1, 0, 0, 0, 0, 0, 0, 0, 0, 0, 0, 0, 0, 0, 0, 1, 0, 1, 0, 0, 0]",102,40,1070,570,0,0,0,0,0,20,0,0,0,0,1,1,1,0.000787793193012476
"[1, 0, 0, 0, 0, 0, 0, 0, 0, 0, 0, 0, 0, 0, 0, 1, 0, 0, 1, 0, 0]",98,40,990,570,0,0,0,0,0,20,0,0,0,0,1,1,1,0.0008177696727216244
"[1, 0, 0, 0, 0, 0, 0, 0, 0, 0, 0, 0, 0, 0, 0, 1, 0, 0, 0, 1, 0]",102,40,1070,570,0,0,0,0,0,20,0,0,0,0,1,1,1,0.0008089030161499977
"[1, 0, 0, 0, 0, 0, 0, 0, 0, 0, 0, 0, 0, 0, 0, 1, 0, 0, 0, 0, 1]",102,40,1070,570,0,0,0,0,0,20,0,0,0,0,1,1,1,0.0028526107780635357
"[1, 0, 0, 0, 0, 0, 0, 0, 0, 0, 0, 0, 0, 0, 0, 0, 1, 1, 0, 0, 0]",102,40,1070,570,0,0,0,0,0,20,0,0,0,0,1,1,1,0.0007820320315659046
"[1, 0, 0, 0, 0, 0, 0, 0, 0, 0, 0, 0, 0, 0, 0, 0, 1, 0, 1, 0, 0]",98,40,990,570,0,0,0,0,0,20,0,0,0,0,1,1,1,0.0008084019646048546
"[1, 0, 0, 0, 0, 0, 0, 0, 0, 0, 0, 0, 0, 0, 0, 0, 1, 0, 0, 1, 0]",102,40,1070,570,0,0,0,0,0,20,0,0,0,0,1,1,1,0.0007758508436381817
"[1, 0, 0, 0, 0, 0, 0, 0, 0, 0, 0, 0, 0, 0, 0, 0, 1, 0, 0, 0, 1]",102,40,1070,570,0,0,0,0,0,20,0,0,0,0,1,1,1,0.002819628920406103
"[1, 0, 0, 0, 0, 0, 0, 0, 0, 0, 0, 0, 0, 0, 0, 0, 0, 1, 1, 0, 0]",98,40,990,570,0,0,0,0,0,20,0,0,0,0,1,1,1,0.0008161761797964573
"[1, 0, 0, 0, 0, 0, 0, 0, 0, 0, 0, 0, 0, 0, 0, 0, 0, 1, 0, 1, 0]",102,40,1070,570,0,0,0,0,0,20,0,0,0,0,1,1,1,0.0007877126336097717
"[1, 0, 0, 0, 0, 0, 0, 0, 0, 0, 0, 0, 0, 0, 0, 0, 0, 1, 0, 0, 1]",102,40,1070,570,0,0,0,0,0,20,0,0,0,0,1,1,1,0.002724548801779747
"[1, 0, 0, 0, 0, 0, 0, 0, 0, 0, 0, 0, 0, 0, 0, 0, 0, 0, 1, 1, 0]",98,40,990,570,0,0,0,0,0,20,0,0,0,0,1,1,1,0.000811717938631773
"[1, 0, 0, 0, 0, 0, 0, 0, 0, 0, 0, 0, 0, 0, 0, 0, 0, 0, 1, 0, 1]",98,40,990,570,0,0,0,0,0,20,0,0,0,0,1,1,1,0.0025596292689442635
"[1, 0, 0, 0, 0, 0, 0, 0, 0, 0, 0, 0, 0, 0, 0, 0, 0, 0, 0, 1, 1]",102,40,1070,570,0,0,0,0,0,20,0,0,0,0,1,1,1,0.002595687285065651
"[0, 1, 1, 1, 0, 0, 0, 0, 0, 0, 0, 0, 0, 0, 0, 0, 0, 0, 0, 0, 0]",82,40,670,570,0,0,0,0,0,20,0,0,0,0,1,1,1,0.0011230846866965294
"[0, 1, 1, 0, 1, 0, 0, 0, 0, 0, 0, 0, 0, 0, 0, 0, 0, 0, 0, 0, 0]",82,40,670,570,0,0,0,0,0,20,0,0,0,0,1,1,1,0.0044711981900036335
"[0, 1, 1, 0, 0, 1, 0, 0, 0, 0, 0, 0, 0, 0, 0, 0, 0, 0, 0, 0, 0]",8,40,103,0,0,0,0,0,0,20,0,0,0,0,1,1,1,0.008058532141149044
"[0, 1, 1, 0, 0, 0, 1, 0, 0, 0, 0, 0, 0, 0, 0, 0, 0, 0, 0, 0, 0]",8,40,103,0,0,0,0,0,0,20,0,0,0,0,1,1,1,0.010746643878519535
"[0, 1, 1, 0, 0, 0, 0, 1, 0, 0, 0, 0, 0, 0, 0, 0, 0, 0, 0, 0, 0]",82,40,670,570,0,0,0,0,0,20,0,0,0,0,1,1,1,0.002392975613474846
"[0, 1, 1, 0, 0, 0, 0, 0, 1, 0, 0, 0, 0, 0, 0, 0, 0, 0, 0, 0, 0]",82,40,670,570,0,0,0,0,0,20,0,0,0,0,1,1,1,0.0017702640034258366
"[0, 1, 1, 0, 0, 0, 0, 0, 0, 1, 0, 0, 0, 0, 0, 0, 0, 0, 0, 0, 0]",82,40,670,570,0,0,0,0,0,20,0,0,0,0,1,1,1,0.0009802961722016335
"[0, 1, 1, 0, 0, 0, 0, 0, 0, 0, 1, 0, 0, 0, 0, 0, 0, 0, 0, 0, 0]",82,40,670,570,0,0,0,0,0,20,0,0,0,0,1,1,1,0.001032944768667221
"[0, 1, 1, 0, 0, 0, 0, 0, 0, 0, 0, 1, 0, 0, 0, 0, 0, 0, 0, 0, 0]",82,40,670,570,0,0,0,0,0,20,0,0,0,0,1,1,1,0.0010106433182954788
"[0, 1, 1, 0, 0, 0, 0, 0, 0, 0, 0, 0, 1, 0, 0, 0, 0, 0, 0, 0, 0]",82,40,670,570,0,0,0,0,0,20,0,0,0,0,1,1,1,1.6650223690085113
"[0, 1, 1, 0, 0, 0, 0, 0, 0, 0, 0, 0, 0, 1, 0, 0, 0, 0, 0, 0, 0]",82,40,670,570,0,0,0,0,0,20,0,0,0,0,1,1,1,0.001186954788863659
"[0, 1, 1, 0, 0, 0, 0, 0, 0, 0, 0, 0, 0, 0, 1, 0, 0, 0, 0, 0, 0]",82,40,670,570,0,0,0,0,0,20,0,0,0,0,1,1,1,0.0015048631466925144
"[0, 1, 1, 0, 0, 0, 0, 0, 0, 0, 0, 0, 0, 0, 0, 1, 0, 0, 0, 0, 0]",82,40,670,570,0,0,0,0,0,20,0,0,0,0,1,1,1,0.0009925980120897293
"[0, 1, 1, 0, 0, 0, 0, 0, 0, 0, 0, 0, 0, 0, 0, 0, 1, 0, 0, 0, 0]",82,40,670,570,0,0,0,0,0,20,0,0,0,0,1,1,1,0.0009883311577141285
"[0, 1, 1, 0, 0, 0, 0, 0, 0, 0, 0, 0, 0, 0, 0, 0, 0, 1, 0, 0, 0]",82,40,670,570,0,0,0,0,0,20,0,0,0,0,1,1,1,0.0009805858135223389
"[0, 1, 1, 0, 0, 0, 0, 0, 0, 0, 0, 0, 0, 0, 0, 0, 0, 0, 1, 0, 0]",82,40,670,570,0,0,0,0,0,20,0,0,0,0,1,1,1,0.0009937607683241367
"[0, 1, 1, 0, 0, 0, 0, 0, 0, 0, 0, 0, 0, 0, 0, 0, 0, 0, 0, 1, 0]",82,40,670,570,0,0,0,0,0,20,0,0,0,0,1,1,1,0.0009706583805382252
"[0, 1, 1, 0, 0, 0, 0, 0, 0, 0, 0, 0, 0, 0, 0, 0, 0, 0, 0, 0, 1]",82,40,670,570,0,0,0,0,0,20,0,0,0,0,1,1,1,0.0025837039574980736
"[0, 1, 0, 1, 1, 0, 0, 0, 0, 0, 0, 0, 0, 0, 0, 0, 0, 0, 0, 0, 0]",82,40,670,570,0,0,0,0,0,20,0,0,0,0,1,1,1,0.039974433835595846
"[0, 1, 0, 1, 0, 1, 0, 0, 0, 0, 0, 0, 0, 0, 0, 0, 0, 0, 0, 0, 0]",8,40,103,0,0,0,0,0,0,20,0,0,0,0,1,1,1,0.00840839184820652
"[0, 1, 0, 1, 0, 0, 1, 0, 0, 0, 0, 0, 0, 0, 0, 0, 0, 0, 0, 0, 0]",8,40,103,0,0,0,0,0,0,20,0,0,0,0,1,1,1,0.01113166892901063
"[0, 1, 0, 1, 0, 0, 0, 1, 0, 0, 0, 0, 0, 0, 0, 0, 0, 0, 0, 0, 0]",82,40,670,570,0,0,0,0,0,20,0,0,0,0,1,1,1,0.0026424857787787914
"[0, 1, 0, 1, 0, 0, 0, 0, 1, 0, 0, 0, 0, 0, 0, 0, 0, 0, 0, 0, 0]",82,40,670,570,0,0,0,0,0,20,0,0,0,0,1,1,1,0.002012368757277727
"[0, 1, 0, 1, 0, 0, 0, 0, 0, 1, 0, 0, 0, 0, 0, 0, 0, 0, 0, 0, 0]",82,40,670,570,0,0,0,0,0,20,0,0,0,0,1,1,1,0.0012102378532290459
"[0, 1, 0, 1, 0, 0, 0, 0, 0, 0, 1, 0, 0, 0, 0, 0, 0, 0, 0, 0, 0]",82,40,670,570,0,0,0,0,0,20,0,0,0,0,1,1,1,0.0012858905829489231
"[0, 1, 0, 1, 0, 0, 0, 0, 0, 0, 0, 1, 0, 0, 0, 0, 0, 0, 0, 0, 0]",82,40,670,570,0,0,0,0,0,20,0,0,0,0,1,1,1,0.001237940974533558
"[0, 1, 0, 1, 0, 0, 0, 0, 0, 0, 0, 0, 1, 0, 0, 0, 0, 0, 0, 0, 0]",82,40,670,570,0,0,0,0,0,20,0,0,0,0,1,1,1,1.7030424769036472
"[0, 1, 0, 1, 0, 0, 0, 0, 0, 0, 0, 0, 0, 1, 0, 0, 0, 0, 0, 0, 0]",82,40,670,570,0,0,0,0,0,20,0,0,0,0,1,1,1,0.0013800980523228645
"[0, 1, 0, 1, 0, 0, 0, 0, 0, 0, 0, 0, 0, 0, 1, 0, 0, 0, 0, 0, 0]",82,40,670,570,0,0,0,0,0,20,0,0,0,0,1,1,1,0.0017189867794513702
"[0, 1, 0, 1, 0, 0, 0, 0, 0, 0, 0, 0, 0, 0, 0, 1, 0, 0, 0, 0, 0]",82,40,670,570,0,0,0,0,0,20,0,0,0,0,1,1,1,0.0011183051392436028
"[0, 1, 0, 1, 0, 0, 0, 0, 0, 0, 0, 0, 0, 0, 0, 0, 1, 0, 0, 0, 0]",82,40,670,570,0,0,0,0,0,20,0,0,0,0,1,1,1,0.0011986768804490566
"[0, 1, 0, 1, 0, 0, 0, 0, 0, 0, 0, 0, 0, 0, 0, 0, 0, 1, 0, 0, 0]",82,40,670,570,0,0,0,0,0,20,0,0,0,0,1,1,1,0.001204547006636858
"[0, 1, 0, 1, 0, 0, 0, 0, 0, 0, 0, 0, 0, 0, 0, 0, 0, 0, 1, 0, 0]",82,40,670,570,0,0,0,0,0,20,0,0,0,0,1,1,1,0.0012403950095176697
"[0, 1, 0, 1, 0, 0, 0, 0, 0, 0, 0, 0, 0, 0, 0, 0, 0, 0, 0, 1, 0]",82,40,670,570,0,0,0,0,0,20,0,0,0,0,1,1,1,0.0011762753129005432
"[0, 1, 0, 1, 0, 0, 0, 0, 0, 0, 0, 0, 0, 0, 0, 0, 0, 0, 0, 0, 1]",82,40,670,570,0,0,0,0,0,20,0,0,0,0,1,1,1,0.0028471010737121105
"[0, 1, 0, 0, 1, 1, 0, 0, 0, 0, 0, 0, 0, 0, 0, 0, 0, 0, 0, 0, 0]",8,40,103,0,0,0,0,0,0,20,0,0,0,0,1,1,1,0.011423818301409483
"[0, 1, 0, 0, 1, 0, 1, 0, 0, 0, 0, 0, 0, 0, 0, 0, 0, 0, 0, 0, 0]",8,40,103,0,0,0,0,0,0,20,0,0,0,0,1,1,1,0.014092342928051949
"[0, 1, 0, 0, 1, 0, 0, 1, 0, 0, 0, 0, 0, 0, 0, 0, 0, 0, 0, 0, 0]",82,40,670,570,0,0,0,0,0,20,0,0,0,0,1,1,1,0.005673742387443781
"[0, 1, 0, 0, 1, 0, 0, 0, 1, 0, 0, 0, 0, 0, 0, 0, 0, 0, 0, 0, 0]",82,40,670,570,0,0,0,0,0,20,0,0,0,0,1,1,1,0.005100483074784279
"[0, 1, 0, 0, 1, 0, 0, 0, 0, 1, 0, 0, 0, 0, 0, 0, 0, 0, 0, 0, 0]",82,40,670,570,0,0,0,0,0,20,0,0,0,0,1,1,1,0.0044956752099096775
"[0, 1, 0, 0, 1, 0, 0, 0, 0, 0, 1, 0, 0, 0, 0, 0, 0, 0, 0, 0, 0]",82,40,670,570,0,0,0,0,0,20,0,0,0,0,1,1,1,0.004408200271427631
"[0, 1, 0, 0, 1, 0, 0, 0, 0, 0, 0, 1, 0, 0, 0, 0, 0, 0, 0, 0, 0]",82,40,670,570,0,0,0,0,0,20,0,0,0,0,1,1,1,0.004284326918423176
"[0, 1, 0, 0, 1, 0, 0, 0, 0, 0, 0, 0, 1, 0, 0, 0, 0, 0, 0, 0, 0]",82,40,670,570,0,0,0,0,0,20,0,0,0,0,1,1,1,1.6780952299013734
"[0, 1, 0, 0, 1, 0, 0, 0, 0, 0, 0, 0, 0, 1, 0, 0, 0, 0, 0, 0, 0]",82,40,670,570,0,0,0,0,0,20,0,0,0,0,1,1,1,0.004924220964312553
"[0, 1, 0, 0, 1, 0, 0, 0, 0, 0, 0, 0, 0, 0, 1, 0, 0, 0, 0, 0, 0]",82,40,670,570,0,0,0,0,0,20,0,0,0,0,1,1,1,0.004845974035561085
"[0, 1, 0, 0, 1, 0, 0, 0, 0, 0, 0, 0, 0, 0, 0, 1, 0, 0, 0, 0, 0]",82,40,670,570,0,0,0,0,0,20,0,0,0,0,1,1,1,0.004251314327120781
"[0, 1, 0, 0, 1, 0, 0, 0, 0, 0, 0, 0, 0, 0, 0, 0, 1, 0, 0, 0, 0]",82,40,670,570,0,0,0,0,0,20,0,0,0,0,1,1,1,0.004322008229792118
"[0, 1, 0, 0, 1, 0, 0, 0, 0, 0, 0, 0, 0, 0, 0, 0, 0, 1, 0, 0, 0]",82,40,670,570,0,0,0,0,0,20,0,0,0,0,1,1,1,0.004338568076491356
"[0, 1, 0, 0, 1, 0, 0, 0, 0, 0, 0, 0, 0, 0, 0, 0, 0, 0, 1, 0, 0]",82,40,670,570,0,0,0,0,0,20,0,0,0,0,1,1,1,0.004349378868937492
"[0, 1, 0, 0, 1, 0, 0, 0, 0, 0, 0, 0, 0, 0, 0, 0, 0, 0, 0, 1, 0]",82,40,670,570,0,0,0,0,0,20,0,0,0,0,1,1,1,0.004478202201426029
"[0, 1, 0, 0, 1, 0, 0, 0, 0, 0, 0, 0, 0, 0, 0, 0, 0, 0, 0, 0, 1]",82,40,670,570,0,0,0,0,0,20,0,0,0,0,1,1,1,0.005589964799582958
"[0, 1, 0, 0, 0, 1, 1, 0, 0, 0, 0, 0, 0, 0, 0, 0, 0, 0, 0, 0, 0]",8,40,103,0,0,0,0,0,0,20,0,0,0,0,1,1,1,0.008983755018562078
"[0, 1, 0, 0, 0, 1, 0, 1, 0, 0, 0, 0, 0, 0, 0, 0, 0, 0, 0, 0, 0]",8,40,103,0,0,0,0,0,0,20,0,0,0,0,1,1,1,0.008006534073501825
"[0, 1, 0, 0, 0, 1, 0, 0, 1, 0, 0, 0, 0, 0, 0, 0, 0, 0, 0, 0, 0]",8,40,103,0,0,0,0,0,0,20,0,0,0,0,1,1,1,0.007962652016431093
"[0, 1, 0, 0, 0, 1, 0, 0, 0, 1, 0, 0, 0, 0, 0, 0, 0, 0, 0, 0, 0]",8,40,103,0,0,0,0,0,0,20,0,0,0,0,1,1,1,0.007850670255720615
"[0, 1, 0, 0, 0, 1, 0, 0, 0, 0, 1, 0, 0, 0, 0, 0, 0, 0, 0, 0, 0]",8,40,103,0,0,0,0,0,0,20,0,0,0,0,1,1,1,0.007861922029405832
"[0, 1, 0, 0, 0, 1, 0, 0, 0, 0, 0, 1, 0, 0, 0, 0, 0, 0, 0, 0, 0]",8,40,103,0,0,0,0,0,0,20,0,0,0,0,1,1,1,0.00784000102430582
"[0, 1, 0, 0, 0, 1, 0, 0, 0, 0, 0, 0, 1, 0, 0, 0, 0, 0, 0, 0, 0]",8,40,103,0,0,0,0,0,0,20,0,0,0,0,1,1,1,0.028376467060297728
"[0, 1, 0, 0, 0, 1, 0, 0, 0, 0, 0, 0, 0, 1, 0, 0, 0, 0, 0, 0, 0]",8,40,103,0,0,0,0,0,0,20,0,0,0,0,1,1,1,0.00789137789979577
"[0, 1, 0, 0, 0, 1, 0, 0, 0, 0, 0, 0, 0, 0, 1, 0, 0, 0, 0, 0, 0]",8,40,103,0,0,0,0,0,0,20,0,0,0,0,1,1,1,0.007983761839568615
"[0, 1, 0, 0, 0, 1, 0, 0, 0, 0, 0, 0, 0, 0, 0, 1, 0, 0, 0, 0, 0]",8,40,103,0,0,0,0,0,0,20,0,0,0,0,1,1,1,0.00779537670314312
"[0, 1, 0, 0, 0, 1, 0, 0, 0, 0, 0, 0, 0, 0, 0, 0, 1, 0, 0, 0, 0]",8,40,103,0,0,0,0,0,0,20,0,0,0,0,1,1,1,0.007840361911803484
"[0, 1, 0, 0, 0, 1, 0, 0, 0, 0, 0, 0, 0, 0, 0, 0, 0, 1, 0, 0, 0]",8,40,103,0,0,0,0,0,0,20,0,0,0,0,1,1,1,0.007830764167010784
"[0, 1, 0, 0, 0, 1, 0, 0, 0, 0, 0, 0, 0, 0, 0, 0, 0, 0, 1, 0, 0]",8,40,103,0,0,0,0,0,0,20,0,0,0,0,1,1,1,0.007835632655769587
"[0, 1, 0, 0, 0, 1, 0, 0, 0, 0, 0, 0, 0, 0, 0, 0, 0, 0, 0, 1, 0]",8,40,103,0,0,0,0,0,0,20,0,0,0,0,1,1,1,0.007818900980055332
"[0, 1, 0, 0, 0, 1, 0, 0, 0, 0, 0, 0, 0, 0, 0, 0, 0, 0, 0, 0, 1]",8,40,103,0,0,0,0,0,0,20,0,0,0,0,1,1,1,0.008113755844533443
"[0, 1, 0, 0, 0, 0, 1, 1, 0, 0, 0, 0, 0, 0, 0, 0, 0, 0, 0, 0, 0]",8,40,103,0,0,0,0,0,0,20,0,0,0,0,1,1,1,0.010956980288028717
"[0, 1, 0, 0, 0, 0, 1, 0, 1, 0, 0, 0, 0, 0, 0, 0, 0, 0, 0, 0, 0]",8,40,103,0,0,0,0,0,0,20,0,0,0,0,1,1,1,0.010750049725174904
"[0, 1, 0, 0, 0, 0, 1, 0, 0, 1, 0, 0, 0, 0, 0, 0, 0, 0, 0, 0, 0]",8,40,103,0,0,0,0,0,0,20,0,0,0,0,1,1,1,0.010745611973106861
"[0, 1, 0, 0, 0, 0, 1, 0, 0, 0, 1, 0, 0, 0, 0, 0, 0, 0, 0, 0, 0]",8,40,103,0,0,0,0,0,0,20,0,0,0,0,1,1,1,0.010704434011131525
"[0, 1, 0, 0, 0, 0, 1, 0, 0, 0, 0, 1, 0, 0, 0, 0, 0, 0, 0, 0, 0]",8,40,103,0,0,0,0,0,0,20,0,0,0,0,1,1,1,0.010679467115551233
"[0, 1, 0, 0, 0, 0, 1, 0, 0, 0, 0, 0, 1, 0, 0, 0, 0, 0, 0, 0, 0]",8,40,103,0,0,0,0,0,0,20,0,0,0,0,1,1,1,0.031370454002171755
"[0, 1, 0, 0, 0, 0, 1, 0, 0, 0, 0, 0, 0, 1, 0, 0, 0, 0, 0, 0, 0]",8,40,103,0,0,0,0,0,0,20,0,0,0,0,1,1,1,0.010770148131996393
"[0, 1, 0, 0, 0, 0, 1, 0, 0, 0, 0, 0, 0, 0, 1, 0, 0, 0, 0, 0, 0]",8,40,103,0,0,0,0,0,0,20,0,0,0,0,1,1,1,0.010822565760463476
"[0, 1, 0, 0, 0, 0, 1, 0, 0, 0, 0, 0, 0, 0, 0, 1, 0, 0, 0, 0, 0]",8,40,103,0,0,0,0,0,0,20,0,0,0,0,1,1,1,0.010665179695934057
"[0, 1, 0, 0, 0, 0, 1, 0, 0, 0, 0, 0, 0, 0, 0, 0, 1, 0, 0, 0, 0]",8,40,103,0,0,0,0,0,0,20,0,0,0,0,1,1,1,0.010665591340512037
"[0, 1, 0, 0, 0, 0, 1, 0, 0, 0, 0, 0, 0, 0, 0, 0, 0, 1, 0, 0, 0]",8,40,103,0,0,0,0,0,0,20,0,0,0,0,1,1,1,0.01069176010787487
"[0, 1, 0, 0, 0, 0, 1, 0, 0, 0, 0, 0, 0, 0, 0, 0, 0, 0, 1, 0, 0]",8,40,103,0,0,0,0,0,0,20,0,0,0,0,1,1,1,0.010714102070778608
"[0, 1, 0, 0, 0, 0, 1, 0, 0, 0, 0, 0, 0, 0, 0, 0, 0, 0, 0, 1, 0]",8,40,103,0,0,0,0,0,0,20,0,0,0,0,1,1,1,0.010678355116397142
"[0, 1, 0, 0, 0, 0, 1, 0, 0, 0, 0, 0, 0, 0, 0, 0, 0, 0, 0, 0, 1]",8,40,103,0,0,0,0,0,0,20,0,0,0,0,1,1,1,0.010971307288855314
"[0, 1, 0, 0, 0, 0, 0, 1, 1, 0, 0, 0, 0, 0, 0, 0, 0, 0, 0, 0, 0]",82,40,670,570,0,0,0,0,0,20,0,0,0,0,1,1,1,0.003168777097016573
"[0, 1, 0, 0, 0, 0, 0, 1, 0, 1, 0, 0, 0, 0, 0, 0, 0, 0, 0, 0, 0]",82,40,670,570,0,0,0,0,0,20,0,0,0,0,1,1,1,0.0024554231204092503
"[0, 1, 0, 0, 0, 0, 0, 1, 0, 0, 1, 0, 0, 0, 0, 0, 0, 0, 0, 0, 0]",82,40,670,570,0,0,0,0,0,20,0,0,0,0,1,1,1,0.0024830149486660957
"[0, 1, 0, 0, 0, 0, 0, 1, 0, 0, 0, 1, 0, 0, 0, 0, 0, 0, 0, 0, 0]",82,40,670,570,0,0,0,0,0,20,0,0,0,0,1,1,1,0.002492142841219902
"[0, 1, 0, 0, 0, 0, 0, 1, 0, 0, 0, 0, 1, 0, 0, 0, 0, 0, 0, 0, 0]",82,40,670,570,0,0,0,0,0,20,0,0,0,0,1,1,1,1.6828069938346744
"[0, 1, 0, 0, 0, 0, 0, 1, 0, 0, 0, 0, 0, 1, 0, 0, 0, 0, 0, 0, 0]",82,40,670,570,0,0,0,0,0,20,0,0,0,0,1,1,1,0.0027321940287947655
"[0, 1, 0, 0, 0, 0, 0, 1, 0, 0, 0, 0, 0, 0, 1, 0, 0, 0, 0, 0, 0]",82,40,670,570,0,0,0,0,0,20,0,0,0,0,1,1,1,0.0030309967696666718
"[0, 1, 0, 0, 0, 0, 0, 1, 0, 0, 0, 0, 0, 0, 0, 1, 0, 0, 0, 0, 0]",82,40,670,570,0,0,0,0,0,20,0,0,0,0,1,1,1,0.0024548121728003025
"[0, 1, 0, 0, 0, 0, 0, 1, 0, 0, 0, 0, 0, 0, 0, 0, 1, 0, 0, 0, 0]",82,40,670,570,0,0,0,0,0,20,0,0,0,0,1,1,1,0.002489777747541666
"[0, 1, 0, 0, 0, 0, 0, 1, 0, 0, 0, 0, 0, 0, 0, 0, 0, 1, 0, 0, 0]",82,40,670,570,0,0,0,0,0,20,0,0,0,0,1,1,1,0.0025132321752607822
"[0, 1, 0, 0, 0, 0, 0, 1, 0, 0, 0, 0, 0, 0, 0, 0, 0, 0, 1, 0, 0]",82,40,670,570,0,0,0,0,0,20,0,0,0,0,1,1,1,0.002485449891537428
"[0, 1, 0, 0, 0, 0, 0, 1, 0, 0, 0, 0, 0, 0, 0, 0, 0, 0, 0, 1, 0]",82,40,670,570,0,0,0,0,0,20,0,0,0,0,1,1,1,0.002483826130628586
"[0, 1, 0, 0, 0, 0, 0, 1, 0, 0, 0, 0, 0, 0, 0, 0, 0, 0, 0, 0, 1]",82,40,670,570,0,0,0,0,0,20,0,0,0,0,1,1,1,0.003852312918752432
"[0, 1, 0, 0, 0, 0, 0, 0, 1, 1, 0, 0, 0, 0, 0, 0, 0, 0, 0, 0, 0]",82,40,670,570,0,0,0,0,0,20,0,0,0,0,1,1,1,0.0017276429571211338
"[0, 1, 0, 0, 0, 0, 0, 0, 1, 0, 1, 0, 0, 0, 0, 0, 0, 0, 0, 0, 0]",82,40,670,570,0,0,0,0,0,20,0,0,0,0,1,1,1,0.001773359254002571
"[0, 1, 0, 0, 0, 0, 0, 0, 1, 0, 0, 1, 0, 0, 0, 0, 0, 0, 0, 0, 0]",82,40,670,570,0,0,0,0,0,20,0,0,0,0,1,1,1,0.0017662947066128254
"[0, 1, 0, 0, 0, 0, 0, 0, 1, 0, 0, 0, 1, 0, 0, 0, 0, 0, 0, 0, 0]",82,40,670,570,0,0,0,0,0,20,0,0,0,0,1,1,1,1.701672175899148
"[0, 1, 0, 0, 0, 0, 0, 0, 1, 0, 0, 0, 0, 1, 0, 0, 0, 0, 0, 0, 0]",82,40,670,570,0,0,0,0,0,20,0,0,0,0,1,1,1,0.0020022899843752384
"[0, 1, 0, 0, 0, 0, 0, 0, 1, 0, 0, 0, 0, 0, 1, 0, 0, 0, 0, 0, 0]",82,40,670,570,0,0,0,0,0,20,0,0,0,0,1,1,1,0.0023168218322098255
"[0, 1, 0, 0, 0, 0, 0, 0, 1, 0, 0, 0, 0, 0, 0, 1, 0, 0, 0, 0, 0]",82,40,670,570,0,0,0,0,0,20,0,0,0,0,1,1,1,0.0017803609371185303
"[0, 1, 0, 0, 0, 0, 0, 0, 1, 0, 0, 0, 0, 0, 0, 0, 1, 0, 0, 0, 0]",82,40,670,570,0,0,0,0,0,20,0,0,0,0,1,1,1,0.0017678490839898586
"[0, 1, 0, 0, 0, 0, 0, 0, 1, 0, 0, 0, 0, 0, 0, 0, 0, 1, 0, 0, 0]",82,40,670,570,0,0,0,0,0,20,0,0,0,0,1,1,1,0.0017695818096399307
"[0, 1, 0, 0, 0, 0, 0, 0, 1, 0, 0, 0, 0, 0, 0, 0, 0, 0, 1, 0, 0]",82,40,670,570,0,0,0,0,0,20,0,0,0,0,1,1,1,0.0017668269574642181
"[0, 1, 0, 0, 0, 0, 0, 0, 1, 0, 0, 0, 0, 0, 0, 0, 0, 0, 0, 1, 0]",82,40,670,570,0,0,0,0,0,20,0,0,0,0,1,1,1,0.0017236950807273388
"[0, 1, 0, 0, 0, 0, 0, 0, 1, 0, 0, 0, 0, 0, 0, 0, 0, 0, 0, 0, 1]",82,40,670,570,0,0,0,0,0,20,0,0,0,0,1,1,1,0.0029668258503079414
"[0, 1, 0, 0, 0, 0, 0, 0, 0, 1, 1, 0, 0, 0, 0, 0, 0, 0, 0, 0, 0]",82,40,670,570,0,0,0,0,0,20,0,0,0,0,1,1,1,0.001012065913528204
"[0, 1, 0, 0, 0, 0, 0, 0, 0, 1, 0, 1, 0, 0, 0, 0, 0, 0, 0, 0, 0]",82,40,670,570,0,0,0,0,0,20,0,0,0,0,1,1,1,0.0009648269042372704
"[0, 1, 0, 0, 0, 0, 0, 0, 0, 1, 0, 0, 1, 0, 0, 0, 0, 0, 0, 0, 0]",82,40,670,570,0,0,0,0,0,20,0,0,0,0,1,1,1,1.6832960806787014
"[0, 1, 0, 0, 0, 0, 0, 0, 0, 1, 0, 0, 0, 1, 0, 0, 0, 0, 0, 0, 0]",82,40,670,570,0,0,0,0,0,20,0,0,0,0,1,1,1,0.0011763451620936394
"[0, 1, 0, 0, 0, 0, 0, 0, 0, 1, 0, 0, 0, 0, 1, 0, 0, 0, 0, 0, 0]",82,40,670,570,0,0,0,0,0,20,0,0,0,0,1,1,1,0.0014507011510431767
"[0, 1, 0, 0, 0, 0, 0, 0, 0, 1, 0, 0, 0, 0, 0, 1, 0, 0, 0, 0, 0]",82,40,670,570,0,0,0,0,0,20,0,0,0,0,1,1,1,0.0009702271781861782
"[0, 1, 0, 0, 0, 0, 0, 0, 0, 1, 0, 0, 0, 0, 0, 0, 1, 0, 0, 0, 0]",82,40,670,570,0,0,0,0,0,20,0,0,0,0,1,1,1,0.0009433156810700893
"[0, 1, 0, 0, 0, 0, 0, 0, 0, 1, 0, 0, 0, 0, 0, 0, 0, 1, 0, 0, 0]",82,40,670,570,0,0,0,0,0,20,0,0,0,0,1,1,1,0.000958545133471489
"[0, 1, 0, 0, 0, 0, 0, 0, 0, 1, 0, 0, 0, 0, 0, 0, 0, 0, 1, 0, 0]",82,40,670,570,0,0,0,0,0,20,0,0,0,0,1,1,1,0.0010010949335992336
"[0, 1, 0, 0, 0, 0, 0, 0, 0, 1, 0, 0, 0, 0, 0, 0, 0, 0, 0, 1, 0]",82,40,670,570,0,0,0,0,0,20,0,0,0,0,1,1,1,0.0009319339878857136
"[0, 1, 0, 0, 0, 0, 0, 0, 0, 1, 0, 0, 0, 0, 0, 0, 0, 0, 0, 0, 1]",82,40,670,570,0,0,0,0,0,20,0,0,0,0,1,1,1,0.00214711157605052
"[0, 1, 0, 0, 0, 0, 0, 0, 0, 0, 1, 1, 0, 0, 0, 0, 0, 0, 0, 0, 0]",82,40,670,570,0,0,0,0,0,20,0,0,0,0,1,1,1,0.0010128566063940525
"[0, 1, 0, 0, 0, 0, 0, 0, 0, 0, 1, 0, 1, 0, 0, 0, 0, 0, 0, 0, 0]",82,40,670,570,0,0,0,0,0,20,0,0,0,0,1,1,1,1.6739546270109713
"[0, 1, 0, 0, 0, 0, 0, 0, 0, 0, 1, 0, 0, 1, 0, 0, 0, 0, 0, 0, 0]",82,40,670,570,0,0,0,0,0,20,0,0,0,0,1,1,1,0.0012262188829481602
"[0, 1, 0, 0, 0, 0, 0, 0, 0, 0, 1, 0, 0, 0, 1, 0, 0, 0, 0, 0, 0]",82,40,670,570,0,0,0,0,0,20,0,0,0,0,1,1,1,0.0016396879218518734
"[0, 1, 0, 0, 0, 0, 0, 0, 0, 0, 1, 0, 0, 0, 0, 1, 0, 0, 0, 0, 0]",82,40,670,570,0,0,0,0,0,20,0,0,0,0,1,1,1,0.0010129082947969437
"[0, 1, 0, 0, 0, 0, 0, 0, 0, 0, 1, 0, 0, 0, 0, 0, 1, 0, 0, 0, 0]",82,40,670,570,0,0,0,0,0,20,0,0,0,0,1,1,1,0.0010176659561693668
"[0, 1, 0, 0, 0, 0, 0, 0, 0, 0, 1, 0, 0, 0, 0, 0, 0, 1, 0, 0, 0]",82,40,670,570,0,0,0,0,0,20,0,0,0,0,1,1,1,0.0010454589501023293
"[0, 1, 0, 0, 0, 0, 0, 0, 0, 0, 1, 0, 0, 0, 0, 0, 0, 0, 1, 0, 0]",82,40,670,570,0,0,0,0,0,20,0,0,0,0,1,1,1,0.0010518510825932026
"[0, 1, 0, 0, 0, 0, 0, 0, 0, 0, 1, 0, 0, 0, 0, 0, 0, 0, 0, 1, 0]",82,40,670,570,0,0,0,0,0,20,0,0,0,0,1,1,1,0.0010055331513285637
"[0, 1, 0, 0, 0, 0, 0, 0, 0, 0, 1, 0, 0, 0, 0, 0, 0, 0, 0, 0, 1]",82,40,670,570,0,0,0,0,0,20,0,0,0,0,1,1,1,0.002203619107604027
"[0, 1, 0, 0, 0, 0, 0, 0, 0, 0, 0, 1, 1, 0, 0, 0, 0, 0, 0, 0, 0]",82,40,670,570,0,0,0,0,0,20,0,0,0,0,1,1,1,1.6712156450375915
"[0, 1, 0, 0, 0, 0, 0, 0, 0, 0, 0, 1, 0, 1, 0, 0, 0, 0, 0, 0, 0]",82,40,670,570,0,0,0,0,0,20,0,0,0,0,1,1,1,0.001232219859957695
"[0, 1, 0, 0, 0, 0, 0, 0, 0, 0, 0, 1, 0, 0, 1, 0, 0, 0, 0, 0, 0]",82,40,670,570,0,0,0,0,0,20,0,0,0,0,1,1,1,0.0015549170784652233
"[0, 1, 0, 0, 0, 0, 0, 0, 0, 0, 0, 1, 0, 0, 0, 1, 0, 0, 0, 0, 0]",82,40,670,570,0,0,0,0,0,20,0,0,0,0,1,1,1,0.0010099317878484726
"[0, 1, 0, 0, 0, 0, 0, 0, 0, 0, 0, 1, 0, 0, 0, 0, 1, 0, 0, 0, 0]",82,40,670,570,0,0,0,0,0,20,0,0,0,0,1,1,1,0.0009985999204218388
"[0, 1, 0, 0, 0, 0, 0, 0, 0, 0, 0, 1, 0, 0, 0, 0, 0, 1, 0, 0, 0]",82,40,670,570,0,0,0,0,0,20,0,0,0,0,1,1,1,0.001002598088234663
"[0, 1, 0, 0, 0, 0, 0, 0, 0, 0, 0, 1, 0, 0, 0, 0, 0, 0, 1, 0, 0]",82,40,670,570,0,0,0,0,0,20,0,0,0,0,1,1,1,0.0010154224000871181
"[0, 1, 0, 0, 0, 0, 0, 0, 0, 0, 0, 1, 0, 0, 0, 0, 0, 0, 0, 1, 0]",82,40,670,570,0,0,0,0,0,20,0,0,0,0,1,1,1,0.000984163023531437
"[0, 1, 0, 0, 0, 0, 0, 0, 0, 0, 0, 1, 0, 0, 0, 0, 0, 0, 0, 0, 1]",82,40,670,570,0,0,0,0,0,20,0,0,0,0,1,1,1,0.0021871780045330524
"[0, 1, 0, 0, 0, 0, 0, 0, 0, 0, 0, 0, 1, 1, 0, 0, 0, 0, 0, 0, 0]",82,40,670,570,0,0,0,0,0,20,0,0,0,0,1,1,1,1.671624958049506
"[0, 1, 0, 0, 0, 0, 0, 0, 0, 0, 0, 0, 1, 0, 1, 0, 0, 0, 0, 0, 0]",82,40,670,570,0,0,0,0,0,20,0,0,0,0,1,1,1,1.6632501250132918
"[0, 1, 0, 0, 0, 0, 0, 0, 0, 0, 0, 0, 1, 0, 0, 1, 0, 0, 0, 0, 0]",82,40,670,570,0,0,0,0,0,20,0,0,0,0,1,1,1,1.6563475341536105
"[0, 1, 0, 0, 0, 0, 0, 0, 0, 0, 0, 0, 1, 0, 0, 0, 1, 0, 0, 0, 0]",82,40,670,570,0,0,0,0,0,20,0,0,0,0,1,1,1,1.6596307689324021
"[0, 1, 0, 0, 0, 0, 0, 0, 0, 0, 0, 0, 1, 0, 0, 0, 0, 1, 0, 0, 0]",82,40,670,570,0,0,0,0,0,20,0,0,0,0,1,1,1,1.6727095269598067
"[0, 1, 0, 0, 0, 0, 0, 0, 0, 0, 0, 0, 1, 0, 0, 0, 0, 0, 1, 0, 0]",82,40,670,570,0,0,0,0,0,20,0,0,0,0,1,1,1,1.6645378260873258
"[0, 1, 0, 0, 0, 0, 0, 0, 0, 0, 0, 0, 1, 0, 0, 0, 0, 0, 0, 1, 0]",82,40,670,570,0,0,0,0,0,20,0,0,0,0,1,1,1,1.6632249089889228
"[0, 1, 0, 0, 0, 0, 0, 0, 0, 0, 0, 0, 1, 0, 0, 0, 0, 0, 0, 0, 1]",82,40,670,570,0,0,0,0,0,20,0,0,0,0,1,1,1,1.7329776990227401
"[0, 1, 0, 0, 0, 0, 0, 0, 0, 0, 0, 0, 0, 1, 1, 0, 0, 0, 0, 0, 0]",82,40,670,570,0,0,0,0,0,20,0,0,0,0,1,1,1,0.0015646959654986858
"[0, 1, 0, 0, 0, 0, 0, 0, 0, 0, 0, 0, 0, 1, 0, 1, 0, 0, 0, 0, 0]",82,40,670,570,0,0,0,0,0,20,0,0,0,0,1,1,1,0.0011025061830878258
"[0, 1, 0, 0, 0, 0, 0, 0, 0, 0, 0, 0, 0, 1, 0, 0, 1, 0, 0, 0, 0]",82,40,670,570,0,0,0,0,0,20,0,0,0,0,1,1,1,0.0010932977311313152
"[0, 1, 0, 0, 0, 0, 0, 0, 0, 0, 0, 0, 0, 1, 0, 0, 0, 1, 0, 0, 0]",82,40,670,570,0,0,0,0,0,20,0,0,0,0,1,1,1,0.001078920904546976
"[0, 1, 0, 0, 0, 0, 0, 0, 0, 0, 0, 0, 0, 1, 0, 0, 0, 0, 1, 0, 0]",82,40,670,570,0,0,0,0,0,20,0,0,0,0,1,1,1,0.0010970248840749264
"[0, 1, 0, 0, 0, 0, 0, 0, 0, 0, 0, 0, 0, 1, 0, 0, 0, 0, 0, 1, 0]",82,40,670,570,0,0,0,0,0,20,0,0,0,0,1,1,1,0.00108416099101305
"[0, 1, 0, 0, 0, 0, 0, 0, 0, 0, 0, 0, 0, 1, 0, 0, 0, 0, 0, 0, 1]",82,40,670,570,0,0,0,0,0,20,0,0,0,0,1,1,1,0.002278530038893223
"[0, 1, 0, 0, 0, 0, 0, 0, 0, 0, 0, 0, 0, 0, 1, 1, 0, 0, 0, 0, 0]",82,40,670,570,0,0,0,0,0,20,0,0,0,0,1,1,1,0.001422748900949955
"[0, 1, 0, 0, 0, 0, 0, 0, 0, 0, 0, 0, 0, 0, 1, 0, 1, 0, 0, 0, 0]",82,40,670,570,0,0,0,0,0,20,0,0,0,0,1,1,1,0.0014098049141466618
"[0, 1, 0, 0, 0, 0, 0, 0, 0, 0, 0, 0, 0, 0, 1, 0, 0, 1, 0, 0, 0]",82,40,670,570,0,0,0,0,0,20,0,0,0,0,1,1,1,0.0014186613261699677
"[0, 1, 0, 0, 0, 0, 0, 0, 0, 0, 0, 0, 0, 0, 1, 0, 0, 0, 1, 0, 0]",82,40,670,570,0,0,0,0,0,20,0,0,0,0,1,1,1,0.0014102957211434841
"[0, 1, 0, 0, 0, 0, 0, 0, 0, 0, 0, 0, 0, 0, 1, 0, 0, 0, 0, 1, 0]",82,40,670,570,0,0,0,0,0,20,0,0,0,0,1,1,1,0.0014038728550076485
"[0, 1, 0, 0, 0, 0, 0, 0, 0, 0, 0, 0, 0, 0, 1, 0, 0, 0, 0, 0, 1]",82,40,670,570,0,0,0,0,0,20,0,0,0,0,1,1,1,0.0026097032241523266
"[0, 1, 0, 0, 0, 0, 0, 0, 0, 0, 0, 0, 0, 0, 0, 1, 1, 0, 0, 0, 0]",82,40,670,570,0,0,0,0,0,20,0,0,0,0,1,1,1,0.0010077371262013912
"[0, 1, 0, 0, 0, 0, 0, 0, 0, 0, 0, 0, 0, 0, 0, 1, 0, 1, 0, 0, 0]",82,40,670,570,0,0,0,0,0,20,0,0,0,0,1,1,1,0.0009974967688322067
"[0, 1, 0, 0, 0, 0, 0, 0, 0, 0, 0, 0, 0, 0, 0, 1, 0, 0, 1, 0, 0]",82,40,670,570,0,0,0,0,0,20,0,0,0,0,1,1,1,0.0010184780694544315
"[0, 1, 0, 0, 0, 0, 0, 0, 0, 0, 0, 0, 0, 0, 0, 1, 0, 0, 0, 1, 0]",82,40,670,570,0,0,0,0,0,20,0,0,0,0,1,1,1,0.0009844829328358173
"[0, 1, 0, 0, 0, 0, 0, 0, 0, 0, 0, 0, 0, 0, 0, 1, 0, 0, 0, 0, 1]",82,40,670,570,0,0,0,0,0,20,0,0,0,0,1,1,1,0.0021835919469594955
"[0, 1, 0, 0, 0, 0, 0, 0, 0, 0, 0, 0, 0, 0, 0, 0, 1, 1, 0, 0, 0]",82,40,670,570,0,0,0,0,0,20,0,0,0,0,1,1,1,0.0009778710082173347
"[0, 1, 0, 0, 0, 0, 0, 0, 0, 0, 0, 0, 0, 0, 0, 0, 1, 0, 1, 0, 0]",82,40,670,570,0,0,0,0,0,20,0,0,0,0,1,1,1,0.0010008751414716244
"[0, 1, 0, 0, 0, 0, 0, 0, 0, 0, 0, 0, 0, 0, 0, 0, 1, 0, 0, 1, 0]",82,40,670,570,0,0,0,0,0,20,0,0,0,0,1,1,1,0.0009757480584084988
"[0, 1, 0, 0, 0, 0, 0, 0, 0, 0, 0, 0, 0, 0, 0, 0, 1, 0, 0, 0, 1]",82,40,670,570,0,0,0,0,0,20,0,0,0,0,1,1,1,0.0022444562055170536
"[0, 1, 0, 0, 0, 0, 0, 0, 0, 0, 0, 0, 0, 0, 0, 0, 0, 1, 1, 0, 0]",82,40,670,570,0,0,0,0,0,20,0,0,0,0,1,1,1,0.001028446014970541
"[0, 1, 0, 0, 0, 0, 0, 0, 0, 0, 0, 0, 0, 0, 0, 0, 0, 1, 0, 1, 0]",82,40,670,570,0,0,0,0,0,20,0,0,0,0,1,1,1,0.000991396140307188
"[0, 1, 0, 0, 0, 0, 0, 0, 0, 0, 0, 0, 0, 0, 0, 0, 0, 1, 0, 0, 1]",82,40,670,570,0,0,0,0,0,20,0,0,0,0,1,1,1,0.0021853740327060223
"[0, 1, 0, 0, 0, 0, 0, 0, 0, 0, 0, 0, 0, 0, 0, 0, 0, 0, 1, 1, 0]",82,40,670,570,0,0,0,0,0,20,0,0,0,0,1,1,1,0.001035188790410757
"[0, 1, 0, 0, 0, 0, 0, 0, 0, 0, 0, 0, 0, 0, 0, 0, 0, 0, 1, 0, 1]",82,40,670,570,0,0,0,0,0,20,0,0,0,0,1,1,1,0.0022377329878509045
"[0, 1, 0, 0, 0, 0, 0, 0, 0, 0, 0, 0, 0, 0, 0, 0, 0, 0, 0, 1, 1]",82,40,670,570,0,0,0,0,0,20,0,0,0,0,1,1,1,0.0022088689729571342
"[0, 0, 1, 1, 1, 0, 0, 0, 0, 0, 0, 0, 0, 0, 0, 0, 0, 0, 0, 0, 0]",102,40,1070,570,0,0,0,0,0,20,0,0,0,0,1,1,1,0.006430758163332939
"[0, 0, 1, 1, 0, 1, 0, 0, 0, 0, 0, 0, 0, 0, 0, 0, 0, 0, 0, 0, 0]",28,40,503,0,0,0,0,0,0,20,0,0,0,0,1,1,1,0.009224377106875181
"[0, 0, 1, 1, 0, 0, 1, 0, 0, 0, 0, 0, 0, 0, 0, 0, 0, 0, 0, 0, 0]",28,40,503,0,0,0,0,0,0,20,0,0,0,0,1,1,1,0.01241233991459012
"[0, 0, 1, 1, 0, 0, 0, 1, 0, 0, 0, 0, 0, 0, 0, 0, 0, 0, 0, 0, 0]",102,40,1070,570,0,0,0,0,0,20,0,0,0,0,1,1,1,0.002995810005813837
"[0, 0, 1, 1, 0, 0, 0, 0, 1, 0, 0, 0, 0, 0, 0, 0, 0, 0, 0, 0, 0]",98,40,987,570,0,0,0,0,0,20,0,0,0,0,1,1,1,0.0024984139017760754
"[0, 0, 1, 1, 0, 0, 0, 0, 0, 1, 0, 0, 0, 0, 0, 0, 0, 0, 0, 0, 0]",102,40,1070,570,0,0,0,0,0,20,0,0,0,0,1,1,1,0.0013036453165113926
"[0, 0, 1, 1, 0, 0, 0, 0, 0, 0, 1, 0, 0, 0, 0, 0, 0, 0, 0, 0, 0]",102,40,1070,570,0,0,0,0,0,20,0,0,0,0,1,1,1,0.001379556953907013
"[0, 0, 1, 1, 0, 0, 0, 0, 0, 0, 0, 1, 0, 0, 0, 0, 0, 0, 0, 0, 0]",102,40,1070,570,0,0,0,0,0,20,0,0,0,0,1,1,1,0.0016765561886131763
"[0, 0, 1, 1, 0, 0, 0, 0, 0, 0, 0, 0, 1, 0, 0, 0, 0, 0, 0, 0, 0]",101,40,1050,570,0,0,0,0,0,20,0,0,0,0,1,1,1,2.2855599308386445
"[0, 0, 1, 1, 0, 0, 0, 0, 0, 0, 0, 0, 0, 1, 0, 0, 0, 0, 0, 0, 0]",102,40,1070,570,0,0,0,0,0,20,0,0,0,0,1,1,1,0.001474136020988226
"[0, 0, 1, 1, 0, 0, 0, 0, 0, 0, 0, 0, 0, 0, 1, 0, 0, 0, 0, 0, 0]",102,40,1070,570,0,0,0,0,0,20,0,0,0,0,1,1,1,0.002152882982045412
"[0, 0, 1, 1, 0, 0, 0, 0, 0, 0, 0, 0, 0, 0, 0, 1, 0, 0, 0, 0, 0]",102,40,1070,570,0,0,0,0,0,20,0,0,0,0,1,1,1,0.0011715861037373543
"[0, 0, 1, 1, 0, 0, 0, 0, 0, 0, 0, 0, 0, 0, 0, 0, 1, 0, 0, 0, 0]",102,40,1070,570,0,0,0,0,0,20,0,0,0,0,1,1,1,0.0012896382249891758
"[0, 0, 1, 1, 0, 0, 0, 0, 0, 0, 0, 0, 0, 0, 0, 0, 0, 1, 0, 0, 0]",102,40,1070,570,0,0,0,0,0,20,0,0,0,0,1,1,1,0.0012607742100954056
"[0, 0, 1, 1, 0, 0, 0, 0, 0, 0, 0, 0, 0, 0, 0, 0, 0, 0, 1, 0, 0]",98,40,990,570,0,0,0,0,0,20,0,0,0,0,1,1,1,0.0013815308921039104
"[0, 0, 1, 1, 0, 0, 0, 0, 0, 0, 0, 0, 0, 0, 0, 0, 0, 0, 0, 1, 0]",102,40,1070,570,0,0,0,0,0,20,0,0,0,0,1,1,1,0.0012462669983506203
"[0, 0, 1, 1, 0, 0, 0, 0, 0, 0, 0, 0, 0, 0, 0, 0, 0, 0, 0, 0, 1]",102,40,1070,570,0,0,0,0,0,20,0,0,0,0,1,1,1,0.0036331298761069775
"[0, 0, 1, 0, 1, 1, 0, 0, 0, 0, 0, 0, 0, 0, 0, 0, 0, 0, 0, 0, 0]",28,40,503,0,0,0,0,0,0,20,0,0,0,0,1,1,1,0.013749446254223585
"[0, 0, 1, 0, 1, 0, 1, 0, 0, 0, 0, 0, 0, 0, 0, 0, 0, 0, 0, 0, 0]",28,40,503,0,0,0,0,0,0,20,0,0,0,0,1,1,1,0.016710391733795404
"[0, 0, 1, 0, 1, 0, 0, 1, 0, 0, 0, 0, 0, 0, 0, 0, 0, 0, 0, 0, 0]",102,40,1070,570,0,0,0,0,0,20,0,0,0,0,1,1,1,0.007510350085794926
"[0, 0, 1, 0, 1, 0, 0, 0, 1, 0, 0, 0, 0, 0, 0, 0, 0, 0, 0, 0, 0]",98,40,987,570,0,0,0,0,0,20,0,0,0,0,1,1,1,0.006651734001934528
"[0, 0, 1, 0, 1, 0, 0, 0, 0, 1, 0, 0, 0, 0, 0, 0, 0, 0, 0, 0, 0]",102,40,1070,570,0,0,0,0,0,20,0,0,0,0,1,1,1,0.005639668088406324
"[0, 0, 1, 0, 1, 0, 0, 0, 0, 0, 1, 0, 0, 0, 0, 0, 0, 0, 0, 0, 0]",102,40,1070,570,0,0,0,0,0,20,0,0,0,0,1,1,1,0.0056997910141944885
"[0, 0, 1, 0, 1, 0, 0, 0, 0, 0, 0, 1, 0, 0, 0, 0, 0, 0, 0, 0, 0]",102,40,1070,570,0,0,0,0,0,20,0,0,0,0,1,1,1,0.005698017776012421
"[0, 0, 1, 0, 1, 0, 0, 0, 0, 0, 0, 0, 1, 0, 0, 0, 0, 0, 0, 0, 0]",101,40,1050,570,0,0,0,0,0,20,0,0,0,0,1,1,1,2.2921628821641207
"[0, 0, 1, 0, 1, 0, 0, 0, 0, 0, 0, 0, 0, 1, 0, 0, 0, 0, 0, 0, 0]",102,40,1070,570,0,0,0,0,0,20,0,0,0,0,1,1,1,0.005888084881007671
"[0, 0, 1, 0, 1, 0, 0, 0, 0, 0, 0, 0, 0, 0, 1, 0, 0, 0, 0, 0, 0]",102,40,1070,570,0,0,0,0,0,20,0,0,0,0,1,1,1,0.006586320232599974
"[0, 0, 1, 0, 1, 0, 0, 0, 0, 0, 0, 0, 0, 0, 0, 1, 0, 0, 0, 0, 0]",102,40,1070,570,0,0,0,0,0,20,0,0,0,0,1,1,1,0.005498331971466541
"[0, 0, 1, 0, 1, 0, 0, 0, 0, 0, 0, 0, 0, 0, 0, 0, 1, 0, 0, 0, 0]",102,40,1070,570,0,0,0,0,0,20,0,0,0,0,1,1,1,0.005695142317563295
"[0, 0, 1, 0, 1, 0, 0, 0, 0, 0, 0, 0, 0, 0, 0, 0, 0, 1, 0, 0, 0]",102,40,1070,570,0,0,0,0,0,20,0,0,0,0,1,1,1,0.005632024258375168
"[0, 0, 1, 0, 1, 0, 0, 0, 0, 0, 0, 0, 0, 0, 0, 0, 0, 0, 1, 0, 0]",98,40,990,570,0,0,0,0,0,20,0,0,0,0,1,1,1,0.005748653784394264
"[0, 0, 1, 0, 1, 0, 0, 0, 0, 0, 0, 0, 0, 0, 0, 0, 0, 0, 0, 1, 0]",102,40,1070,570,0,0,0,0,0,20,0,0,0,0,1,1,1,0.0056351302191615105
"[0, 0, 1, 0, 1, 0, 0, 0, 0, 0, 0, 0, 0, 0, 0, 0, 0, 0, 0, 0, 1]",102,40,1070,570,0,0,0,0,0,20,0,0,0,0,1,1,1,0.007678054738789797
"[0, 0, 1, 0, 0, 1, 1, 0, 0, 0, 0, 0, 0, 0, 0, 0, 0, 0, 0, 0, 0]",28,40,503,0,0,0,0,0,0,20,0,0,0,0,1,1,1,0.011057719122618437
"[0, 0, 1, 0, 0, 1, 0, 1, 0, 0, 0, 0, 0, 0, 0, 0, 0, 0, 0, 0, 0]",28,40,503,0,0,0,0,0,0,20,0,0,0,0,1,1,1,0.009139415808022022
"[0, 0, 1, 0, 0, 1, 0, 0, 1, 0, 0, 0, 0, 0, 0, 0, 0, 0, 0, 0, 0]",24,40,423,0,0,0,0,0,0,20,0,0,0,0,1,1,1,0.009044228121638298
"[0, 0, 1, 0, 0, 1, 0, 0, 0, 1, 0, 0, 0, 0, 0, 0, 0, 0, 0, 0, 0]",28,40,503,0,0,0,0,0,0,20,0,0,0,0,1,1,1,0.00869243498891592
"[0, 0, 1, 0, 0, 1, 0, 0, 0, 0, 1, 0, 0, 0, 0, 0, 0, 0, 0, 0, 0]",28,40,503,0,0,0,0,0,0,20,0,0,0,0,1,1,1,0.00900139706209302
"[0, 0, 1, 0, 0, 1, 0, 0, 0, 0, 0, 1, 0, 0, 0, 0, 0, 0, 0, 0, 0]",28,40,503,0,0,0,0,0,0,20,0,0,0,0,1,1,1,0.008720328100025654
"[0, 0, 1, 0, 0, 1, 0, 0, 0, 0, 0, 0, 1, 0, 0, 0, 0, 0, 0, 0, 0]",27,40,483,0,0,0,0,0,0,20,0,0,0,0,1,1,1,0.213512206915766
"[0, 0, 1, 0, 0, 1, 0, 0, 0, 0, 0, 0, 0, 1, 0, 0, 0, 0, 0, 0, 0]",28,40,503,0,0,0,0,0,0,20,0,0,0,0,1,1,1,0.00901737716048956
"[0, 0, 1, 0, 0, 1, 0, 0, 0, 0, 0, 0, 0, 0, 1, 0, 0, 0, 0, 0, 0]",28,40,503,0,0,0,0,0,0,20,0,0,0,0,1,1,1,0.009249465074390173
"[0, 0, 1, 0, 0, 1, 0, 0, 0, 0, 0, 0, 0, 0, 0, 1, 0, 0, 0, 0, 0]",28,40,503,0,0,0,0,0,0,20,0,0,0,0,1,1,1,0.008801511023193598
"[0, 0, 1, 0, 0, 1, 0, 0, 0, 0, 0, 0, 0, 0, 0, 0, 1, 0, 0, 0, 0]",28,40,503,0,0,0,0,0,0,20,0,0,0,0,1,1,1,0.008661116007715464
"[0, 0, 1, 0, 0, 1, 0, 0, 0, 0, 0, 0, 0, 0, 0, 0, 0, 1, 0, 0, 0]",28,40,503,0,0,0,0,0,0,20,0,0,0,0,1,1,1,0.008698076009750366
"[0, 0, 1, 0, 0, 1, 0, 0, 0, 0, 0, 0, 0, 0, 0, 0, 0, 0, 1, 0, 0]",24,40,423,0,0,0,0,0,0,20,0,0,0,0,1,1,1,0.008763839956372976
"[0, 0, 1, 0, 0, 1, 0, 0, 0, 0, 0, 0, 0, 0, 0, 0, 0, 0, 0, 1, 0]",28,40,503,0,0,0,0,0,0,20,0,0,0,0,1,1,1,0.008916116785258055
"[0, 0, 1, 0, 0, 1, 0, 0, 0, 0, 0, 0, 0, 0, 0, 0, 0, 0, 0, 0, 1]",28,40,503,0,0,0,0,0,0,20,0,0,0,0,1,1,1,0.00966690108180046
"[0, 0, 1, 0, 0, 0, 1, 1, 0, 0, 0, 0, 0, 0, 0, 0, 0, 0, 0, 0, 0]",28,40,503,0,0,0,0,0,0,20,0,0,0,0,1,1,1,0.012322350405156612
"[0, 0, 1, 0, 0, 0, 1, 0, 1, 0, 0, 0, 0, 0, 0, 0, 0, 0, 0, 0, 0]",24,40,423,0,0,0,0,0,0,20,0,0,0,0,1,1,1,0.012247899081557989
"[0, 0, 1, 0, 0, 0, 1, 0, 0, 1, 0, 0, 0, 0, 0, 0, 0, 0, 0, 0, 0]",28,40,503,0,0,0,0,0,0,20,0,0,0,0,1,1,1,0.011868725065141916
"[0, 0, 1, 0, 0, 0, 1, 0, 0, 0, 1, 0, 0, 0, 0, 0, 0, 0, 0, 0, 0]",28,40,503,0,0,0,0,0,0,20,0,0,0,0,1,1,1,0.012001425959169865
"[0, 0, 1, 0, 0, 0, 1, 0, 0, 0, 0, 1, 0, 0, 0, 0, 0, 0, 0, 0, 0]",28,40,503,0,0,0,0,0,0,20,0,0,0,0,1,1,1,0.011952162254601717
"[0, 0, 1, 0, 0, 0, 1, 0, 0, 0, 0, 0, 1, 0, 0, 0, 0, 0, 0, 0, 0]",27,40,483,0,0,0,0,0,0,20,0,0,0,0,1,1,1,0.21774223120883107
"[0, 0, 1, 0, 0, 0, 1, 0, 0, 0, 0, 0, 0, 1, 0, 0, 0, 0, 0, 0, 0]",28,40,503,0,0,0,0,0,0,20,0,0,0,0,1,1,1,0.012140848208218813
"[0, 0, 1, 0, 0, 0, 1, 0, 0, 0, 0, 0, 0, 0, 1, 0, 0, 0, 0, 0, 0]",28,40,503,0,0,0,0,0,0,20,0,0,0,0,1,1,1,0.01239433465525508
"[0, 0, 1, 0, 0, 0, 1, 0, 0, 0, 0, 0, 0, 0, 0, 1, 0, 0, 0, 0, 0]",28,40,503,0,0,0,0,0,0,20,0,0,0,0,1,1,1,0.011845692060887814
"[0, 0, 1, 0, 0, 0, 1, 0, 0, 0, 0, 0, 0, 0, 0, 0, 1, 0, 0, 0, 0]",28,40,503,0,0,0,0,0,0,20,0,0,0,0,1,1,1,0.011980225797742605
"[0, 0, 1, 0, 0, 0, 1, 0, 0, 0, 0, 0, 0, 0, 0, 0, 0, 1, 0, 0, 0]",28,40,503,0,0,0,0,0,0,20,0,0,0,0,1,1,1,0.01192896906286478
"[0, 0, 1, 0, 0, 0, 1, 0, 0, 0, 0, 0, 0, 0, 0, 0, 0, 0, 1, 0, 0]",24,40,423,0,0,0,0,0,0,20,0,0,0,0,1,1,1,0.012001906055957079
"[0, 0, 1, 0, 0, 0, 1, 0, 0, 0, 0, 0, 0, 0, 0, 0, 0, 0, 0, 1, 0]",28,40,503,0,0,0,0,0,0,20,0,0,0,0,1,1,1,0.011909933760762215
"[0, 0, 1, 0, 0, 0, 1, 0, 0, 0, 0, 0, 0, 0, 0, 0, 0, 0, 0, 0, 1]",28,40,503,0,0,0,0,0,0,20,0,0,0,0,1,1,1,0.012938659638166428
"[0, 0, 1, 0, 0, 0, 0, 1, 1, 0, 0, 0, 0, 0, 0, 0, 0, 0, 0, 0, 0]",98,40,987,570,0,0,0,0,0,20,0,0,0,0,1,1,1,0.0035430006682872772
"[0, 0, 1, 0, 0, 0, 0, 1, 0, 1, 0, 0, 0, 0, 0, 0, 0, 0, 0, 0, 0]",102,40,1070,570,0,0,0,0,0,20,0,0,0,0,1,1,1,0.002913525328040123
"[0, 0, 1, 0, 0, 0, 0, 1, 0, 0, 1, 0, 0, 0, 0, 0, 0, 0, 0, 0, 0]",102,40,1070,570,0,0,0,0,0,20,0,0,0,0,1,1,1,0.00280967028811574
"[0, 0, 1, 0, 0, 0, 0, 1, 0, 0, 0, 1, 0, 0, 0, 0, 0, 0, 0, 0, 0]",102,40,1070,570,0,0,0,0,0,20,0,0,0,0,1,1,1,0.002772538922727108
"[0, 0, 1, 0, 0, 0, 0, 1, 0, 0, 0, 0, 1, 0, 0, 0, 0, 0, 0, 0, 0]",101,40,1050,570,0,0,0,0,0,20,0,0,0,0,1,1,1,2.3357534972019494
"[0, 0, 1, 0, 0, 0, 0, 1, 0, 0, 0, 0, 0, 1, 0, 0, 0, 0, 0, 0, 0]",102,40,1070,570,0,0,0,0,0,20,0,0,0,0,1,1,1,0.003037848975509405
"[0, 0, 1, 0, 0, 0, 0, 1, 0, 0, 0, 0, 0, 0, 1, 0, 0, 0, 0, 0, 0]",102,40,1070,570,0,0,0,0,0,20,0,0,0,0,1,1,1,0.003676752094179392
"[0, 0, 1, 0, 0, 0, 0, 1, 0, 0, 0, 0, 0, 0, 0, 1, 0, 0, 0, 0, 0]",102,40,1070,570,0,0,0,0,0,20,0,0,0,0,1,1,1,0.0027013756334781647
"[0, 0, 1, 0, 0, 0, 0, 1, 0, 0, 0, 0, 0, 0, 0, 0, 1, 0, 0, 0, 0]",102,40,1070,570,0,0,0,0,0,20,0,0,0,0,1,1,1,0.002840437926352024
"[0, 0, 1, 0, 0, 0, 0, 1, 0, 0, 0, 0, 0, 0, 0, 0, 0, 1, 0, 0, 0]",102,40,1070,570,0,0,0,0,0,20,0,0,0,0,1,1,1,0.0028446149080991745
"[0, 0, 1, 0, 0, 0, 0, 1, 0, 0, 0, 0, 0, 0, 0, 0, 0, 0, 1, 0, 0]",98,40,990,570,0,0,0,0,0,20,0,0,0,0,1,1,1,0.003024193923920393
"[0, 0, 1, 0, 0, 0, 0, 1, 0, 0, 0, 0, 0, 0, 0, 0, 0, 0, 0, 1, 0]",102,40,1070,570,0,0,0,0,0,20,0,0,0,0,1,1,1,0.0029892269521951675
"[0, 0, 1, 0, 0, 0, 0, 1, 0, 0, 0, 0, 0, 0, 0, 0, 0, 0, 0, 0, 1]",102,40,1070,570,0,0,0,0,0,20,0,0,0,0,1,1,1,0.005432588048279285
"[0, 0, 1, 0, 0, 0, 0, 0, 1, 1, 0, 0, 0, 0, 0, 0, 0, 0, 0, 0, 0]",98,40,987,570,0,0,0,0,0,20,0,0,0,0,1,1,1,0.001974217128008604
"[0, 0, 1, 0, 0, 0, 0, 0, 1, 0, 1, 0, 0, 0, 0, 0, 0, 0, 0, 0, 0]",98,40,987,570,0,0,0,0,0,20,0,0,0,0,1,1,1,0.0020453399047255516
"[0, 0, 1, 0, 0, 0, 0, 0, 1, 0, 0, 1, 0, 0, 0, 0, 0, 0, 0, 0, 0]",98,40,987,570,0,0,0,0,0,20,0,0,0,0,1,1,1,0.0020673219114542007
"[0, 0, 1, 0, 0, 0, 0, 0, 1, 0, 0, 0, 1, 0, 0, 0, 0, 0, 0, 0, 0]",97,40,967,570,0,0,0,0,0,20,0,0,0,0,1,1,1,2.2543104398064315
"[0, 0, 1, 0, 0, 0, 0, 0, 1, 0, 0, 0, 0, 1, 0, 0, 0, 0, 0, 0, 0]",98,40,987,570,0,0,0,0,0,20,0,0,0,0,1,1,1,0.002265454735606909
"[0, 0, 1, 0, 0, 0, 0, 0, 1, 0, 0, 0, 0, 0, 1, 0, 0, 0, 0, 0, 0]",98,40,987,570,0,0,0,0,0,20,0,0,0,0,1,1,1,0.0028444859199225903
"[0, 0, 1, 0, 0, 0, 0, 0, 1, 0, 0, 0, 0, 0, 0, 1, 0, 0, 0, 0, 0]",98,40,987,570,0,0,0,0,0,20,0,0,0,0,1,1,1,0.0021074083633720875
"[0, 0, 1, 0, 0, 0, 0, 0, 1, 0, 0, 0, 0, 0, 0, 0, 1, 0, 0, 0, 0]",98,40,987,570,0,0,0,0,0,20,0,0,0,0,1,1,1,0.0021386155858635902
"[0, 0, 1, 0, 0, 0, 0, 0, 1, 0, 0, 0, 0, 0, 0, 0, 0, 1, 0, 0, 0]",98,40,987,570,0,0,0,0,0,20,0,0,0,0,1,1,1,0.001987942960113287
"[0, 0, 1, 0, 0, 0, 0, 0, 1, 0, 0, 0, 0, 0, 0, 0, 0, 0, 1, 0, 0]",94,40,910,570,0,0,0,0,0,20,0,0,0,0,1,1,1,0.0020750463008880615
"[0, 0, 1, 0, 0, 0, 0, 0, 1, 0, 0, 0, 0, 0, 0, 0, 0, 0, 0, 1, 0]",98,40,987,570,0,0,0,0,0,20,0,0,0,0,1,1,1,0.0020613009110093117
"[0, 0, 1, 0, 0, 0, 0, 0, 1, 0, 0, 0, 0, 0, 0, 0, 0, 0, 0, 0, 1]",98,40,987,570,0,0,0,0,0,20,0,0,0,0,1,1,1,0.003851712215691805
"[0, 0, 1, 0, 0, 0, 0, 0, 0, 1, 1, 0, 0, 0, 0, 0, 0, 0, 0, 0, 0]",102,40,1070,570,0,0,0,0,0,20,0,0,0,0,1,1,1,0.0009870389476418495
"[0, 0, 1, 0, 0, 0, 0, 0, 0, 1, 0, 1, 0, 0, 0, 0, 0, 0, 0, 0, 0]",102,40,1070,570,0,0,0,0,0,20,0,0,0,0,1,1,1,0.0009716087952256203
"[0, 0, 1, 0, 0, 0, 0, 0, 0, 1, 0, 0, 1, 0, 0, 0, 0, 0, 0, 0, 0]",101,40,1050,570,0,0,0,0,0,20,0,0,0,0,1,1,1,2.2948677469976246
"[0, 0, 1, 0, 0, 0, 0, 0, 0, 1, 0, 0, 0, 1, 0, 0, 0, 0, 0, 0, 0]",102,40,1070,570,0,0,0,0,0,20,0,0,0,0,1,1,1,0.0011489740572869778
"[0, 0, 1, 0, 0, 0, 0, 0, 0, 1, 0, 0, 0, 0, 1, 0, 0, 0, 0, 0, 0]",102,40,1070,570,0,0,0,0,0,20,0,0,0,0,1,1,1,0.001803434919565916
"[0, 0, 1, 0, 0, 0, 0, 0, 0, 1, 0, 0, 0, 0, 0, 1, 0, 0, 0, 0, 0]",102,40,1070,570,0,0,0,0,0,20,0,0,0,0,1,1,1,0.0009208442643284798
"[0, 0, 1, 0, 0, 0, 0, 0, 0, 1, 0, 0, 0, 0, 0, 0, 1, 0, 0, 0, 0]",102,40,1070,570,0,0,0,0,0,20,0,0,0,0,1,1,1,0.0009739338420331478
"[0, 0, 1, 0, 0, 0, 0, 0, 0, 1, 0, 0, 0, 0, 0, 0, 0, 1, 0, 0, 0]",102,40,1070,570,0,0,0,0,0,20,0,0,0,0,1,1,1,0.0008762800134718418
"[0, 0, 1, 0, 0, 0, 0, 0, 0, 1, 0, 0, 0, 0, 0, 0, 0, 0, 1, 0, 0]",98,40,990,570,0,0,0,0,0,20,0,0,0,0,1,1,1,0.0009602275677025318
"[0, 0, 1, 0, 0, 0, 0, 0, 0, 1, 0, 0, 0, 0, 0, 0, 0, 0, 0, 1, 0]",102,40,1070,570,0,0,0,0,0,20,0,0,0,0,1,1,1,0.0009217760525643826
"[0, 0, 1, 0, 0, 0, 0, 0, 0, 1, 0, 0, 0, 0, 0, 0, 0, 0, 0, 0, 1]",102,40,1070,570,0,0,0,0,0,20,0,0,0,0,1,1,1,0.002902073785662651
"[0, 0, 1, 0, 0, 0, 0, 0, 0, 0, 1, 1, 0, 0, 0, 0, 0, 0, 0, 0, 0]",102,40,1070,570,0,0,0,0,0,20,0,0,0,0,1,1,1,0.0009849639609456062
"[0, 0, 1, 0, 0, 0, 0, 0, 0, 0, 1, 0, 1, 0, 0, 0, 0, 0, 0, 0, 0]",101,40,1050,570,0,0,0,0,0,20,0,0,0,0,1,1,1,2.2718301326967776
"[0, 0, 1, 0, 0, 0, 0, 0, 0, 0, 1, 0, 0, 1, 0, 0, 0, 0, 0, 0, 0]",102,40,1070,570,0,0,0,0,0,20,0,0,0,0,1,1,1,0.0011970330961048603
"[0, 0, 1, 0, 0, 0, 0, 0, 0, 0, 1, 0, 0, 0, 1, 0, 0, 0, 0, 0, 0]",102,40,1070,570,0,0,0,0,0,20,0,0,0,0,1,1,1,0.0018998971208930016
"[0, 0, 1, 0, 0, 0, 0, 0, 0, 0, 1, 0, 0, 0, 0, 1, 0, 0, 0, 0, 0]",102,40,1070,570,0,0,0,0,0,20,0,0,0,0,1,1,1,0.0010015559382736683
"[0, 0, 1, 0, 0, 0, 0, 0, 0, 0, 1, 0, 0, 0, 0, 0, 1, 0, 0, 0, 0]",102,40,1070,570,0,0,0,0,0,20,0,0,0,0,1,1,1,0.001041350420564413
"[0, 0, 1, 0, 0, 0, 0, 0, 0, 0, 1, 0, 0, 0, 0, 0, 0, 1, 0, 0, 0]",102,40,1070,570,0,0,0,0,0,20,0,0,0,0,1,1,1,0.0009630830027163029
"[0, 0, 1, 0, 0, 0, 0, 0, 0, 0, 1, 0, 0, 0, 0, 0, 0, 0, 1, 0, 0]",98,40,990,570,0,0,0,0,0,20,0,0,0,0,1,1,1,0.0010618893429636955
"[0, 0, 1, 0, 0, 0, 0, 0, 0, 0, 1, 0, 0, 0, 0, 0, 0, 0, 0, 1, 0]",102,40,1070,570,0,0,0,0,0,20,0,0,0,0,1,1,1,0.0009887013584375381
"[0, 0, 1, 0, 0, 0, 0, 0, 0, 0, 1, 0, 0, 0, 0, 0, 0, 0, 0, 0, 1]",102,40,1070,570,0,0,0,0,0,20,0,0,0,0,1,1,1,0.0031987419351935387
"[0, 0, 1, 0, 0, 0, 0, 0, 0, 0, 0, 1, 1, 0, 0, 0, 0, 0, 0, 0, 0]",101,40,1050,570,0,0,0,0,0,20,0,0,0,0,1,1,1,2.27406041091308
"[0, 0, 1, 0, 0, 0, 0, 0, 0, 0, 0, 1, 0, 1, 0, 0, 0, 0, 0, 0, 0]",102,40,1070,570,0,0,0,0,0,20,0,0,0,0,1,1,1,0.0011479509994387627
"[0, 0, 1, 0, 0, 0, 0, 0, 0, 0, 0, 1, 0, 0, 1, 0, 0, 0, 0, 0, 0]",102,40,1070,570,0,0,0,0,0,20,0,0,0,0,1,1,1,0.001846536062657833
"[0, 0, 1, 0, 0, 0, 0, 0, 0, 0, 0, 1, 0, 0, 0, 1, 0, 0, 0, 0, 0]",102,40,1070,570,0,0,0,0,0,20,0,0,0,0,1,1,1,0.0009209839627146721
"[0, 0, 1, 0, 0, 0, 0, 0, 0, 0, 0, 1, 0, 0, 0, 0, 1, 0, 0, 0, 0]",102,40,1070,570,0,0,0,0,0,20,0,0,0,0,1,1,1,0.000984483864158392
"[0, 0, 1, 0, 0, 0, 0, 0, 0, 0, 0, 1, 0, 0, 0, 0, 0, 1, 0, 0, 0]",102,40,1070,570,0,0,0,0,0,20,0,0,0,0,1,1,1,0.0009073982946574688
"[0, 0, 1, 0, 0, 0, 0, 0, 0, 0, 0, 1, 0, 0, 0, 0, 0, 0, 1, 0, 0]",98,40,990,570,0,0,0,0,0,20,0,0,0,0,1,1,1,0.000974155031144619
"[0, 0, 1, 0, 0, 0, 0, 0, 0, 0, 0, 1, 0, 0, 0, 0, 0, 0, 0, 1, 0]",102,40,1070,570,0,0,0,0,0,20,0,0,0,0,1,1,1,0.0009568319655954838
"[0, 0, 1, 0, 0, 0, 0, 0, 0, 0, 0, 1, 0, 0, 0, 0, 0, 0, 0, 0, 1]",102,40,1070,570,0,0,0,0,0,20,0,0,0,0,1,1,1,0.0029761530458927155
"[0, 0, 1, 0, 0, 0, 0, 0, 0, 0, 0, 0, 1, 1, 0, 0, 0, 0, 0, 0, 0]",101,40,1050,570,0,0,0,0,0,20,0,0,0,0,1,1,1,2.2675597621127963
"[0, 0, 1, 0, 0, 0, 0, 0, 0, 0, 0, 0, 1, 0, 1, 0, 0, 0, 0, 0, 0]",101,40,1050,570,0,0,0,0,0,20,0,0,0,0,1,1,1,2.268516832962632
"[0, 0, 1, 0, 0, 0, 0, 0, 0, 0, 0, 0, 1, 0, 0, 1, 0, 0, 0, 0, 0]",101,40,1050,570,0,0,0,0,0,20,0,0,0,0,1,1,1,2.267508535180241
"[0, 0, 1, 0, 0, 0, 0, 0, 0, 0, 0, 0, 1, 0, 0, 0, 1, 0, 0, 0, 0]",101,40,1050,570,0,0,0,0,0,20,0,0,0,0,1,1,1,2.2858991092070937
"[0, 0, 1, 0, 0, 0, 0, 0, 0, 0, 0, 0, 1, 0, 0, 0, 0, 1, 0, 0, 0]",101,40,1050,570,0,0,0,0,0,20,0,0,0,0,1,1,1,2.2784747411496937
"[0, 0, 1, 0, 0, 0, 0, 0, 0, 0, 0, 0, 1, 0, 0, 0, 0, 0, 1, 0, 0]",98,40,990,570,0,0,0,0,0,20,0,0,0,0,1,1,1,2.2664784849621356
"[0, 0, 1, 0, 0, 0, 0, 0, 0, 0, 0, 0, 1, 0, 0, 0, 0, 0, 0, 1, 0]",101,40,1050,570,0,0,0,0,0,20,0,0,0,0,1,1,1,2.257960318122059
"[0, 0, 1, 0, 0, 0, 0, 0, 0, 0, 0, 0, 1, 0, 0, 0, 0, 0, 0, 0, 1]",101,40,1050,570,0,0,0,0,0,20,0,0,0,0,1,1,1,2.2753635831177235
"[0, 0, 1, 0, 0, 0, 0, 0, 0, 0, 0, 0, 0, 1, 1, 0, 0, 0, 0, 0, 0]",102,40,1070,570,0,0,0,0,0,20,0,0,0,0,1,1,1,0.001972032245248556
"[0, 0, 1, 0, 0, 0, 0, 0, 0, 0, 0, 0, 0, 1, 0, 1, 0, 0, 0, 0, 0]",102,40,1070,570,0,0,0,0,0,20,0,0,0,0,1,1,1,0.0009937109425663948
"[0, 0, 1, 0, 0, 0, 0, 0, 0, 0, 0, 0, 0, 1, 0, 0, 1, 0, 0, 0, 0]",102,40,1070,570,0,0,0,0,0,20,0,0,0,0,1,1,1,0.000988449901342392
"[0, 0, 1, 0, 0, 0, 0, 0, 0, 0, 0, 0, 0, 1, 0, 0, 0, 1, 0, 0, 0]",102,40,1070,570,0,0,0,0,0,20,0,0,0,0,1,1,1,0.0009870077483356
"[0, 0, 1, 0, 0, 0, 0, 0, 0, 0, 0, 0, 0, 1, 0, 0, 0, 0, 1, 0, 0]",98,40,990,570,0,0,0,0,0,20,0,0,0,0,1,1,1,0.001031622290611267
"[0, 0, 1, 0, 0, 0, 0, 0, 0, 0, 0, 0, 0, 1, 0, 0, 0, 0, 0, 1, 0]",102,40,1070,570,0,0,0,0,0,20,0,0,0,0,1,1,1,0.0010047717951238155
"[0, 0, 1, 0, 0, 0, 0, 0, 0, 0, 0, 0, 0, 1, 0, 0, 0, 0, 0, 0, 1]",102,40,1070,570,0,0,0,0,0,20,0,0,0,0,1,1,1,0.00297762593254447
"[0, 0, 1, 0, 0, 0, 0, 0, 0, 0, 0, 0, 0, 0, 1, 1, 0, 0, 0, 0, 0]",102,40,1070,570,0,0,0,0,0,20,0,0,0,0,1,1,1,0.0017014327459037304
"[0, 0, 1, 0, 0, 0, 0, 0, 0, 0, 0, 0, 0, 0, 1, 0, 1, 0, 0, 0, 0]",102,40,1070,570,0,0,0,0,0,20,0,0,0,0,1,1,1,0.0016737817786633968
"[0, 0, 1, 0, 0, 0, 0, 0, 0, 0, 0, 0, 0, 0, 1, 0, 0, 1, 0, 0, 0]",102,40,1070,570,0,0,0,0,0,20,0,0,0,0,1,1,1,0.0017086868174374104
"[0, 0, 1, 0, 0, 0, 0, 0, 0, 0, 0, 0, 0, 0, 1, 0, 0, 0, 1, 0, 0]",98,40,990,570,0,0,0,0,0,20,0,0,0,0,1,1,1,0.0017024548724293709
"[0, 0, 1, 0, 0, 0, 0, 0, 0, 0, 0, 0, 0, 0, 1, 0, 0, 0, 0, 1, 0]",102,40,1070,570,0,0,0,0,0,20,0,0,0,0,1,1,1,0.0016933470033109188
"[0, 0, 1, 0, 0, 0, 0, 0, 0, 0, 0, 0, 0, 0, 1, 0, 0, 0, 0, 0, 1]",102,40,1070,570,0,0,0,0,0,20,0,0,0,0,1,1,1,0.0035112500190734863
"[0, 0, 1, 0, 0, 0, 0, 0, 0, 0, 0, 0, 0, 0, 0, 1, 1, 0, 0, 0, 0]",102,40,1070,570,0,0,0,0,0,20,0,0,0,0,1,1,1,0.0008672326803207397
"[0, 0, 1, 0, 0, 0, 0, 0, 0, 0, 0, 0, 0, 0, 0, 1, 0, 1, 0, 0, 0]",102,40,1070,570,0,0,0,0,0,20,0,0,0,0,1,1,1,0.0008830418810248375
"[0, 0, 1, 0, 0, 0, 0, 0, 0, 0, 0, 0, 0, 0, 0, 1, 0, 0, 1, 0, 0]",98,40,990,570,0,0,0,0,0,20,0,0,0,0,1,1,1,0.0009095319546759129
"[0, 0, 1, 0, 0, 0, 0, 0, 0, 0, 0, 0, 0, 0, 0, 1, 0, 0, 0, 1, 0]",102,40,1070,570,0,0,0,0,0,20,0,0,0,0,1,1,1,0.0008830823935568333
"[0, 0, 1, 0, 0, 0, 0, 0, 0, 0, 0, 0, 0, 0, 0, 1, 0, 0, 0, 0, 1]",102,40,1070,570,0,0,0,0,0,20,0,0,0,0,1,1,1,0.002871657256036997
"[0, 0, 1, 0, 0, 0, 0, 0, 0, 0, 0, 0, 0, 0, 0, 0, 1, 1, 0, 0, 0]",102,40,1070,570,0,0,0,0,0,20,0,0,0,0,1,1,1,0.0008282391354441643
"[0, 0, 1, 0, 0, 0, 0, 0, 0, 0, 0, 0, 0, 0, 0, 0, 1, 0, 1, 0, 0]",98,40,990,570,0,0,0,0,0,20,0,0,0,0,1,1,1,0.0008494602516293526
"[0, 0, 1, 0, 0, 0, 0, 0, 0, 0, 0, 0, 0, 0, 0, 0, 1, 0, 0, 1, 0]",102,40,1070,570,0,0,0,0,0,20,0,0,0,0,1,1,1,0.0008703088387846947
"[0, 0, 1, 0, 0, 0, 0, 0, 0, 0, 0, 0, 0, 0, 0, 0, 1, 0, 0, 0, 1]",102,40,1070,570,0,0,0,0,0,20,0,0,0,0,1,1,1,0.00283679086714983
"[0, 0, 1, 0, 0, 0, 0, 0, 0, 0, 0, 0, 0, 0, 0, 0, 0, 1, 1, 0, 0]",98,40,990,570,0,0,0,0,0,20,0,0,0,0,1,1,1,0.0008543282747268677
"[0, 0, 1, 0, 0, 0, 0, 0, 0, 0, 0, 0, 0, 0, 0, 0, 0, 1, 0, 1, 0]",102,40,1070,570,0,0,0,0,0,20,0,0,0,0,1,1,1,0.0008166967891156673
"[0, 0, 1, 0, 0, 0, 0, 0, 0, 0, 0, 0, 0, 0, 0, 0, 0, 1, 0, 0, 1]",102,40,1070,570,0,0,0,0,0,20,0,0,0,0,1,1,1,0.0028461581096053123
"[0, 0, 1, 0, 0, 0, 0, 0, 0, 0, 0, 0, 0, 0, 0, 0, 0, 0, 1, 1, 0]",98,40,990,570,0,0,0,0,0,20,0,0,0,0,1,1,1,0.0008447812870144844
"[0, 0, 1, 0, 0, 0, 0, 0, 0, 0, 0, 0, 0, 0, 0, 0, 0, 0, 1, 0, 1]",98,40,990,570,0,0,0,0,0,20,0,0,0,0,1,1,1,0.0029368591494858265
"[0, 0, 1, 0, 0, 0, 0, 0, 0, 0, 0, 0, 0, 0, 0, 0, 0, 0, 0, 1, 1]",102,40,1070,570,0,0,0,0,0,20,0,0,0,0,1,1,1,0.002780043985694647
"[0, 0, 0, 1, 1, 1, 0, 0, 0, 0, 0, 0, 0, 0, 0, 0, 0, 0, 0, 0, 0]",28,40,503,0,0,0,0,0,0,20,0,0,0,0,1,1,1,0.013718226924538612
"[0, 0, 0, 1, 1, 0, 1, 0, 0, 0, 0, 0, 0, 0, 0, 0, 0, 0, 0, 0, 0]",28,40,503,0,0,0,0,0,0,20,0,0,0,0,1,1,1,0.016927639953792095
"[0, 0, 0, 1, 1, 0, 0, 1, 0, 0, 0, 0, 0, 0, 0, 0, 0, 0, 0, 0, 0]",102,40,1070,570,0,0,0,0,0,20,0,0,0,0,1,1,1,0.007666354067623615
"[0, 0, 0, 1, 1, 0, 0, 0, 1, 0, 0, 0, 0, 0, 0, 0, 0, 0, 0, 0, 0]",98,40,987,570,0,0,0,0,0,20,0,0,0,0,1,1,1,0.006906522903591394
"[0, 0, 0, 1, 1, 0, 0, 0, 0, 1, 0, 0, 0, 0, 0, 0, 0, 0, 0, 0, 0]",102,40,1070,570,0,0,0,0,0,20,0,0,0,0,1,1,1,0.005800290033221245
"[0, 0, 0, 1, 1, 0, 0, 0, 0, 0, 1, 0, 0, 0, 0, 0, 0, 0, 0, 0, 0]",102,40,1070,570,0,0,0,0,0,20,0,0,0,0,1,1,1,0.005857598036527634
"[0, 0, 0, 1, 1, 0, 0, 0, 0, 0, 0, 1, 0, 0, 0, 0, 0, 0, 0, 0, 0]",102,40,1070,570,0,0,0,0,0,20,0,0,0,0,1,1,1,0.005866033956408501
"[0, 0, 0, 1, 1, 0, 0, 0, 0, 0, 0, 0, 1, 0, 0, 0, 0, 0, 0, 0, 0]",101,40,1050,570,0,0,0,0,0,20,0,0,0,0,1,1,1,2.4128166898153722
"[0, 0, 0, 1, 1, 0, 0, 0, 0, 0, 0, 0, 0, 1, 0, 0, 0, 0, 0, 0, 0]",102,40,1070,570,0,0,0,0,0,20,0,0,0,0,1,1,1,0.006238414905965328
"[0, 0, 0, 1, 1, 0, 0, 0, 0, 0, 0, 0, 0, 0, 1, 0, 0, 0, 0, 0, 0]",102,40,1070,570,0,0,0,0,0,20,0,0,0,0,1,1,1,0.006554319988936186
"[0, 0, 0, 1, 1, 0, 0, 0, 0, 0, 0, 0, 0, 0, 0, 1, 0, 0, 0, 0, 0]",102,40,1070,570,0,0,0,0,0,20,0,0,0,0,1,1,1,0.0057195378467440605
"[0, 0, 0, 1, 1, 0, 0, 0, 0, 0, 0, 0, 0, 0, 0, 0, 1, 0, 0, 0, 0]",102,40,1070,570,0,0,0,0,0,20,0,0,0,0,1,1,1,0.005814066156744957
"[0, 0, 0, 1, 1, 0, 0, 0, 0, 0, 0, 0, 0, 0, 0, 0, 0, 1, 0, 0, 0]",102,40,1070,570,0,0,0,0,0,20,0,0,0,0,1,1,1,0.005737451836466789
"[0, 0, 0, 1, 1, 0, 0, 0, 0, 0, 0, 0, 0, 0, 0, 0, 0, 0, 1, 0, 0]",98,40,990,570,0,0,0,0,0,20,0,0,0,0,1,1,1,0.006177210249006748
"[0, 0, 0, 1, 1, 0, 0, 0, 0, 0, 0, 0, 0, 0, 0, 0, 0, 0, 0, 1, 0]",102,40,1070,570,0,0,0,0,0,20,0,0,0,0,1,1,1,0.005801061168313026
"[0, 0, 0, 1, 1, 0, 0, 0, 0, 0, 0, 0, 0, 0, 0, 0, 0, 0, 0, 0, 1]",102,40,1070,570,0,0,0,0,0,20,0,0,0,0,1,1,1,0.00767786568030715
"[0, 0, 0, 1, 0, 1, 1, 0, 0, 0, 0, 0, 0, 0, 0, 0, 0, 0, 0, 0, 0]",28,40,503,0,0,0,0,0,0,20,0,0,0,0,1,1,1,0.011326363775879145
"[0, 0, 0, 1, 0, 1, 0, 1, 0, 0, 0, 0, 0, 0, 0, 0, 0, 0, 0, 0, 0]",28,40,503,0,0,0,0,0,0,20,0,0,0,0,1,1,1,0.009276283904910088
"[0, 0, 0, 1, 0, 1, 0, 0, 1, 0, 0, 0, 0, 0, 0, 0, 0, 0, 0, 0, 0]",24,40,423,0,0,0,0,0,0,20,0,0,0,0,1,1,1,0.009523960761725903
"[0, 0, 0, 1, 0, 1, 0, 0, 0, 1, 0, 0, 0, 0, 0, 0, 0, 0, 0, 0, 0]",28,40,503,0,0,0,0,0,0,20,0,0,0,0,1,1,1,0.008831807877868414
"[0, 0, 0, 1, 0, 1, 0, 0, 0, 0, 1, 0, 0, 0, 0, 0, 0, 0, 0, 0, 0]",28,40,503,0,0,0,0,0,0,20,0,0,0,0,1,1,1,0.008886921219527721
"[0, 0, 0, 1, 0, 1, 0, 0, 0, 0, 0, 1, 0, 0, 0, 0, 0, 0, 0, 0, 0]",28,40,503,0,0,0,0,0,0,20,0,0,0,0,1,1,1,0.008858668152242899
"[0, 0, 0, 1, 0, 1, 0, 0, 0, 0, 0, 0, 1, 0, 0, 0, 0, 0, 0, 0, 0]",27,40,483,0,0,0,0,0,0,20,0,0,0,0,1,1,1,0.2146977442316711
"[0, 0, 0, 1, 0, 1, 0, 0, 0, 0, 0, 0, 0, 1, 0, 0, 0, 0, 0, 0, 0]",28,40,503,0,0,0,0,0,0,20,0,0,0,0,1,1,1,0.00918725598603487
"[0, 0, 0, 1, 0, 1, 0, 0, 0, 0, 0, 0, 0, 0, 1, 0, 0, 0, 0, 0, 0]",28,40,503,0,0,0,0,0,0,20,0,0,0,0,1,1,1,0.009363297838717699
"[0, 0, 0, 1, 0, 1, 0, 0, 0, 0, 0, 0, 0, 0, 0, 1, 0, 0, 0, 0, 0]",28,40,503,0,0,0,0,0,0,20,0,0,0,0,1,1,1,0.008909784257411957
"[0, 0, 0, 1, 0, 1, 0, 0, 0, 0, 0, 0, 0, 0, 0, 0, 1, 0, 0, 0, 0]",28,40,503,0,0,0,0,0,0,20,0,0,0,0,1,1,1,0.008837888017296791
"[0, 0, 0, 1, 0, 1, 0, 0, 0, 0, 0, 0, 0, 0, 0, 0, 0, 1, 0, 0, 0]",28,40,503,0,0,0,0,0,0,20,0,0,0,0,1,1,1,0.009055737871676683
"[0, 0, 0, 1, 0, 1, 0, 0, 0, 0, 0, 0, 0, 0, 0, 0, 0, 0, 1, 0, 0]",24,40,423,0,0,0,0,0,0,20,0,0,0,0,1,1,1,0.008869196753948927
"[0, 0, 0, 1, 0, 1, 0, 0, 0, 0, 0, 0, 0, 0, 0, 0, 0, 0, 0, 1, 0]",28,40,503,0,0,0,0,0,0,20,0,0,0,0,1,1,1,0.008883916307240725
"[0, 0, 0, 1, 0, 1, 0, 0, 0, 0, 0, 0, 0, 0, 0, 0, 0, 0, 0, 0, 1]",28,40,503,0,0,0,0,0,0,20,0,0,0,0,1,1,1,0.009897603653371334
"[0, 0, 0, 1, 0, 0, 1, 1, 0, 0, 0, 0, 0, 0, 0, 0, 0, 0, 0, 0, 0]",28,40,503,0,0,0,0,0,0,20,0,0,0,0,1,1,1,0.012686754576861858
"[0, 0, 0, 1, 0, 0, 1, 0, 1, 0, 0, 0, 0, 0, 0, 0, 0, 0, 0, 0, 0]",24,40,423,0,0,0,0,0,0,20,0,0,0,0,1,1,1,0.012349069118499756
"[0, 0, 0, 1, 0, 0, 1, 0, 0, 1, 0, 0, 0, 0, 0, 0, 0, 0, 0, 0, 0]",28,40,503,0,0,0,0,0,0,20,0,0,0,0,1,1,1,0.012056749314069748
"[0, 0, 0, 1, 0, 0, 1, 0, 0, 0, 1, 0, 0, 0, 0, 0, 0, 0, 0, 0, 0]",28,40,503,0,0,0,0,0,0,20,0,0,0,0,1,1,1,0.012131197843700647
"[0, 0, 0, 1, 0, 0, 1, 0, 0, 0, 0, 1, 0, 0, 0, 0, 0, 0, 0, 0, 0]",28,40,503,0,0,0,0,0,0,20,0,0,0,0,1,1,1,0.012076515704393387
"[0, 0, 0, 1, 0, 0, 1, 0, 0, 0, 0, 0, 1, 0, 0, 0, 0, 0, 0, 0, 0]",27,40,483,0,0,0,0,0,0,20,0,0,0,0,1,1,1,0.2184519418515265
"[0, 0, 0, 1, 0, 0, 1, 0, 0, 0, 0, 0, 0, 1, 0, 0, 0, 0, 0, 0, 0]",28,40,503,0,0,0,0,0,0,20,0,0,0,0,1,1,1,0.012323590926826
"[0, 0, 0, 1, 0, 0, 1, 0, 0, 0, 0, 0, 0, 0, 1, 0, 0, 0, 0, 0, 0]",28,40,503,0,0,0,0,0,0,20,0,0,0,0,1,1,1,0.012621873058378696
"[0, 0, 0, 1, 0, 0, 1, 0, 0, 0, 0, 0, 0, 0, 0, 1, 0, 0, 0, 0, 0]",28,40,503,0,0,0,0,0,0,20,0,0,0,0,1,1,1,0.01205312181264162
"[0, 0, 0, 1, 0, 0, 1, 0, 0, 0, 0, 0, 0, 0, 0, 0, 1, 0, 0, 0, 0]",28,40,503,0,0,0,0,0,0,20,0,0,0,0,1,1,1,0.012112434022128582
"[0, 0, 0, 1, 0, 0, 1, 0, 0, 0, 0, 0, 0, 0, 0, 0, 0, 1, 0, 0, 0]",28,40,503,0,0,0,0,0,0,20,0,0,0,0,1,1,1,0.012238541152328253
"[0, 0, 0, 1, 0, 0, 1, 0, 0, 0, 0, 0, 0, 0, 0, 0, 0, 0, 1, 0, 0]",24,40,423,0,0,0,0,0,0,20,0,0,0,0,1,1,1,0.012148842215538025
"[0, 0, 0, 1, 0, 0, 1, 0, 0, 0, 0, 0, 0, 0, 0, 0, 0, 0, 0, 1, 0]",28,40,503,0,0,0,0,0,0,20,0,0,0,0,1,1,1,0.012122503016144037
"[0, 0, 0, 1, 0, 0, 1, 0, 0, 0, 0, 0, 0, 0, 0, 0, 0, 0, 0, 0, 1]",28,40,503,0,0,0,0,0,0,20,0,0,0,0,1,1,1,0.0130955851636827
"[0, 0, 0, 1, 0, 0, 0, 1, 1, 0, 0, 0, 0, 0, 0, 0, 0, 0, 0, 0, 0]",98,40,987,570,0,0,0,0,0,20,0,0,0,0,1,1,1,0.003790857270359993
"[0, 0, 0, 1, 0, 0, 0, 1, 0, 1, 0, 0, 0, 0, 0, 0, 0, 0, 0, 0, 0]",102,40,1070,570,0,0,0,0,0,20,0,0,0,0,1,1,1,0.0030932840891182423
"[0, 0, 0, 1, 0, 0, 0, 1, 0, 0, 1, 0, 0, 0, 0, 0, 0, 0, 0, 0, 0]",102,40,1070,570,0,0,0,0,0,20,0,0,0,0,1,1,1,0.0029853610321879387
"[0, 0, 0, 1, 0, 0, 0, 1, 0, 0, 0, 1, 0, 0, 0, 0, 0, 0, 0, 0, 0]",102,40,1070,570,0,0,0,0,0,20,0,0,0,0,1,1,1,0.0031346520408988
"[0, 0, 0, 1, 0, 0, 0, 1, 0, 0, 0, 0, 1, 0, 0, 0, 0, 0, 0, 0, 0]",101,40,1050,570,0,0,0,0,0,20,0,0,0,0,1,1,1,2.3008532258681953
"[0, 0, 0, 1, 0, 0, 0, 1, 0, 0, 0, 0, 0, 1, 0, 0, 0, 0, 0, 0, 0]",102,40,1070,570,0,0,0,0,0,20,0,0,0,0,1,1,1,0.003122969064861536
"[0, 0, 0, 1, 0, 0, 0, 1, 0, 0, 0, 0, 0, 0, 1, 0, 0, 0, 0, 0, 0]",102,40,1070,570,0,0,0,0,0,20,0,0,0,0,1,1,1,0.004036298021674156
"[0, 0, 0, 1, 0, 0, 0, 1, 0, 0, 0, 0, 0, 0, 0, 1, 0, 0, 0, 0, 0]",102,40,1070,570,0,0,0,0,0,20,0,0,0,0,1,1,1,0.002776868175715208
"[0, 0, 0, 1, 0, 0, 0, 1, 0, 0, 0, 0, 0, 0, 0, 0, 1, 0, 0, 0, 0]",102,40,1070,570,0,0,0,0,0,20,0,0,0,0,1,1,1,0.0029121115803718567
"[0, 0, 0, 1, 0, 0, 0, 1, 0, 0, 0, 0, 0, 0, 0, 0, 0, 1, 0, 0, 0]",102,40,1070,570,0,0,0,0,0,20,0,0,0,0,1,1,1,0.0029140161350369453
"[0, 0, 0, 1, 0, 0, 0, 1, 0, 0, 0, 0, 0, 0, 0, 0, 0, 0, 1, 0, 0]",98,40,990,570,0,0,0,0,0,20,0,0,0,0,1,1,1,0.0029447339475154877
"[0, 0, 0, 1, 0, 0, 0, 1, 0, 0, 0, 0, 0, 0, 0, 0, 0, 0, 0, 1, 0]",102,40,1070,570,0,0,0,0,0,20,0,0,0,0,1,1,1,0.002989227883517742
"[0, 0, 0, 1, 0, 0, 0, 1, 0, 0, 0, 0, 0, 0, 0, 0, 0, 0, 0, 0, 1]",102,40,1070,570,0,0,0,0,0,20,0,0,0,0,1,1,1,0.005269189830869436
"[0, 0, 0, 1, 0, 0, 0, 0, 1, 1, 0, 0, 0, 0, 0, 0, 0, 0, 0, 0, 0]",98,40,987,570,0,0,0,0,0,20,0,0,0,0,1,1,1,0.0019908277317881584
"[0, 0, 0, 1, 0, 0, 0, 0, 1, 0, 1, 0, 0, 0, 0, 0, 0, 0, 0, 0, 0]",98,40,987,570,0,0,0,0,0,20,0,0,0,0,1,1,1,0.002125751692801714
"[0, 0, 0, 1, 0, 0, 0, 0, 1, 0, 0, 1, 0, 0, 0, 0, 0, 0, 0, 0, 0]",98,40,987,570,0,0,0,0,0,20,0,0,0,0,1,1,1,0.002079254947602749
"[0, 0, 0, 1, 0, 0, 0, 0, 1, 0, 0, 0, 1, 0, 0, 0, 0, 0, 0, 0, 0]",97,40,967,570,0,0,0,0,0,20,0,0,0,0,1,1,1,2.222782924771309
"[0, 0, 0, 1, 0, 0, 0, 0, 1, 0, 0, 0, 0, 1, 0, 0, 0, 0, 0, 0, 0]",98,40,987,570,0,0,0,0,0,20,0,0,0,0,1,1,1,0.0023465179838240147
"[0, 0, 0, 1, 0, 0, 0, 0, 1, 0, 0, 0, 0, 0, 1, 0, 0, 0, 0, 0, 0]",98,40,987,570,0,0,0,0,0,20,0,0,0,0,1,1,1,0.00299560884013772
"[0, 0, 0, 1, 0, 0, 0, 0, 1, 0, 0, 0, 0, 0, 0, 1, 0, 0, 0, 0, 0]",98,40,987,570,0,0,0,0,0,20,0,0,0,0,1,1,1,0.0019319667480885983
"[0, 0, 0, 1, 0, 0, 0, 0, 1, 0, 0, 0, 0, 0, 0, 0, 1, 0, 0, 0, 0]",98,40,987,570,0,0,0,0,0,20,0,0,0,0,1,1,1,0.0020620720461010933
"[0, 0, 0, 1, 0, 0, 0, 0, 1, 0, 0, 0, 0, 0, 0, 0, 0, 1, 0, 0, 0]",98,40,987,570,0,0,0,0,0,20,0,0,0,0,1,1,1,0.0021373839117586613
"[0, 0, 0, 1, 0, 0, 0, 0, 1, 0, 0, 0, 0, 0, 0, 0, 0, 0, 1, 0, 0]",94,40,910,570,0,0,0,0,0,20,0,0,0,0,1,1,1,0.0021495670080184937
"[0, 0, 0, 1, 0, 0, 0, 0, 1, 0, 0, 0, 0, 0, 0, 0, 0, 0, 0, 1, 0]",98,40,987,570,0,0,0,0,0,20,0,0,0,0,1,1,1,0.002076159231364727
"[0, 0, 0, 1, 0, 0, 0, 0, 1, 0, 0, 0, 0, 0, 0, 0, 0, 0, 0, 0, 1]",98,40,987,570,0,0,0,0,0,20,0,0,0,0,1,1,1,0.003889421932399273
"[0, 0, 0, 1, 0, 0, 0, 0, 0, 1, 1, 0, 0, 0, 0, 0, 0, 0, 0, 0, 0]",102,40,1070,570,0,0,0,0,0,20,0,0,0,0,1,1,1,0.0010526319965720177
"[0, 0, 0, 1, 0, 0, 0, 0, 0, 1, 0, 1, 0, 0, 0, 0, 0, 0, 0, 0, 0]",102,40,1070,570,0,0,0,0,0,20,0,0,0,0,1,1,1,0.001138793770223856
"[0, 0, 0, 1, 0, 0, 0, 0, 0, 1, 0, 0, 1, 0, 0, 0, 0, 0, 0, 0, 0]",101,40,1050,570,0,0,0,0,0,20,0,0,0,0,1,1,1,2.2884830459952354
"[0, 0, 0, 1, 0, 0, 0, 0, 0, 1, 0, 0, 0, 1, 0, 0, 0, 0, 0, 0, 0]",102,40,1070,570,0,0,0,0,0,20,0,0,0,0,1,1,1,0.0013094963505864143
"[0, 0, 0, 1, 0, 0, 0, 0, 0, 1, 0, 0, 0, 0, 1, 0, 0, 0, 0, 0, 0]",102,40,1070,570,0,0,0,0,0,20,0,0,0,0,1,1,1,0.0019946247339248657
"[0, 0, 0, 1, 0, 0, 0, 0, 0, 1, 0, 0, 0, 0, 0, 1, 0, 0, 0, 0, 0]",102,40,1070,570,0,0,0,0,0,20,0,0,0,0,1,1,1,0.0009747752919793129
"[0, 0, 0, 1, 0, 0, 0, 0, 0, 1, 0, 0, 0, 0, 0, 0, 1, 0, 0, 0, 0]",102,40,1070,570,0,0,0,0,0,20,0,0,0,0,1,1,1,0.0010753441601991653
"[0, 0, 0, 1, 0, 0, 0, 0, 0, 1, 0, 0, 0, 0, 0, 0, 0, 1, 0, 0, 0]",102,40,1070,570,0,0,0,0,0,20,0,0,0,0,1,1,1,0.0011209207586944103
"[0, 0, 0, 1, 0, 0, 0, 0, 0, 1, 0, 0, 0, 0, 0, 0, 0, 0, 1, 0, 0]",98,40,990,570,0,0,0,0,0,20,0,0,0,0,1,1,1,0.0011755730956792831
"[0, 0, 0, 1, 0, 0, 0, 0, 0, 1, 0, 0, 0, 0, 0, 0, 0, 0, 0, 1, 0]",102,40,1070,570,0,0,0,0,0,20,0,0,0,0,1,1,1,0.0010844920761883259
"[0, 0, 0, 1, 0, 0, 0, 0, 0, 1, 0, 0, 0, 0, 0, 0, 0, 0, 0, 0, 1]",102,40,1070,570,0,0,0,0,0,20,0,0,0,0,1,1,1,0.0031357230618596077
"[0, 0, 0, 1, 0, 0, 0, 0, 0, 0, 1, 1, 0, 0, 0, 0, 0, 0, 0, 0, 0]",102,40,1070,570,0,0,0,0,0,20,0,0,0,0,1,1,1,0.0010733911767601967
"[0, 0, 0, 1, 0, 0, 0, 0, 0, 0, 1, 0, 1, 0, 0, 0, 0, 0, 0, 0, 0]",101,40,1050,570,0,0,0,0,0,20,0,0,0,0,1,1,1,2.2927420251071453
"[0, 0, 0, 1, 0, 0, 0, 0, 0, 0, 1, 0, 0, 1, 0, 0, 0, 0, 0, 0, 0]",102,40,1070,570,0,0,0,0,0,20,0,0,0,0,1,1,1,0.001379597932100296
"[0, 0, 0, 1, 0, 0, 0, 0, 0, 0, 1, 0, 0, 0, 1, 0, 0, 0, 0, 0, 0]",102,40,1070,570,0,0,0,0,0,20,0,0,0,0,1,1,1,0.0020921090617775917
"[0, 0, 0, 1, 0, 0, 0, 0, 0, 0, 1, 0, 0, 0, 0, 1, 0, 0, 0, 0, 0]",102,40,1070,570,0,0,0,0,0,20,0,0,0,0,1,1,1,0.0010561980307102203
"[0, 0, 0, 1, 0, 0, 0, 0, 0, 0, 1, 0, 0, 0, 0, 0, 1, 0, 0, 0, 0]",102,40,1070,570,0,0,0,0,0,20,0,0,0,0,1,1,1,0.0011805831454694271
"[0, 0, 0, 1, 0, 0, 0, 0, 0, 0, 1, 0, 0, 0, 0, 0, 0, 1, 0, 0, 0]",102,40,1070,570,0,0,0,0,0,20,0,0,0,0,1,1,1,0.0012363782152533531
"[0, 0, 0, 1, 0, 0, 0, 0, 0, 0, 1, 0, 0, 0, 0, 0, 0, 0, 1, 0, 0]",98,40,990,570,0,0,0,0,0,20,0,0,0,0,1,1,1,0.0012468770146369934
"[0, 0, 0, 1, 0, 0, 0, 0, 0, 0, 1, 0, 0, 0, 0, 0, 0, 0, 0, 1, 0]",102,40,1070,570,0,0,0,0,0,20,0,0,0,0,1,1,1,0.0011884784325957298
"[0, 0, 0, 1, 0, 0, 0, 0, 0, 0, 1, 0, 0, 0, 0, 0, 0, 0, 0, 0, 1]",102,40,1070,570,0,0,0,0,0,20,0,0,0,0,1,1,1,0.003470905125141144
"[0, 0, 0, 1, 0, 0, 0, 0, 0, 0, 0, 1, 1, 0, 0, 0, 0, 0, 0, 0, 0]",101,40,1050,570,0,0,0,0,0,20,0,0,0,0,1,1,1,2.381951835937798
"[0, 0, 0, 1, 0, 0, 0, 0, 0, 0, 0, 1, 0, 1, 0, 0, 0, 0, 0, 0, 0]",102,40,1070,570,0,0,0,0,0,20,0,0,0,0,1,1,1,0.0014197928830981255
"[0, 0, 0, 1, 0, 0, 0, 0, 0, 0, 0, 1, 0, 0, 1, 0, 0, 0, 0, 0, 0]",102,40,1070,570,0,0,0,0,0,20,0,0,0,0,1,1,1,0.0021172561682760715
"[0, 0, 0, 1, 0, 0, 0, 0, 0, 0, 0, 1, 0, 0, 0, 1, 0, 0, 0, 0, 0]",102,40,1070,570,0,0,0,0,0,20,0,0,0,0,1,1,1,0.0010764561593532562
"[0, 0, 0, 1, 0, 0, 0, 0, 0, 0, 0, 1, 0, 0, 0, 0, 1, 0, 0, 0, 0]",102,40,1070,570,0,0,0,0,0,20,0,0,0,0,1,1,1,0.0012398441322147846
"[0, 0, 0, 1, 0, 0, 0, 0, 0, 0, 0, 1, 0, 0, 0, 0, 0, 1, 0, 0, 0]",102,40,1070,570,0,0,0,0,0,20,0,0,0,0,1,1,1,0.001239424105733633
"[0, 0, 0, 1, 0, 0, 0, 0, 0, 0, 0, 1, 0, 0, 0, 0, 0, 0, 1, 0, 0]",98,40,990,570,0,0,0,0,0,20,0,0,0,0,1,1,1,0.0012467969208955765
"[0, 0, 0, 1, 0, 0, 0, 0, 0, 0, 0, 1, 0, 0, 0, 0, 0, 0, 0, 1, 0]",102,40,1070,570,0,0,0,0,0,20,0,0,0,0,1,1,1,0.0012111500836908817
"[0, 0, 0, 1, 0, 0, 0, 0, 0, 0, 0, 1, 0, 0, 0, 0, 0, 0, 0, 0, 1]",102,40,1070,570,0,0,0,0,0,20,0,0,0,0,1,1,1,0.0036545097827911377
"[0, 0, 0, 1, 0, 0, 0, 0, 0, 0, 0, 0, 1, 1, 0, 0, 0, 0, 0, 0, 0]",101,40,1050,570,0,0,0,0,0,20,0,0,0,0,1,1,1,2.297738289926201
"[0, 0, 0, 1, 0, 0, 0, 0, 0, 0, 0, 0, 1, 0, 1, 0, 0, 0, 0, 0, 0]",101,40,1050,570,0,0,0,0,0,20,0,0,0,0,1,1,1,2.2742336792871356
"[0, 0, 0, 1, 0, 0, 0, 0, 0, 0, 0, 0, 1, 0, 0, 1, 0, 0, 0, 0, 0]",101,40,1050,570,0,0,0,0,0,20,0,0,0,0,1,1,1,2.278021460864693
"[0, 0, 0, 1, 0, 0, 0, 0, 0, 0, 0, 0, 1, 0, 0, 0, 1, 0, 0, 0, 0]",101,40,1050,570,0,0,0,0,0,20,0,0,0,0,1,1,1,2.2764819134026766
"[0, 0, 0, 1, 0, 0, 0, 0, 0, 0, 0, 0, 1, 0, 0, 0, 0, 1, 0, 0, 0]",101,40,1050,570,0,0,0,0,0,20,0,0,0,0,1,1,1,2.2606082898564637
"[0, 0, 0, 1, 0, 0, 0, 0, 0, 0, 0, 0, 1, 0, 0, 0, 0, 0, 1, 0, 0]",98,40,990,570,0,0,0,0,0,20,0,0,0,0,1,1,1,2.272763994988054
"[0, 0, 0, 1, 0, 0, 0, 0, 0, 0, 0, 0, 1, 0, 0, 0, 0, 0, 0, 1, 0]",101,40,1050,570,0,0,0,0,0,20,0,0,0,0,1,1,1,2.2728559989482164
"[0, 0, 0, 1, 0, 0, 0, 0, 0, 0, 0, 0, 1, 0, 0, 0, 0, 0, 0, 0, 1]",101,40,1050,570,0,0,0,0,0,20,0,0,0,0,1,1,1,2.2632726468145847
"[0, 0, 0, 1, 0, 0, 0, 0, 0, 0, 0, 0, 0, 1, 1, 0, 0, 0, 0, 0, 0]",102,40,1070,570,0,0,0,0,0,20,0,0,0,0,1,1,1,0.0020249723456799984
"[0, 0, 0, 1, 0, 0, 0, 0, 0, 0, 0, 0, 0, 1, 0, 1, 0, 0, 0, 0, 0]",102,40,1070,570,0,0,0,0,0,20,0,0,0,0,1,1,1,0.0011134659871459007
"[0, 0, 0, 1, 0, 0, 0, 0, 0, 0, 0, 0, 0, 1, 0, 0, 1, 0, 0, 0, 0]",102,40,1070,570,0,0,0,0,0,20,0,0,0,0,1,1,1,0.0012109503149986267
"[0, 0, 0, 1, 0, 0, 0, 0, 0, 0, 0, 0, 0, 1, 0, 0, 0, 1, 0, 0, 0]",102,40,1070,570,0,0,0,0,0,20,0,0,0,0,1,1,1,0.001229735091328621
"[0, 0, 0, 1, 0, 0, 0, 0, 0, 0, 0, 0, 0, 1, 0, 0, 0, 0, 1, 0, 0]",98,40,990,570,0,0,0,0,0,20,0,0,0,0,1,1,1,0.0012667342089116573
"[0, 0, 0, 1, 0, 0, 0, 0, 0, 0, 0, 0, 0, 1, 0, 0, 0, 0, 0, 1, 0]",102,40,1070,570,0,0,0,0,0,20,0,0,0,0,1,1,1,0.001451592892408371
"[0, 0, 0, 1, 0, 0, 0, 0, 0, 0, 0, 0, 0, 1, 0, 0, 0, 0, 0, 0, 1]",102,40,1070,570,0,0,0,0,0,20,0,0,0,0,1,1,1,0.0031549702398478985
"[0, 0, 0, 1, 0, 0, 0, 0, 0, 0, 0, 0, 0, 0, 1, 1, 0, 0, 0, 0, 0]",102,40,1070,570,0,0,0,0,0,20,0,0,0,0,1,1,1,0.0018360870890319347
"[0, 0, 0, 1, 0, 0, 0, 0, 0, 0, 0, 0, 0, 0, 1, 0, 1, 0, 0, 0, 0]",102,40,1070,570,0,0,0,0,0,20,0,0,0,0,1,1,1,0.0018026637844741344
"[0, 0, 0, 1, 0, 0, 0, 0, 0, 0, 0, 0, 0, 0, 1, 0, 0, 1, 0, 0, 0]",102,40,1070,570,0,0,0,0,0,20,0,0,0,0,1,1,1,0.0017967321909964085
"[0, 0, 0, 1, 0, 0, 0, 0, 0, 0, 0, 0, 0, 0, 1, 0, 0, 0, 1, 0, 0]",98,40,990,570,0,0,0,0,0,20,0,0,0,0,1,1,1,0.001885760109871626
"[0, 0, 0, 1, 0, 0, 0, 0, 0, 0, 0, 0, 0, 0, 1, 0, 0, 0, 0, 1, 0]",102,40,1070,570,0,0,0,0,0,20,0,0,0,0,1,1,1,0.0018279212526977062
"[0, 0, 0, 1, 0, 0, 0, 0, 0, 0, 0, 0, 0, 0, 1, 0, 0, 0, 0, 0, 1]",102,40,1070,570,0,0,0,0,0,20,0,0,0,0,1,1,1,0.0036819721572101116
"[0, 0, 0, 1, 0, 0, 0, 0, 0, 0, 0, 0, 0, 0, 0, 1, 1, 0, 0, 0, 0]",102,40,1070,570,0,0,0,0,0,20,0,0,0,0,1,1,1,0.0009672208689153194
"[0, 0, 0, 1, 0, 0, 0, 0, 0, 0, 0, 0, 0, 0, 0, 1, 0, 1, 0, 0, 0]",102,40,1070,570,0,0,0,0,0,20,0,0,0,0,1,1,1,0.0014764289371669292
"[0, 0, 0, 1, 0, 0, 0, 0, 0, 0, 0, 0, 0, 0, 0, 1, 0, 0, 1, 0, 0]",98,40,990,570,0,0,0,0,0,20,0,0,0,0,1,1,1,0.0011268416419625282
"[0, 0, 0, 1, 0, 0, 0, 0, 0, 0, 0, 0, 0, 0, 0, 1, 0, 0, 0, 1, 0]",102,40,1070,570,0,0,0,0,0,20,0,0,0,0,1,1,1,0.0010740631259977818
"[0, 0, 0, 1, 0, 0, 0, 0, 0, 0, 0, 0, 0, 0, 0, 1, 0, 0, 0, 0, 1]",102,40,1070,570,0,0,0,0,0,20,0,0,0,0,1,1,1,0.0031114579178392887
"[0, 0, 0, 1, 0, 0, 0, 0, 0, 0, 0, 0, 0, 0, 0, 0, 1, 1, 0, 0, 0]",102,40,1070,570,0,0,0,0,0,20,0,0,0,0,1,1,1,0.000927165150642395
"[0, 0, 0, 1, 0, 0, 0, 0, 0, 0, 0, 0, 0, 0, 0, 0, 1, 0, 1, 0, 0]",98,40,990,570,0,0,0,0,0,20,0,0,0,0,1,1,1,0.001080143265426159
"[0, 0, 0, 1, 0, 0, 0, 0, 0, 0, 0, 0, 0, 0, 0, 0, 1, 0, 0, 1, 0]",102,40,1070,570,0,0,0,0,0,20,0,0,0,0,1,1,1,0.0010606362484395504
"[0, 0, 0, 1, 0, 0, 0, 0, 0, 0, 0, 0, 0, 0, 0, 0, 1, 0, 0, 0, 1]",102,40,1070,570,0,0,0,0,0,20,0,0,0,0,1,1,1,0.0030628261156380177
"[0, 0, 0, 1, 0, 0, 0, 0, 0, 0, 0, 0, 0, 0, 0, 0, 0, 1, 1, 0, 0]",98,40,990,570,0,0,0,0,0,20,0,0,0,0,1,1,1,0.0009624720551073551
"[0, 0, 0, 1, 0, 0, 0, 0, 0, 0, 0, 0, 0, 0, 0, 0, 0, 1, 0, 1, 0]",102,40,1070,570,0,0,0,0,0,20,0,0,0,0,1,1,1,0.0010741222649812698
"[0, 0, 0, 1, 0, 0, 0, 0, 0, 0, 0, 0, 0, 0, 0, 0, 0, 1, 0, 0, 1]",102,40,1070,570,0,0,0,0,0,20,0,0,0,0,1,1,1,0.0031049451790750027
"[0, 0, 0, 1, 0, 0, 0, 0, 0, 0, 0, 0, 0, 0, 0, 0, 0, 0, 1, 1, 0]",98,40,990,570,0,0,0,0,0,20,0,0,0,0,1,1,1,0.0009908662177622318
"[0, 0, 0, 1, 0, 0, 0, 0, 0, 0, 0, 0, 0, 0, 0, 0, 0, 0, 1, 0, 1]",98,40,990,570,0,0,0,0,0,20,0,0,0,0,1,1,1,0.0028969240374863148
"[0, 0, 0, 1, 0, 0, 0, 0, 0, 0, 0, 0, 0, 0, 0, 0, 0, 0, 0, 1, 1]",102,40,1070,570,0,0,0,0,0,20,0,0,0,0,1,1,1,0.0029640700668096542
"[0, 0, 0, 0, 1, 1, 1, 0, 0, 0, 0, 0, 0, 0, 0, 0, 0, 0, 0, 0, 0]",28,40,503,0,0,0,0,0,0,20,0,0,0,0,1,1,1,0.015818018931895494
"[0, 0, 0, 0, 1, 1, 0, 1, 0, 0, 0, 0, 0, 0, 0, 0, 0, 0, 0, 0, 0]",28,40,503,0,0,0,0,0,0,20,0,0,0,0,1,1,1,0.013715681154280901
"[0, 0, 0, 0, 1, 1, 0, 0, 1, 0, 0, 0, 0, 0, 0, 0, 0, 0, 0, 0, 0]",24,40,423,0,0,0,0,0,0,20,0,0,0,0,1,1,1,0.013520033098757267
"[0, 0, 0, 0, 1, 1, 0, 0, 0, 1, 0, 0, 0, 0, 0, 0, 0, 0, 0, 0, 0]",28,40,503,0,0,0,0,0,0,20,0,0,0,0,1,1,1,0.013430755119770765
"[0, 0, 0, 0, 1, 1, 0, 0, 0, 0, 1, 0, 0, 0, 0, 0, 0, 0, 0, 0, 0]",28,40,503,0,0,0,0,0,0,20,0,0,0,0,1,1,1,0.01325106667354703
"[0, 0, 0, 0, 1, 1, 0, 0, 0, 0, 0, 1, 0, 0, 0, 0, 0, 0, 0, 0, 0]",28,40,503,0,0,0,0,0,0,20,0,0,0,0,1,1,1,0.013230858836323023
"[0, 0, 0, 0, 1, 1, 0, 0, 0, 0, 0, 0, 1, 0, 0, 0, 0, 0, 0, 0, 0]",27,40,483,0,0,0,0,0,0,20,0,0,0,0,1,1,1,0.22100862301886082
"[0, 0, 0, 0, 1, 1, 0, 0, 0, 0, 0, 0, 0, 1, 0, 0, 0, 0, 0, 0, 0]",28,40,503,0,0,0,0,0,0,20,0,0,0,0,1,1,1,0.01367140794172883
"[0, 0, 0, 0, 1, 1, 0, 0, 0, 0, 0, 0, 0, 0, 1, 0, 0, 0, 0, 0, 0]",28,40,503,0,0,0,0,0,0,20,0,0,0,0,1,1,1,0.013919835910201073
"[0, 0, 0, 0, 1, 1, 0, 0, 0, 0, 0, 0, 0, 0, 0, 1, 0, 0, 0, 0, 0]",28,40,503,0,0,0,0,0,0,20,0,0,0,0,1,1,1,0.013500806875526905
"[0, 0, 0, 0, 1, 1, 0, 0, 0, 0, 0, 0, 0, 0, 0, 0, 1, 0, 0, 0, 0]",28,40,503,0,0,0,0,0,0,20,0,0,0,0,1,1,1,0.013258972205221653
"[0, 0, 0, 0, 1, 1, 0, 0, 0, 0, 0, 0, 0, 0, 0, 0, 0, 1, 0, 0, 0]",28,40,503,0,0,0,0,0,0,20,0,0,0,0,1,1,1,0.01330778282135725
"[0, 0, 0, 0, 1, 1, 0, 0, 0, 0, 0, 0, 0, 0, 0, 0, 0, 0, 1, 0, 0]",24,40,423,0,0,0,0,0,0,20,0,0,0,0,1,1,1,0.013330335263162851
"[0, 0, 0, 0, 1, 1, 0, 0, 0, 0, 0, 0, 0, 0, 0, 0, 0, 0, 0, 1, 0]",28,40,503,0,0,0,0,0,0,20,0,0,0,0,1,1,1,0.013521304819732904
"[0, 0, 0, 0, 1, 1, 0, 0, 0, 0, 0, 0, 0, 0, 0, 0, 0, 0, 0, 0, 1]",28,40,503,0,0,0,0,0,0,20,0,0,0,0,1,1,1,0.01427381206303835
"[0, 0, 0, 0, 1, 0, 1, 1, 0, 0, 0, 0, 0, 0, 0, 0, 0, 0, 0, 0, 0]",28,40,503,0,0,0,0,0,0,20,0,0,0,0,1,1,1,0.01697566919028759
"[0, 0, 0, 0, 1, 0, 1, 0, 1, 0, 0, 0, 0, 0, 0, 0, 0, 0, 0, 0, 0]",24,40,423,0,0,0,0,0,0,20,0,0,0,0,1,1,1,0.017045138869434595
"[0, 0, 0, 0, 1, 0, 1, 0, 0, 1, 0, 0, 0, 0, 0, 0, 0, 0, 0, 0, 0]",28,40,503,0,0,0,0,0,0,20,0,0,0,0,1,1,1,0.016493250150233507
"[0, 0, 0, 0, 1, 0, 1, 0, 0, 0, 1, 0, 0, 0, 0, 0, 0, 0, 0, 0, 0]",28,40,503,0,0,0,0,0,0,20,0,0,0,0,1,1,1,0.016584341879934072
"[0, 0, 0, 0, 1, 0, 1, 0, 0, 0, 0, 1, 0, 0, 0, 0, 0, 0, 0, 0, 0]",28,40,503,0,0,0,0,0,0,20,0,0,0,0,1,1,1,0.016749010886996984
"[0, 0, 0, 0, 1, 0, 1, 0, 0, 0, 0, 0, 1, 0, 0, 0, 0, 0, 0, 0, 0]",27,40,483,0,0,0,0,0,0,20,0,0,0,0,1,1,1,0.22199210384860635
"[0, 0, 0, 0, 1, 0, 1, 0, 0, 0, 0, 0, 0, 1, 0, 0, 0, 0, 0, 0, 0]",28,40,503,0,0,0,0,0,0,20,0,0,0,0,1,1,1,0.01689493702724576
"[0, 0, 0, 0, 1, 0, 1, 0, 0, 0, 0, 0, 0, 0, 1, 0, 0, 0, 0, 0, 0]",28,40,503,0,0,0,0,0,0,20,0,0,0,0,1,1,1,0.01721780374646187
"[0, 0, 0, 0, 1, 0, 1, 0, 0, 0, 0, 0, 0, 0, 0, 1, 0, 0, 0, 0, 0]",28,40,503,0,0,0,0,0,0,20,0,0,0,0,1,1,1,0.01644416805356741
"[0, 0, 0, 0, 1, 0, 1, 0, 0, 0, 0, 0, 0, 0, 0, 0, 1, 0, 0, 0, 0]",28,40,503,0,0,0,0,0,0,20,0,0,0,0,1,1,1,0.01649053581058979
"[0, 0, 0, 0, 1, 0, 1, 0, 0, 0, 0, 0, 0, 0, 0, 0, 0, 1, 0, 0, 0]",28,40,503,0,0,0,0,0,0,20,0,0,0,0,1,1,1,0.016596524976193905
"[0, 0, 0, 0, 1, 0, 1, 0, 0, 0, 0, 0, 0, 0, 0, 0, 0, 0, 1, 0, 0]",24,40,423,0,0,0,0,0,0,20,0,0,0,0,1,1,1,0.01652582176029682
"[0, 0, 0, 0, 1, 0, 1, 0, 0, 0, 0, 0, 0, 0, 0, 0, 0, 0, 0, 1, 0]",28,40,503,0,0,0,0,0,0,20,0,0,0,0,1,1,1,0.016591624822467566
"[0, 0, 0, 0, 1, 0, 1, 0, 0, 0, 0, 0, 0, 0, 0, 0, 0, 0, 0, 0, 1]",28,40,503,0,0,0,0,0,0,20,0,0,0,0,1,1,1,0.017619650810956955
"[0, 0, 0, 0, 1, 0, 0, 1, 1, 0, 0, 0, 0, 0, 0, 0, 0, 0, 0, 0, 0]",98,40,987,570,0,0,0,0,0,20,0,0,0,0,1,1,1,0.00810169242322445
"[0, 0, 0, 0, 1, 0, 0, 1, 0, 1, 0, 0, 0, 0, 0, 0, 0, 0, 0, 0, 0]",102,40,1070,570,0,0,0,0,0,20,0,0,0,0,1,1,1,0.007300653960555792
"[0, 0, 0, 0, 1, 0, 0, 1, 0, 0, 1, 0, 0, 0, 0, 0, 0, 0, 0, 0, 0]",102,40,1070,570,0,0,0,0,0,20,0,0,0,0,1,1,1,0.007422853726893663
"[0, 0, 0, 0, 1, 0, 0, 1, 0, 0, 0, 1, 0, 0, 0, 0, 0, 0, 0, 0, 0]",102,40,1070,570,0,0,0,0,0,20,0,0,0,0,1,1,1,0.007655501831322908
"[0, 0, 0, 0, 1, 0, 0, 1, 0, 0, 0, 0, 1, 0, 0, 0, 0, 0, 0, 0, 0]",101,40,1050,570,0,0,0,0,0,20,0,0,0,0,1,1,1,2.4464524392969906
"[0, 0, 0, 0, 1, 0, 0, 1, 0, 0, 0, 0, 0, 1, 0, 0, 0, 0, 0, 0, 0]",102,40,1070,570,0,0,0,0,0,20,0,0,0,0,1,1,1,0.007793000899255276
"[0, 0, 0, 0, 1, 0, 0, 1, 0, 0, 0, 0, 0, 0, 1, 0, 0, 0, 0, 0, 0]",102,40,1070,570,0,0,0,0,0,20,0,0,0,0,1,1,1,0.008249790873378515
"[0, 0, 0, 0, 1, 0, 0, 1, 0, 0, 0, 0, 0, 0, 0, 1, 0, 0, 0, 0, 0]",102,40,1070,570,0,0,0,0,0,20,0,0,0,0,1,1,1,0.007608664222061634
"[0, 0, 0, 0, 1, 0, 0, 1, 0, 0, 0, 0, 0, 0, 0, 0, 1, 0, 0, 0, 0]",102,40,1070,570,0,0,0,0,0,20,0,0,0,0,1,1,1,0.007318889256566763
"[0, 0, 0, 0, 1, 0, 0, 1, 0, 0, 0, 0, 0, 0, 0, 0, 0, 1, 0, 0, 0]",102,40,1070,570,0,0,0,0,0,20,0,0,0,0,1,1,1,0.007444414775818586
"[0, 0, 0, 0, 1, 0, 0, 1, 0, 0, 0, 0, 0, 0, 0, 0, 0, 0, 1, 0, 0]",98,40,990,570,0,0,0,0,0,20,0,0,0,0,1,1,1,0.007523031905293465
"[0, 0, 0, 0, 1, 0, 0, 1, 0, 0, 0, 0, 0, 0, 0, 0, 0, 0, 0, 1, 0]",102,40,1070,570,0,0,0,0,0,20,0,0,0,0,1,1,1,0.007791959680616856
"[0, 0, 0, 0, 1, 0, 0, 1, 0, 0, 0, 0, 0, 0, 0, 0, 0, 0, 0, 0, 1]",102,40,1070,570,0,0,0,0,0,20,0,0,0,0,1,1,1,0.009351084008812904
"[0, 0, 0, 0, 1, 0, 0, 0, 1, 1, 0, 0, 0, 0, 0, 0, 0, 0, 0, 0, 0]",98,40,987,570,0,0,0,0,0,20,0,0,0,0,1,1,1,0.0066251433454453945
"[0, 0, 0, 0, 1, 0, 0, 0, 1, 0, 1, 0, 0, 0, 0, 0, 0, 0, 0, 0, 0]",98,40,987,570,0,0,0,0,0,20,0,0,0,0,1,1,1,0.006727996282279491
"[0, 0, 0, 0, 1, 0, 0, 0, 1, 0, 0, 1, 0, 0, 0, 0, 0, 0, 0, 0, 0]",98,40,987,570,0,0,0,0,0,20,0,0,0,0,1,1,1,0.006824987940490246
"[0, 0, 0, 0, 1, 0, 0, 0, 1, 0, 0, 0, 1, 0, 0, 0, 0, 0, 0, 0, 0]",97,40,967,570,0,0,0,0,0,20,0,0,0,0,1,1,1,2.2383024129085243
"[0, 0, 0, 0, 1, 0, 0, 0, 1, 0, 0, 0, 0, 1, 0, 0, 0, 0, 0, 0, 0]",98,40,987,570,0,0,0,0,0,20,0,0,0,0,1,1,1,0.006868329830467701
"[0, 0, 0, 0, 1, 0, 0, 0, 1, 0, 0, 0, 0, 0, 1, 0, 0, 0, 0, 0, 0]",98,40,987,570,0,0,0,0,0,20,0,0,0,0,1,1,1,0.00749652273952961
"[0, 0, 0, 0, 1, 0, 0, 0, 1, 0, 0, 0, 0, 0, 0, 1, 0, 0, 0, 0, 0]",98,40,987,570,0,0,0,0,0,20,0,0,0,0,1,1,1,0.006460451986640692
"[0, 0, 0, 0, 1, 0, 0, 0, 1, 0, 0, 0, 0, 0, 0, 0, 1, 0, 0, 0, 0]",98,40,987,570,0,0,0,0,0,20,0,0,0,0,1,1,1,0.006601597648113966
"[0, 0, 0, 0, 1, 0, 0, 0, 1, 0, 0, 0, 0, 0, 0, 0, 0, 1, 0, 0, 0]",98,40,987,570,0,0,0,0,0,20,0,0,0,0,1,1,1,0.006481952965259552
"[0, 0, 0, 0, 1, 0, 0, 0, 1, 0, 0, 0, 0, 0, 0, 0, 0, 0, 1, 0, 0]",94,40,910,570,0,0,0,0,0,20,0,0,0,0,1,1,1,0.006767500191926956
"[0, 0, 0, 0, 1, 0, 0, 0, 1, 0, 0, 0, 0, 0, 0, 0, 0, 0, 0, 1, 0]",98,40,987,570,0,0,0,0,0,20,0,0,0,0,1,1,1,0.006488524843007326
"[0, 0, 0, 0, 1, 0, 0, 0, 1, 0, 0, 0, 0, 0, 0, 0, 0, 0, 0, 0, 1]",98,40,987,570,0,0,0,0,0,20,0,0,0,0,1,1,1,0.008305847179144621
"[0, 0, 0, 0, 1, 0, 0, 0, 0, 1, 1, 0, 0, 0, 0, 0, 0, 0, 0, 0, 0]",102,40,1070,570,0,0,0,0,0,20,0,0,0,0,1,1,1,0.0055273761972785
"[0, 0, 0, 0, 1, 0, 0, 0, 0, 1, 0, 1, 0, 0, 0, 0, 0, 0, 0, 0, 0]",102,40,1070,570,0,0,0,0,0,20,0,0,0,0,1,1,1,0.005783416796475649
"[0, 0, 0, 0, 1, 0, 0, 0, 0, 1, 0, 0, 1, 0, 0, 0, 0, 0, 0, 0, 0]",101,40,1050,570,0,0,0,0,0,20,0,0,0,0,1,1,1,2.306828221306205
"[0, 0, 0, 0, 1, 0, 0, 0, 0, 1, 0, 0, 0, 1, 0, 0, 0, 0, 0, 0, 0]",102,40,1070,570,0,0,0,0,0,20,0,0,0,0,1,1,1,0.005814136005938053
"[0, 0, 0, 0, 1, 0, 0, 0, 0, 1, 0, 0, 0, 0, 1, 0, 0, 0, 0, 0, 0]",102,40,1070,570,0,0,0,0,0,20,0,0,0,0,1,1,1,0.006464529782533646
"[0, 0, 0, 0, 1, 0, 0, 0, 0, 1, 0, 0, 0, 0, 0, 1, 0, 0, 0, 0, 0]",102,40,1070,570,0,0,0,0,0,20,0,0,0,0,1,1,1,0.005378877278417349
"[0, 0, 0, 0, 1, 0, 0, 0, 0, 1, 0, 0, 0, 0, 0, 0, 1, 0, 0, 0, 0]",102,40,1070,570,0,0,0,0,0,20,0,0,0,0,1,1,1,0.005590143613517284
"[0, 0, 0, 0, 1, 0, 0, 0, 0, 1, 0, 0, 0, 0, 0, 0, 0, 1, 0, 0, 0]",102,40,1070,570,0,0,0,0,0,20,0,0,0,0,1,1,1,0.005567462183535099
"[0, 0, 0, 0, 1, 0, 0, 0, 0, 1, 0, 0, 0, 0, 0, 0, 0, 0, 1, 0, 0]",98,40,990,570,0,0,0,0,0,20,0,0,0,0,1,1,1,0.005537944845855236
"[0, 0, 0, 0, 1, 0, 0, 0, 0, 1, 0, 0, 0, 0, 0, 0, 0, 0, 0, 1, 0]",102,40,1070,570,0,0,0,0,0,20,0,0,0,0,1,1,1,0.005553343798965216
"[0, 0, 0, 0, 1, 0, 0, 0, 0, 1, 0, 0, 0, 0, 0, 0, 0, 0, 0, 0, 1]",102,40,1070,570,0,0,0,0,0,20,0,0,0,0,1,1,1,0.007543161045759916
"[0, 0, 0, 0, 1, 0, 0, 0, 0, 0, 1, 1, 0, 0, 0, 0, 0, 0, 0, 0, 0]",102,40,1070,570,0,0,0,0,0,20,0,0,0,0,1,1,1,0.005561419762670994
"[0, 0, 0, 0, 1, 0, 0, 0, 0, 0, 1, 0, 1, 0, 0, 0, 0, 0, 0, 0, 0]",101,40,1050,570,0,0,0,0,0,20,0,0,0,0,1,1,1,2.2961975182406604
"[0, 0, 0, 0, 1, 0, 0, 0, 0, 0, 1, 0, 0, 1, 0, 0, 0, 0, 0, 0, 0]",102,40,1070,570,0,0,0,0,0,20,0,0,0,0,1,1,1,0.005828863941133022
"[0, 0, 0, 0, 1, 0, 0, 0, 0, 0, 1, 0, 0, 0, 1, 0, 0, 0, 0, 0, 0]",102,40,1070,570,0,0,0,0,0,20,0,0,0,0,1,1,1,0.006517189089208841
"[0, 0, 0, 0, 1, 0, 0, 0, 0, 0, 1, 0, 0, 0, 0, 1, 0, 0, 0, 0, 0]",102,40,1070,570,0,0,0,0,0,20,0,0,0,0,1,1,1,0.005494304001331329
"[0, 0, 0, 0, 1, 0, 0, 0, 0, 0, 1, 0, 0, 0, 0, 0, 1, 0, 0, 0, 0]",102,40,1070,570,0,0,0,0,0,20,0,0,0,0,1,1,1,0.005670033860951662
"[0, 0, 0, 0, 1, 0, 0, 0, 0, 0, 1, 0, 0, 0, 0, 0, 0, 1, 0, 0, 0]",102,40,1070,570,0,0,0,0,0,20,0,0,0,0,1,1,1,0.005593310110270977
"[0, 0, 0, 0, 1, 0, 0, 0, 0, 0, 1, 0, 0, 0, 0, 0, 0, 0, 1, 0, 0]",98,40,990,570,0,0,0,0,0,20,0,0,0,0,1,1,1,0.005848319735378027
"[0, 0, 0, 0, 1, 0, 0, 0, 0, 0, 1, 0, 0, 0, 0, 0, 0, 0, 0, 1, 0]",102,40,1070,570,0,0,0,0,0,20,0,0,0,0,1,1,1,0.005616394337266684
"[0, 0, 0, 0, 1, 0, 0, 0, 0, 0, 1, 0, 0, 0, 0, 0, 0, 0, 0, 0, 1]",102,40,1070,570,0,0,0,0,0,20,0,0,0,0,1,1,1,0.007634121924638748
"[0, 0, 0, 0, 1, 0, 0, 0, 0, 0, 0, 1, 1, 0, 0, 0, 0, 0, 0, 0, 0]",101,40,1050,570,0,0,0,0,0,20,0,0,0,0,1,1,1,2.284026574809104
"[0, 0, 0, 0, 1, 0, 0, 0, 0, 0, 0, 1, 0, 1, 0, 0, 0, 0, 0, 0, 0]",102,40,1070,570,0,0,0,0,0,20,0,0,0,0,1,1,1,0.005849451757967472
"[0, 0, 0, 0, 1, 0, 0, 0, 0, 0, 0, 1, 0, 0, 1, 0, 0, 0, 0, 0, 0]",102,40,1070,570,0,0,0,0,0,20,0,0,0,0,1,1,1,0.00644012400880456
"[0, 0, 0, 0, 1, 0, 0, 0, 0, 0, 0, 1, 0, 0, 0, 1, 0, 0, 0, 0, 0]",102,40,1070,570,0,0,0,0,0,20,0,0,0,0,1,1,1,0.005458586849272251
"[0, 0, 0, 0, 1, 0, 0, 0, 0, 0, 0, 1, 0, 0, 0, 0, 1, 0, 0, 0, 0]",102,40,1070,570,0,0,0,0,0,20,0,0,0,0,1,1,1,0.005682367831468582
"[0, 0, 0, 0, 1, 0, 0, 0, 0, 0, 0, 1, 0, 0, 0, 0, 0, 1, 0, 0, 0]",102,40,1070,570,0,0,0,0,0,20,0,0,0,0,1,1,1,0.005803936161100864
"[0, 0, 0, 0, 1, 0, 0, 0, 0, 0, 0, 1, 0, 0, 0, 0, 0, 0, 1, 0, 0]",98,40,990,570,0,0,0,0,0,20,0,0,0,0,1,1,1,0.005544869229197502
"[0, 0, 0, 0, 1, 0, 0, 0, 0, 0, 0, 1, 0, 0, 0, 0, 0, 0, 0, 1, 0]",102,40,1070,570,0,0,0,0,0,20,0,0,0,0,1,1,1,0.005539608653634787
"[0, 0, 0, 0, 1, 0, 0, 0, 0, 0, 0, 1, 0, 0, 0, 0, 0, 0, 0, 0, 1]",102,40,1070,570,0,0,0,0,0,20,0,0,0,0,1,1,1,0.007519175764173269
"[0, 0, 0, 0, 1, 0, 0, 0, 0, 0, 0, 0, 1, 1, 0, 0, 0, 0, 0, 0, 0]",101,40,1050,570,0,0,0,0,0,20,0,0,0,0,1,1,1,2.289604897145182
"[0, 0, 0, 0, 1, 0, 0, 0, 0, 0, 0, 0, 1, 0, 1, 0, 0, 0, 0, 0, 0]",101,40,1050,570,0,0,0,0,0,20,0,0,0,0,1,1,1,2.2802078681997955
"[0, 0, 0, 0, 1, 0, 0, 0, 0, 0, 0, 0, 1, 0, 0, 1, 0, 0, 0, 0, 0]",101,40,1050,570,0,0,0,0,0,20,0,0,0,0,1,1,1,2.2820228952914476
"[0, 0, 0, 0, 1, 0, 0, 0, 0, 0, 0, 0, 1, 0, 0, 0, 1, 0, 0, 0, 0]",101,40,1050,570,0,0,0,0,0,20,0,0,0,0,1,1,1,2.269401576370001
"[0, 0, 0, 0, 1, 0, 0, 0, 0, 0, 0, 0, 1, 0, 0, 0, 0, 1, 0, 0, 0]",101,40,1050,570,0,0,0,0,0,20,0,0,0,0,1,1,1,2.281250542961061
"[0, 0, 0, 0, 1, 0, 0, 0, 0, 0, 0, 0, 1, 0, 0, 0, 0, 0, 1, 0, 0]",98,40,990,570,0,0,0,0,0,20,0,0,0,0,1,1,1,2.292411314789206
"[0, 0, 0, 0, 1, 0, 0, 0, 0, 0, 0, 0, 1, 0, 0, 0, 0, 0, 0, 1, 0]",101,40,1050,570,0,0,0,0,0,20,0,0,0,0,1,1,1,2.2921528802253306
